For Brighton & Hove Albion_Date,For Brighton & Hove Albion_Time,For Brighton & Hove Albion_Comp,For Brighton & Hove Albion_Round,For Brighton & Hove Albion_Day,For Brighton & Hove Albion_Venue,For Brighton & Hove Albion_Result,For Brighton & Hove Albion_GF,For Brighton & Hove Albion_GA,For Brighton & Hove Albion_Opponent,Standard_Gls,Standard_Sh,Standard_SoT,Standard_SoT%,Standard_G/Sh,Standard_G/SoT,Standard_Dist,Standard_FK,Standard_PK,Standard_PKatt,Expected_xG,Expected_npxG,Expected_npxG/Sh,Expected_G-xG,Expected_np:G-xG,Match Report,For Brighton & Hove Albion_Date,For Brighton & Hove Albion_Time,For Brighton & Hove Albion_Comp,For Brighton & Hove Albion_Round,For Brighton & Hove Albion_Day,For Brighton & Hove Albion_Venue,For Brighton & Hove Albion_Result,For Brighton & Hove Albion_GF,For Brighton & Hove Albion_GA,For Brighton & Hove Albion_Opponent,Performance_SoTA,Performance_GA,Performance_Saves,Performance_Save%,Performance_CS,Performance_PSxG,Performance_PSxG+/-,Penalty Kicks_PKatt,Penalty Kicks_PKA,Penalty Kicks_PKsv,Penalty Kicks_PKm,Launched_Cmp,Launched_Att,Launched_Cmp%,Passes_Att (GK),Passes_Thr,Passes_Launch%,Passes_AvgLen,Goal Kicks_Att,Goal Kicks_Launch%,Goal Kicks_AvgLen,Crosses_Opp,Crosses_Stp,Crosses_Stp%,Sweeper_#OPA,Sweeper_AvgDist,Match Report,For Brighton & Hove Albion_Date,For Brighton & Hove Albion_Time,For Brighton & Hove Albion_Comp,For Brighton & Hove Albion_Round,For Brighton & Hove Albion_Day,For Brighton & Hove Albion_Venue,For Brighton & Hove Albion_Result,For Brighton & Hove Albion_GF,For Brighton & Hove Albion_GA,For Brighton & Hove Albion_Opponent,Total_Cmp,Total_Att,Total_Cmp%,Total_TotDist,Total_PrgDist,Short_Cmp,Short_Att,Short_Cmp%,Medium_Cmp,Medium_Att,Medium_Cmp%,Long_Cmp,Long_Att,Long_Cmp%,Ast,xAG,xA,KP,1/3,PPA,CrsPA,PrgP,Match Report,For Brighton & Hove Albion_Date,For Brighton & Hove Albion_Time,For Brighton & Hove Albion_Comp,For Brighton & Hove Albion_Round,For Brighton & Hove Albion_Day,For Brighton & Hove Albion_Venue,For Brighton & Hove Albion_Result,For Brighton & Hove Albion_GF,For Brighton & Hove Albion_GA,For Brighton & Hove Albion_Opponent,For Brighton & Hove Albion_Att,Pass Types_Live,Pass Types_Dead,Pass Types_FK,Pass Types_TB,Pass Types_Sw,Pass Types_Crs,Pass Types_TI,Pass Types_CK,Corner Kicks_In,Corner Kicks_Out,Corner Kicks_Str,Outcomes_Cmp,Outcomes_Off,Outcomes_Blocks,Match Report,For Brighton & Hove Albion_Date,For Brighton & Hove Albion_Time,For Brighton & Hove Albion_Comp,For Brighton & Hove Albion_Round,For Brighton & Hove Albion_Day,For Brighton & Hove Albion_Venue,For Brighton & Hove Albion_Result,For Brighton & Hove Albion_GF,For Brighton & Hove Albion_GA,For Brighton & Hove Albion_Opponent,SCA Types_SCA,SCA Types_PassLive,SCA Types_PassDead,SCA Types_TO,SCA Types_Sh,SCA Types_Fld,SCA Types_Def,GCA Types_GCA,GCA Types_PassLive,GCA Types_PassDead,GCA Types_TO,GCA Types_Sh,GCA Types_Fld,GCA Types_Def,Match Report,For Brighton & Hove Albion_Date,For Brighton & Hove Albion_Time,For Brighton & Hove Albion_Comp,For Brighton & Hove Albion_Round,For Brighton & Hove Albion_Day,For Brighton & Hove Albion_Venue,For Brighton & Hove Albion_Result,For Brighton & Hove Albion_GF,For Brighton & Hove Albion_GA,For Brighton & Hove Albion_Opponent,Tackles_Tkl,Tackles_TklW,Tackles_Def 3rd,Tackles_Mid 3rd,Tackles_Att 3rd,Challenges_Tkl,Challenges_Att,Challenges_Tkl%,Challenges_Lost,Blocks_Blocks,Blocks_Sh,Blocks_Pass,Int,Tkl+Int,Clr,Err,Match Report,For Brighton & Hove Albion_Date,For Brighton & Hove Albion_Time,For Brighton & Hove Albion_Comp,For Brighton & Hove Albion_Round,For Brighton & Hove Albion_Day,For Brighton & Hove Albion_Venue,For Brighton & Hove Albion_Result,For Brighton & Hove Albion_GF,For Brighton & Hove Albion_GA,For Brighton & Hove Albion_Opponent,For Brighton & Hove Albion_Poss,Touches_Touches,Touches_Def Pen,Touches_Def 3rd,Touches_Mid 3rd,Touches_Att 3rd,Touches_Att Pen,Touches_Live,Take-Ons_Att,Take-Ons_Succ,Take-Ons_Succ%,Take-Ons_Tkld,Take-Ons_Tkld%,Carries_Carries,Carries_TotDist,Carries_PrgDist,Carries_PrgC,Carries_1/3,Carries_CPA,Carries_Mis,Carries_Dis,Receiving_Rec,Receiving_PrgR,Match Report,For Brighton & Hove Albion_Date,For Brighton & Hove Albion_Time,For Brighton & Hove Albion_Comp,For Brighton & Hove Albion_Round,For Brighton & Hove Albion_Day,For Brighton & Hove Albion_Venue,For Brighton & Hove Albion_Result,For Brighton & Hove Albion_GF,For Brighton & Hove Albion_GA,For Brighton & Hove Albion_Opponent,Performance_CrdY,Performance_CrdR,Performance_2CrdY,Performance_Fls,Performance_Fld,Performance_Off,Performance_Crs,Performance_Int,Performance_TklW,Performance_PKwon,Performance_PKcon,Performance_OG,Performance_Recov,Aerial Duels_Won,Aerial Duels_Lost,Aerial Duels_Won%,Match Report
2019-08-10,15:00 (07:00),Premier League,Matchweek 1,Sat,Away,W,3,0,Watford,2,5,3,60.0,0.40,0.67,17.7,0,0,0,0.8,0.8,0.17,+1.2,+1.2,Match Report,2019-08-10,15:00 (07:00),Premier League,Matchweek 1,Sat,Away,W,3,0,Watford,3,0,3,100.0,1,0.1,+0.1,0,0,0,0,5,15,33.3,31,8,32.3,31.6,8,62.5,45.4,13,0,0.0,0,6.7,Match Report,2019-08-10,15:00 (07:00),Premier League,Matchweek 1,Sat,Away,W,3,0,Watford,370,484,76.4,7051,2522,155,181,85.6,160,189,84.7,51,87,58.6,2,0.8,0.6,4,21,7,1,30,Match Report,2019-08-10,15:00 (07:00),Premier League,Matchweek 1,Sat,Away,W,3,0,Watford,484,436,45,15,1,8,12,19,2,1,1,0,370,3,14,Match Report,2019-08-10,15:00 (07:00),Premier League,Matchweek 1,Sat,Away,W,3,0,Watford,10,9,0,1,0,0,0,4,3,0,1,0,0,0,Match Report,2019-08-10,15:00 (07:00),Premier League,Matchweek 1,Sat,Away,W,3,0,Watford,24,14,15,7,2,6,15,40.0,9,11,4,7,11,35,25,1,Match Report,2019-08-10,15:00 (07:00),Premier League,Matchweek 1,Sat,Away,W,3,0,Watford,51,597,68,250,248,104,11,597,12,6,50.0,6,50.0,289,1481,745,15,10,2,19,6,364,30,Match Report,2019-08-10,15:00 (07:00),Premier League,Matchweek 1,Sat,Away,W,3,0,Watford,1,0,0,11,14,3,12,11,14,0,0,0,56,18,14,56.3,Match Report
2019-08-17,15:00 (07:00),Premier League,Matchweek 2,Sat,Home,D,1,1,West Ham,1,16,4,25.0,0.06,0.25,16.9,0,0,0,2.0,2.0,0.13,-1.0,-1.0,Match Report,2019-08-17,15:00 (07:00),Premier League,Matchweek 2,Sat,Home,D,1,1,West Ham,3,1,2,66.7,0,1.0,0.0,0,0,0,0,4,5,80.0,25,6,16.0,28.1,7,14.3,21.9,12,0,0.0,0,,Match Report,2019-08-17,15:00 (07:00),Premier League,Matchweek 2,Sat,Home,D,1,1,West Ham,439,560,78.4,8339,2979,188,215,87.4,191,232,82.3,58,92,63.0,0,1.9,1.4,13,32,11,7,37,Match Report,2019-08-17,15:00 (07:00),Premier League,Matchweek 2,Sat,Home,D,1,1,West Ham,560,498,60,13,0,5,25,30,8,5,2,0,439,2,8,Match Report,2019-08-17,15:00 (07:00),Premier League,Matchweek 2,Sat,Home,D,1,1,West Ham,27,18,4,2,2,1,0,2,1,0,1,0,0,0,Match Report,2019-08-17,15:00 (07:00),Premier League,Matchweek 2,Sat,Home,D,1,1,West Ham,20,9,5,13,2,4,23,17.4,19,11,1,10,12,32,17,0,Match Report,2019-08-17,15:00 (07:00),Premier League,Matchweek 2,Sat,Home,D,1,1,West Ham,57,683,58,192,325,172,25,683,16,6,37.5,10,62.5,334,2171,1048,21,12,4,17,12,431,37,Match Report,2019-08-17,15:00 (07:00),Premier League,Matchweek 2,Sat,Home,D,1,1,West Ham,0,0,0,11,10,2,25,12,9,0,0,0,60,31,14,68.9,Match Report
2019-08-24,15:00 (07:00),Premier League,Matchweek 3,Sat,Home,L,0,2,Southampton,0,12,3,25.0,0.00,0.00,15.4,0,0,0,0.8,0.8,0.07,-0.8,-0.8,Match Report,2019-08-24,15:00 (07:00),Premier League,Matchweek 3,Sat,Home,L,0,2,Southampton,4,2,2,50.0,0,1.6,-0.4,0,0,0,0,5,13,38.5,30,7,33.3,29.4,5,60.0,44.6,5,0,0.0,0,,Match Report,2019-08-24,15:00 (07:00),Premier League,Matchweek 3,Sat,Home,L,0,2,Southampton,329,450,73.1,6386,2530,126,148,85.1,165,199,82.9,34,82,41.5,0,0.8,1.0,12,22,7,0,40,Match Report,2019-08-24,15:00 (07:00),Premier League,Matchweek 3,Sat,Home,L,0,2,Southampton,450,393,56,10,1,8,18,30,8,4,3,0,329,1,14,Match Report,2019-08-24,15:00 (07:00),Premier League,Matchweek 3,Sat,Home,L,0,2,Southampton,21,13,4,1,1,2,0,0,0,0,0,0,0,0,Match Report,2019-08-24,15:00 (07:00),Premier League,Matchweek 3,Sat,Home,L,0,2,Southampton,16,10,9,5,2,5,16,31.3,11,7,3,4,15,31,10,0,Match Report,2019-08-24,15:00 (07:00),Premier League,Matchweek 3,Sat,Home,L,0,2,Southampton,51,560,58,195,226,141,30,560,20,11,55.0,9,45.0,274,1567,838,22,16,9,17,10,327,39,Match Report,2019-08-24,15:00 (07:00),Premier League,Matchweek 3,Sat,Home,L,0,2,Southampton,1,1,0,9,10,1,18,15,10,0,0,0,62,24,14,63.2,Match Report
2019-08-27,19:45 (11:45),EFL Cup,Second round,Tue,Away,W,2,1,Bristol Rovers,2,26,8,30.8,0.08,0.25,,,0,0,,,,,,Match Report,2019-08-27,19:45 (11:45),EFL Cup,Second round,Tue,Away,W,2,1,Bristol Rovers,2,1,1,50.0,0,,,0,0,0,0,,,,,,,,,,,,,,,,Match Report,2019-08-27,19:45 (11:45),EFL Cup,Second round,Tue,Away,W,2,1,Bristol Rovers,,,,,,,,,,,,,,,1,,,,,,,,Match Report,2019-08-27,19:45 (11:45),EFL Cup,Second round,Tue,Away,W,2,1,Bristol Rovers,,,,,,,30,,,,,,,,,Match Report,2019-08-27,19:45 (11:45),EFL Cup,Second round,Tue,Away,W,2,1,Bristol Rovers,,,,,,,,,,,,,,,Match Report,2019-08-27,19:45 (11:45),EFL Cup,Second round,Tue,Away,W,2,1,Bristol Rovers,,13,,,,,,,,,,,11,0,,,Match Report,2019-08-27,19:45 (11:45),EFL Cup,Second round,Tue,Away,W,2,1,Bristol Rovers,68,,,,,,,,,,,,,,,,,,,,,,,Match Report,2019-08-27,19:45 (11:45),EFL Cup,Second round,Tue,Away,W,2,1,Bristol Rovers,1,0,0,15,9,5,30,11,13,,,0,,,,,Match Report
2019-08-31,15:00 (07:00),Premier League,Matchweek 4,Sat,Away,L,0,4,Manchester City,0,6,1,16.7,0.00,0.00,14.7,0,0,0,0.9,0.9,0.15,-0.9,-0.9,Match Report,2019-08-31,15:00 (07:00),Premier League,Matchweek 4,Sat,Away,L,0,4,Manchester City,6,4,2,33.3,0,2.2,-1.8,0,0,0,0,3,6,50.0,33,6,18.2,24.3,12,0.0,14.4,11,0,0.0,1,11.3,Match Report,2019-08-31,15:00 (07:00),Premier League,Matchweek 4,Sat,Away,L,0,4,Manchester City,472,557,84.7,8547,2426,190,209,90.9,234,253,92.5,43,75,57.3,0,0.8,0.7,4,22,6,1,33,Match Report,2019-08-31,15:00 (07:00),Premier League,Matchweek 4,Sat,Away,L,0,4,Manchester City,557,511,43,10,1,7,10,15,1,1,0,0,472,3,6,Match Report,2019-08-31,15:00 (07:00),Premier League,Matchweek 4,Sat,Away,L,0,4,Manchester City,11,10,0,0,0,1,0,0,0,0,0,0,0,0,Match Report,2019-08-31,15:00 (07:00),Premier League,Matchweek 4,Sat,Away,L,0,4,Manchester City,18,8,8,7,3,6,12,50.0,6,4,0,4,8,26,15,0,Match Report,2019-08-31,15:00 (07:00),Premier League,Matchweek 4,Sat,Away,L,0,4,Manchester City,47,643,110,303,251,96,17,643,12,8,66.7,4,33.3,364,1869,1043,10,6,4,13,11,471,33,Match Report,2019-08-31,15:00 (07:00),Premier League,Matchweek 4,Sat,Away,L,0,4,Manchester City,1,0,0,6,9,3,10,8,8,0,0,0,46,6,6,50.0,Match Report
2019-09-14,15:00 (07:00),Premier League,Matchweek 5,Sat,Home,D,1,1,Burnley,1,14,5,35.7,0.07,0.20,16.1,0,0,0,1.4,1.4,0.10,-0.4,-0.4,Match Report,2019-09-14,15:00 (07:00),Premier League,Matchweek 5,Sat,Home,D,1,1,Burnley,1,1,0,0.0,0,0.4,-0.6,0,0,0,0,5,16,31.3,25,1,52.0,36.4,8,37.5,33.9,15,1,6.7,0,14.0,Match Report,2019-09-14,15:00 (07:00),Premier League,Matchweek 5,Sat,Home,D,1,1,Burnley,402,543,74.0,7096,2599,187,224,83.5,171,204,83.8,38,85,44.7,1,0.9,1.2,11,29,14,1,71,Match Report,2019-09-14,15:00 (07:00),Premier League,Matchweek 5,Sat,Home,D,1,1,Burnley,543,486,55,9,2,7,16,33,3,1,1,0,402,2,15,Match Report,2019-09-14,15:00 (07:00),Premier League,Matchweek 5,Sat,Home,D,1,1,Burnley,25,21,2,0,2,0,0,2,2,0,0,0,0,0,Match Report,2019-09-14,15:00 (07:00),Premier League,Matchweek 5,Sat,Home,D,1,1,Burnley,21,13,8,12,1,7,12,58.3,5,6,0,6,12,33,22,0,Match Report,2019-09-14,15:00 (07:00),Premier League,Matchweek 5,Sat,Home,D,1,1,Burnley,62,663,49,179,301,188,31,663,13,6,46.2,7,53.8,307,1758,870,18,14,7,20,10,400,69,Match Report,2019-09-14,15:00 (07:00),Premier League,Matchweek 5,Sat,Home,D,1,1,Burnley,0,0,0,13,7,2,16,12,13,0,0,0,61,26,24,52.0,Match Report
2019-09-21,17:30 (09:30),Premier League,Matchweek 6,Sat,Away,D,0,0,Newcastle Utd,0,16,2,12.5,0.00,0.00,18.3,0,0,0,1.4,1.4,0.09,-1.4,-1.4,Match Report,2019-09-21,17:30 (09:30),Premier League,Matchweek 6,Sat,Away,D,0,0,Newcastle Utd,4,0,4,100.0,1,1.4,+1.4,0,0,0,0,6,8,75.0,45,14,15.6,23.3,8,12.5,21.1,15,2,13.3,1,13.0,Match Report,2019-09-21,17:30 (09:30),Premier League,Matchweek 6,Sat,Away,D,0,0,Newcastle Utd,670,773,86.7,11720,3742,310,338,91.7,293,318,92.1,56,83,67.5,0,1.3,1.1,15,49,7,1,61,Match Report,2019-09-21,17:30 (09:30),Premier League,Matchweek 6,Sat,Away,D,0,0,Newcastle Utd,773,725,45,12,1,4,17,21,3,2,1,0,670,3,14,Match Report,2019-09-21,17:30 (09:30),Premier League,Matchweek 6,Sat,Away,D,0,0,Newcastle Utd,30,27,1,1,1,0,0,0,0,0,0,0,0,0,Match Report,2019-09-21,17:30 (09:30),Premier League,Matchweek 6,Sat,Away,D,0,0,Newcastle Utd,14,7,9,4,1,6,17,35.3,11,12,2,10,11,25,16,0,Match Report,2019-09-21,17:30 (09:30),Premier League,Matchweek 6,Sat,Away,D,0,0,Newcastle Utd,71,881,75,216,481,189,27,881,12,6,50.0,6,50.0,509,2816,1423,19,14,9,16,12,668,60,Match Report,2019-09-21,17:30 (09:30),Premier League,Matchweek 6,Sat,Away,D,0,0,Newcastle Utd,1,0,0,8,12,3,17,11,7,0,0,0,48,18,19,48.6,Match Report
2019-09-25,19:45 (11:45),EFL Cup,Third round,Wed,Home,L,1,3,Aston Villa,1,14,6,42.9,0.07,0.17,,,0,0,,,,,,Match Report,2019-09-25,19:45 (11:45),EFL Cup,Third round,Wed,Home,L,1,3,Aston Villa,10,3,7,70.0,0,,,0,0,0,0,,,,,,,,,,,,,,,,Match Report,2019-09-25,19:45 (11:45),EFL Cup,Third round,Wed,Home,L,1,3,Aston Villa,,,,,,,,,,,,,,,1,,,,,,,,Match Report,2019-09-25,19:45 (11:45),EFL Cup,Third round,Wed,Home,L,1,3,Aston Villa,,,,,,,15,,,,,,,,,Match Report,2019-09-25,19:45 (11:45),EFL Cup,Third round,Wed,Home,L,1,3,Aston Villa,,,,,,,,,,,,,,,Match Report,2019-09-25,19:45 (11:45),EFL Cup,Third round,Wed,Home,L,1,3,Aston Villa,,10,,,,,,,,,,,9,0,,,Match Report,2019-09-25,19:45 (11:45),EFL Cup,Third round,Wed,Home,L,1,3,Aston Villa,30,,,,,,,,,,,,,,,,,,,,,,,Match Report,2019-09-25,19:45 (11:45),EFL Cup,Third round,Wed,Home,L,1,3,Aston Villa,2,0,0,7,11,0,15,9,10,,,0,,,,,Match Report
2019-09-28,15:00 (07:00),Premier League,Matchweek 7,Sat,Away,L,0,2,Chelsea,0,8,1,12.5,0.00,0.00,17.4,0,0,0,0.6,0.6,0.07,-0.6,-0.6,Match Report,2019-09-28,15:00 (07:00),Premier League,Matchweek 7,Sat,Away,L,0,2,Chelsea,10,2,8,90.0,0,3.6,+1.6,1,1,0,0,3,10,30.0,43,10,23.3,25.1,5,0.0,12.4,10,1,10.0,0,10.0,Match Report,2019-09-28,15:00 (07:00),Premier League,Matchweek 7,Sat,Away,L,0,2,Chelsea,443,543,81.6,8004,2459,192,216,88.9,200,226,88.5,48,83,57.8,0,0.6,0.4,7,20,3,1,39,Match Report,2019-09-28,15:00 (07:00),Premier League,Matchweek 7,Sat,Away,L,0,2,Chelsea,543,509,32,6,2,10,13,16,2,1,1,0,443,2,6,Match Report,2019-09-28,15:00 (07:00),Premier League,Matchweek 7,Sat,Away,L,0,2,Chelsea,14,10,2,1,1,0,0,0,0,0,0,0,0,0,Match Report,2019-09-28,15:00 (07:00),Premier League,Matchweek 7,Sat,Away,L,0,2,Chelsea,21,12,11,8,2,9,15,60.0,6,12,10,2,14,35,24,2,Match Report,2019-09-28,15:00 (07:00),Premier League,Matchweek 7,Sat,Away,L,0,2,Chelsea,47,670,102,305,268,102,14,670,13,7,53.8,6,46.2,323,1895,943,17,9,3,19,12,435,38,Match Report,2019-09-28,15:00 (07:00),Premier League,Matchweek 7,Sat,Away,L,0,2,Chelsea,3,0,0,13,5,2,13,14,12,0,1,0,55,9,10,47.4,Match Report
2019-10-05,12:30 (04:30),Premier League,Matchweek 8,Sat,Home,W,3,0,Tottenham,3,17,6,35.3,0.18,0.50,17.6,1,0,0,2.4,2.4,0.15,+0.6,+0.6,Match Report,2019-10-05,12:30 (04:30),Premier League,Matchweek 8,Sat,Home,W,3,0,Tottenham,3,0,3,100.0,1,0.3,+0.3,0,0,0,0,7,12,58.3,38,9,26.3,29.8,4,50.0,38.5,13,0,0.0,1,22.0,Match Report,2019-10-05,12:30 (04:30),Premier League,Matchweek 8,Sat,Home,W,3,0,Tottenham,438,541,81.0,7661,2803,222,250,88.8,166,189,87.8,44,73,60.3,1,0.7,1.2,12,38,13,3,54,Match Report,2019-10-05,12:30 (04:30),Premier League,Matchweek 8,Sat,Home,W,3,0,Tottenham,541,503,37,7,2,5,16,21,4,2,1,0,438,1,14,Match Report,2019-10-05,12:30 (04:30),Premier League,Matchweek 8,Sat,Home,W,3,0,Tottenham,33,25,3,1,2,2,0,5,4,0,0,1,0,0,Match Report,2019-10-05,12:30 (04:30),Premier League,Matchweek 8,Sat,Home,W,3,0,Tottenham,22,12,6,11,5,7,19,36.8,12,13,2,11,14,36,19,0,Match Report,2019-10-05,12:30 (04:30),Premier League,Matchweek 8,Sat,Home,W,3,0,Tottenham,48,677,69,180,291,213,27,677,20,10,50.0,10,50.0,338,1919,1038,18,13,6,17,13,437,54,Match Report,2019-10-05,12:30 (04:30),Premier League,Matchweek 8,Sat,Home,W,3,0,Tottenham,2,0,0,11,7,1,16,14,12,0,0,0,66,13,10,56.5,Match Report
2019-10-19,15:00 (07:00),Premier League,Matchweek 9,Sat,Away,L,1,2,Aston Villa,1,20,5,25.0,0.05,0.20,20.3,0,0,0,1.2,1.2,0.06,-0.2,-0.2,Match Report,2019-10-19,15:00 (07:00),Premier League,Matchweek 9,Sat,Away,L,1,2,Aston Villa,8,2,6,75.0,0,2.6,+0.6,0,0,0,0,7,12,58.3,27,8,29.6,29.2,12,33.3,28.1,28,2,7.1,1,12.0,Match Report,2019-10-19,15:00 (07:00),Premier League,Matchweek 9,Sat,Away,L,1,2,Aston Villa,423,512,82.6,7494,2823,179,199,89.9,211,235,89.8,30,62,48.4,1,1.1,1.1,17,26,12,2,53,Match Report,2019-10-19,15:00 (07:00),Premier League,Matchweek 9,Sat,Away,L,1,2,Aston Villa,512,470,42,10,1,2,17,12,5,2,3,0,423,0,7,Match Report,2019-10-19,15:00 (07:00),Premier League,Matchweek 9,Sat,Away,L,1,2,Aston Villa,36,29,2,2,2,1,0,2,0,1,0,0,1,0,Match Report,2019-10-19,15:00 (07:00),Premier League,Matchweek 9,Sat,Away,L,1,2,Aston Villa,11,8,7,3,1,5,25,20.0,20,12,6,6,10,21,29,0,Match Report,2019-10-19,15:00 (07:00),Premier League,Matchweek 9,Sat,Away,L,1,2,Aston Villa,51,626,107,250,223,158,28,626,10,8,80.0,2,20.0,318,2079,1291,29,21,7,9,4,417,51,Match Report,2019-10-19,15:00 (07:00),Premier League,Matchweek 9,Sat,Away,L,1,2,Aston Villa,4,1,1,17,9,0,17,10,8,0,0,0,52,16,8,66.7,Match Report
2019-10-26,15:00 (07:00),Premier League,Matchweek 10,Sat,Home,W,3,2,Everton,2,7,3,42.9,0.14,0.33,20.4,2,1,1,1.2,0.4,0.06,+0.8,+0.6,Match Report,2019-10-26,15:00 (07:00),Premier League,Matchweek 10,Sat,Home,W,3,2,Everton,6,2,5,66.7,0,0.9,-0.1,0,0,0,0,2,4,50.0,45,12,8.9,23.4,7,0.0,11.3,10,0,0.0,1,21.0,Match Report,2019-10-26,15:00 (07:00),Premier League,Matchweek 10,Sat,Home,W,3,2,Everton,466,578,80.6,8470,3084,186,222,83.8,238,261,91.2,37,69,53.6,0,0.2,0.3,5,29,10,2,48,Match Report,2019-10-26,15:00 (07:00),Premier League,Matchweek 10,Sat,Home,W,3,2,Everton,578,532,43,11,1,3,8,22,0,0,0,0,466,3,5,Match Report,2019-10-26,15:00 (07:00),Premier League,Matchweek 10,Sat,Home,W,3,2,Everton,15,12,0,0,0,3,0,4,2,0,0,0,2,0,Match Report,2019-10-26,15:00 (07:00),Premier League,Matchweek 10,Sat,Home,W,3,2,Everton,18,10,5,12,1,11,17,64.7,6,11,2,9,17,35,9,0,Match Report,2019-10-26,15:00 (07:00),Premier League,Matchweek 10,Sat,Home,W,3,2,Everton,55,677,77,258,304,121,16,676,15,10,66.7,5,33.3,352,2030,1093,17,11,6,17,12,465,48,Match Report,2019-10-26,15:00 (07:00),Premier League,Matchweek 10,Sat,Home,W,3,2,Everton,2,0,0,12,12,3,8,17,10,1,0,1,57,8,11,42.1,Match Report
2019-11-02,15:00 (08:00),Premier League,Matchweek 11,Sat,Home,W,2,0,Norwich City,2,21,5,23.8,0.10,0.40,14.8,0,0,0,2.7,2.7,0.13,-0.7,-0.7,Match Report,2019-11-02,15:00 (08:00),Premier League,Matchweek 11,Sat,Home,W,2,0,Norwich City,0,0,0,,1,0.0,0.0,0,0,0,0,3,6,50.0,31,5,16.1,26.1,4,25.0,26.3,3,0,0.0,0,10.5,Match Report,2019-11-02,15:00 (08:00),Premier League,Matchweek 11,Sat,Home,W,2,0,Norwich City,480,582,82.5,9219,3212,185,218,84.9,232,252,92.1,56,87,64.4,2,2.0,1.5,14,35,12,2,55,Match Report,2019-11-02,15:00 (08:00),Premier League,Matchweek 11,Sat,Home,W,2,0,Norwich City,582,540,39,9,0,7,19,17,8,0,6,0,480,3,11,Match Report,2019-11-02,15:00 (08:00),Premier League,Matchweek 11,Sat,Home,W,2,0,Norwich City,35,24,4,5,0,1,1,4,2,1,0,0,1,0,Match Report,2019-11-02,15:00 (08:00),Premier League,Matchweek 11,Sat,Home,W,2,0,Norwich City,19,13,7,7,5,6,23,26.1,17,8,3,5,13,32,6,0,Match Report,2019-11-02,15:00 (08:00),Premier League,Matchweek 11,Sat,Home,W,2,0,Norwich City,58,691,45,173,308,215,42,691,25,20,80.0,5,20.0,367,2227,1051,18,17,6,12,8,477,55,Match Report,2019-11-02,15:00 (08:00),Premier League,Matchweek 11,Sat,Home,W,2,0,Norwich City,0,0,0,11,8,3,19,13,13,0,0,0,65,14,6,70.0,Match Report
2019-11-10,14:00 (06:00),Premier League,Matchweek 12,Sun,Away,L,1,3,Manchester Utd,1,6,2,33.3,0.17,0.50,11.0,0,0,0,0.8,0.8,0.14,+0.2,+0.2,Match Report,2019-11-10,14:00 (06:00),Premier League,Matchweek 12,Sun,Away,L,1,3,Manchester Utd,11,3,8,72.7,0,3.4,+0.4,0,0,0,0,2,4,50.0,38,11,10.5,24.2,8,0.0,18.5,14,2,14.3,0,9.5,Match Report,2019-11-10,14:00 (06:00),Premier League,Matchweek 12,Sun,Away,L,1,3,Manchester Utd,427,538,79.4,8048,2752,165,192,85.9,213,244,87.3,43,72,59.7,1,0.8,0.6,6,24,4,1,40,Match Report,2019-11-10,14:00 (06:00),Premier League,Matchweek 12,Sun,Away,L,1,3,Manchester Utd,538,484,50,10,1,7,14,26,2,1,1,0,427,4,10,Match Report,2019-11-10,14:00 (06:00),Premier League,Matchweek 12,Sun,Away,L,1,3,Manchester Utd,10,4,3,0,1,2,0,1,0,1,0,0,0,0,Match Report,2019-11-10,14:00 (06:00),Premier League,Matchweek 12,Sun,Away,L,1,3,Manchester Utd,28,15,13,13,2,8,26,30.8,18,16,5,11,10,38,14,0,Match Report,2019-11-10,14:00 (06:00),Premier League,Matchweek 12,Sun,Away,L,1,3,Manchester Utd,58,659,85,240,304,121,9,659,16,9,56.3,7,43.8,339,1942,1001,13,8,1,14,17,426,40,Match Report,2019-11-10,14:00 (06:00),Premier League,Matchweek 12,Sun,Away,L,1,3,Manchester Utd,5,0,0,14,10,4,14,10,15,0,0,0,56,14,11,56.0,Match Report
2019-11-23,15:00 (07:00),Premier League,Matchweek 13,Sat,Home,L,0,2,Leicester City,0,7,0,0.0,0.00,,15.1,0,0,0,0.6,0.6,0.08,-0.6,-0.6,Match Report,2019-11-23,15:00 (07:00),Premier League,Matchweek 13,Sat,Home,L,0,2,Leicester City,9,2,7,88.9,0,3.6,+1.6,1,1,0,0,4,7,57.1,25,6,12.0,26.9,7,57.1,39.9,13,1,7.7,1,15.3,Match Report,2019-11-23,15:00 (07:00),Premier League,Matchweek 13,Sat,Home,L,0,2,Leicester City,424,523,81.1,7619,2696,192,214,89.7,184,216,85.2,41,70,58.6,0,0.6,0.8,7,33,12,2,51,Match Report,2019-11-23,15:00 (07:00),Premier League,Matchweek 13,Sat,Home,L,0,2,Leicester City,523,470,51,2,0,8,24,33,6,4,1,0,424,2,11,Match Report,2019-11-23,15:00 (07:00),Premier League,Matchweek 13,Sat,Home,L,0,2,Leicester City,14,13,1,0,0,0,0,0,0,0,0,0,0,0,Match Report,2019-11-23,15:00 (07:00),Premier League,Matchweek 13,Sat,Home,L,0,2,Leicester City,11,7,6,3,2,4,13,30.8,9,9,2,7,7,18,13,0,Match Report,2019-11-23,15:00 (07:00),Premier League,Matchweek 13,Sat,Home,L,0,2,Leicester City,53,628,72,192,247,194,18,628,16,7,43.8,9,56.3,331,1687,857,20,11,4,22,8,424,51,Match Report,2019-11-23,15:00 (07:00),Premier League,Matchweek 13,Sat,Home,L,0,2,Leicester City,2,0,0,9,1,2,24,7,7,0,1,0,48,9,11,45.0,Match Report
2019-11-30,15:00 (07:00),Premier League,Matchweek 14,Sat,Away,L,1,2,Liverpool,1,12,5,41.7,0.08,0.20,21.0,1,0,0,0.8,0.8,0.07,+0.2,+0.2,Match Report,2019-11-30,15:00 (07:00),Premier League,Matchweek 14,Sat,Away,L,1,2,Liverpool,7,2,5,71.4,0,1.3,-0.7,0,0,0,0,2,2,100.0,35,8,2.9,18.9,4,25.0,21.5,10,0,0.0,1,27.0,Match Report,2019-11-30,15:00 (07:00),Premier League,Matchweek 14,Sat,Away,L,1,2,Liverpool,538,655,82.1,9646,3250,244,282,86.5,239,271,88.2,52,74,70.3,0,0.7,0.6,10,35,7,4,56,Match Report,2019-11-30,15:00 (07:00),Premier League,Matchweek 14,Sat,Away,L,1,2,Liverpool,655,605,44,3,1,6,20,29,5,1,3,0,538,6,14,Match Report,2019-11-30,15:00 (07:00),Premier League,Matchweek 14,Sat,Away,L,1,2,Liverpool,21,18,1,0,2,0,0,1,0,0,0,1,0,0,Match Report,2019-11-30,15:00 (07:00),Premier League,Matchweek 14,Sat,Away,L,1,2,Liverpool,11,7,7,4,0,8,16,50.0,8,7,3,4,14,25,21,1,Match Report,2019-11-30,15:00 (07:00),Premier League,Matchweek 14,Sat,Away,L,1,2,Liverpool,56,767,93,259,340,174,9,767,17,11,64.7,6,35.3,420,2445,1243,21,21,2,19,5,535,56,Match Report,2019-11-30,15:00 (07:00),Premier League,Matchweek 14,Sat,Away,L,1,2,Liverpool,0,0,0,10,2,6,20,14,7,0,0,0,58,12,8,60.0,Match Report
2019-12-05,20:15 (12:15),Premier League,Matchweek 15,Thu,Away,W,2,1,Arsenal,2,20,9,45.0,0.10,0.22,14.6,1,0,0,1.7,1.7,0.09,+0.3,+0.3,Match Report,2019-12-05,20:15 (12:15),Premier League,Matchweek 15,Thu,Away,W,2,1,Arsenal,5,1,4,80.0,0,1.7,+0.7,0,0,0,0,8,13,61.5,29,3,37.9,30.8,5,40.0,33.8,18,1,5.6,1,13.0,Match Report,2019-12-05,20:15 (12:15),Premier League,Matchweek 15,Thu,Away,W,2,1,Arsenal,361,453,79.7,6287,2524,161,184,87.5,136,157,86.6,44,73,60.3,1,1.5,0.9,16,27,4,1,32,Match Report,2019-12-05,20:15 (12:15),Premier League,Matchweek 15,Thu,Away,W,2,1,Arsenal,453,405,48,16,0,1,21,16,9,4,4,0,361,0,10,Match Report,2019-12-05,20:15 (12:15),Premier League,Matchweek 15,Thu,Away,W,2,1,Arsenal,34,20,7,0,3,4,0,4,3,1,0,0,0,0,Match Report,2019-12-05,20:15 (12:15),Premier League,Matchweek 15,Thu,Away,W,2,1,Arsenal,11,7,3,7,1,6,21,28.6,15,8,3,5,6,17,25,0,Match Report,2019-12-05,20:15 (12:15),Premier League,Matchweek 15,Thu,Away,W,2,1,Arsenal,50,564,62,174,257,138,28,564,15,7,46.7,8,53.3,291,1761,948,20,15,9,13,11,358,32,Match Report,2019-12-05,20:15 (12:15),Premier League,Matchweek 15,Thu,Away,W,2,1,Arsenal,1,0,0,11,9,0,21,6,7,0,0,0,55,21,11,65.6,Match Report
2019-12-08,16:30 (08:30),Premier League,Matchweek 16,Sun,Home,D,2,2,Wolves,2,13,5,38.5,0.15,0.40,18.0,0,0,0,1.2,1.2,0.10,+0.8,+0.8,Match Report,2019-12-08,16:30 (08:30),Premier League,Matchweek 16,Sun,Home,D,2,2,Wolves,6,2,4,66.7,0,2.3,+0.3,0,0,0,0,7,13,53.8,38,8,34.2,30.3,4,0.0,13.0,8,0,0.0,4,28.3,Match Report,2019-12-08,16:30 (08:30),Premier League,Matchweek 16,Sun,Home,D,2,2,Wolves,505,625,80.8,8999,2951,225,252,89.3,229,265,86.4,47,85,55.3,2,0.4,0.6,7,32,6,1,53,Match Report,2019-12-08,16:30 (08:30),Premier League,Matchweek 16,Sun,Home,D,2,2,Wolves,625,584,40,10,0,2,15,20,3,1,2,0,505,1,13,Match Report,2019-12-08,16:30 (08:30),Premier League,Matchweek 16,Sun,Home,D,2,2,Wolves,19,13,2,1,2,1,0,4,4,0,0,0,0,0,Match Report,2019-12-08,16:30 (08:30),Premier League,Matchweek 16,Sun,Home,D,2,2,Wolves,13,7,4,8,1,5,21,23.8,16,15,5,10,9,22,13,1,Match Report,2019-12-08,16:30 (08:30),Premier League,Matchweek 16,Sun,Home,D,2,2,Wolves,61,718,76,207,365,148,18,718,9,6,66.7,3,33.3,413,2176,1131,12,13,3,12,6,503,53,Match Report,2019-12-08,16:30 (08:30),Premier League,Matchweek 16,Sun,Home,D,2,2,Wolves,3,0,0,10,7,1,15,9,7,0,0,0,59,17,19,47.2,Match Report
2019-12-16,19:45 (11:45),Premier League,Matchweek 17,Mon,Away,D,1,1,Crystal Palace,1,15,10,66.7,0.07,0.10,19.3,0,0,0,2.3,2.3,0.16,-1.3,-1.3,Match Report,2019-12-16,19:45 (11:45),Premier League,Matchweek 17,Mon,Away,D,1,1,Crystal Palace,4,1,3,75.0,0,0.9,-0.1,0,0,0,0,7,9,77.8,25,8,28.0,30.0,5,40.0,34.6,12,1,8.3,0,17.0,Match Report,2019-12-16,19:45 (11:45),Premier League,Matchweek 17,Mon,Away,D,1,1,Crystal Palace,544,671,81.1,9871,3178,242,280,86.4,243,274,88.7,51,84,60.7,1,0.8,0.8,9,47,10,3,56,Match Report,2019-12-16,19:45 (11:45),Premier League,Matchweek 17,Mon,Away,D,1,1,Crystal Palace,671,613,57,7,0,14,33,36,7,2,3,0,544,1,13,Match Report,2019-12-16,19:45 (11:45),Premier League,Matchweek 17,Mon,Away,D,1,1,Crystal Palace,26,15,5,1,3,1,1,2,2,0,0,0,0,0,Match Report,2019-12-16,19:45 (11:45),Premier League,Matchweek 17,Mon,Away,D,1,1,Crystal Palace,16,11,5,10,1,5,15,33.3,10,5,1,4,9,25,14,0,Match Report,2019-12-16,19:45 (11:45),Premier League,Matchweek 17,Mon,Away,D,1,1,Crystal Palace,65,771,57,182,329,267,28,771,14,11,78.6,3,21.4,444,2674,1560,34,30,5,14,11,544,56,Match Report,2019-12-16,19:45 (11:45),Premier League,Matchweek 17,Mon,Away,D,1,1,Crystal Palace,1,0,0,12,6,1,33,9,11,0,0,0,54,10,26,27.8,Match Report
2019-12-21,15:00 (07:00),Premier League,Matchweek 18,Sat,Home,L,0,1,Sheffield Utd,0,9,2,22.2,0.00,0.00,19.4,1,0,0,0.5,0.5,0.05,-0.5,-0.5,Match Report,2019-12-21,15:00 (07:00),Premier League,Matchweek 18,Sat,Home,L,0,1,Sheffield Utd,2,1,1,50.0,0,0.7,-0.3,0,0,0,0,1,4,25.0,39,7,10.3,25.5,8,0.0,18.3,5,0,0.0,0,9.0,Match Report,2019-12-21,15:00 (07:00),Premier League,Matchweek 18,Sat,Home,L,0,1,Sheffield Utd,572,709,80.7,10476,3114,234,263,89.0,278,326,85.3,57,106,53.8,0,0.3,0.6,6,47,8,2,50,Match Report,2019-12-21,15:00 (07:00),Premier League,Matchweek 18,Sat,Home,L,0,1,Sheffield Utd,709,651,56,13,4,4,23,29,4,1,3,0,572,2,5,Match Report,2019-12-21,15:00 (07:00),Premier League,Matchweek 18,Sat,Home,L,0,1,Sheffield Utd,15,12,0,1,1,1,0,0,0,0,0,0,0,0,Match Report,2019-12-21,15:00 (07:00),Premier League,Matchweek 18,Sat,Home,L,0,1,Sheffield Utd,9,8,3,3,3,5,14,35.7,9,5,0,5,5,14,10,2,Match Report,2019-12-21,15:00 (07:00),Premier League,Matchweek 18,Sat,Home,L,0,1,Sheffield Utd,69,800,66,245,353,208,26,800,21,10,47.6,11,52.4,455,2705,1563,23,17,6,14,11,568,50,Match Report,2019-12-21,15:00 (07:00),Premier League,Matchweek 18,Sat,Home,L,0,1,Sheffield Utd,1,0,0,6,9,2,23,5,8,0,0,0,58,28,29,49.1,Match Report
2019-12-26,12:30 (04:30),Premier League,Matchweek 19,Thu,Away,L,1,2,Tottenham,1,11,5,45.5,0.09,0.20,21.5,1,0,0,1.0,1.0,0.09,0.0,0.0,Match Report,2019-12-26,12:30 (04:30),Premier League,Matchweek 19,Thu,Away,L,1,2,Tottenham,5,2,3,60.0,0,1.5,-0.5,0,0,0,0,4,10,40.0,30,7,30.0,30.0,4,25.0,29.0,13,0,0.0,0,7.0,Match Report,2019-12-26,12:30 (04:30),Premier League,Matchweek 19,Thu,Away,L,1,2,Tottenham,357,457,78.1,6543,2447,165,191,86.4,140,176,79.5,48,73,65.8,1,0.8,0.5,7,28,3,1,39,Match Report,2019-12-26,12:30 (04:30),Premier League,Matchweek 19,Thu,Away,L,1,2,Tottenham,457,417,40,14,0,6,17,17,2,1,1,0,357,0,11,Match Report,2019-12-26,12:30 (04:30),Premier League,Matchweek 19,Thu,Away,L,1,2,Tottenham,20,12,2,1,1,4,0,2,0,1,0,0,1,0,Match Report,2019-12-26,12:30 (04:30),Premier League,Matchweek 19,Thu,Away,L,1,2,Tottenham,23,13,10,10,3,12,23,52.2,11,17,3,14,14,37,28,0,Match Report,2019-12-26,12:30 (04:30),Premier League,Matchweek 19,Thu,Away,L,1,2,Tottenham,46,591,63,209,280,109,12,591,23,17,73.9,6,26.1,326,1999,1076,15,8,6,21,13,353,38,Match Report,2019-12-26,12:30 (04:30),Premier League,Matchweek 19,Thu,Away,L,1,2,Tottenham,2,0,0,9,10,0,17,14,13,0,0,0,62,21,9,70.0,Match Report
2019-12-28,12:30 (04:30),Premier League,Matchweek 20,Sat,Home,W,2,0,Bournemouth,2,16,6,37.5,0.13,0.33,20.9,0,0,0,0.8,0.8,0.05,+1.2,+1.2,Match Report,2019-12-28,12:30 (04:30),Premier League,Matchweek 20,Sat,Home,W,2,0,Bournemouth,2,0,2,100.0,1,0.1,+0.1,0,0,0,0,11,17,64.7,23,3,39.1,37.3,9,88.9,55.4,6,0,0.0,0,,Match Report,2019-12-28,12:30 (04:30),Premier League,Matchweek 20,Sat,Home,W,2,0,Bournemouth,437,550,79.5,7951,2826,183,215,85.1,200,225,88.9,43,83,51.8,2,0.7,0.5,14,29,7,0,42,Match Report,2019-12-28,12:30 (04:30),Premier League,Matchweek 20,Sat,Home,W,2,0,Bournemouth,550,494,53,10,3,4,24,24,9,1,7,0,437,3,6,Match Report,2019-12-28,12:30 (04:30),Premier League,Matchweek 20,Sat,Home,W,2,0,Bournemouth,31,25,2,3,1,0,0,4,3,0,1,0,0,0,Match Report,2019-12-28,12:30 (04:30),Premier League,Matchweek 20,Sat,Home,W,2,0,Bournemouth,23,15,10,9,4,7,13,53.8,6,13,5,8,15,38,13,0,Match Report,2019-12-28,12:30 (04:30),Premier League,Matchweek 20,Sat,Home,W,2,0,Bournemouth,55,663,48,200,284,185,20,663,17,11,64.7,6,35.3,424,2109,946,22,18,8,15,12,434,42,Match Report,2019-12-28,12:30 (04:30),Premier League,Matchweek 20,Sat,Home,W,2,0,Bournemouth,0,0,0,9,10,3,24,15,15,0,0,0,53,23,21,52.3,Match Report
2020-01-01,12:30 (04:30),Premier League,Matchweek 21,Wed,Home,D,1,1,Chelsea,1,16,5,31.3,0.06,0.20,16.9,1,0,0,1.3,1.3,0.08,-0.3,-0.3,Match Report,2020-01-01,12:30 (04:30),Premier League,Matchweek 21,Wed,Home,D,1,1,Chelsea,4,1,3,75.0,0,1.0,0.0,0,0,0,0,3,8,37.5,36,4,22.2,28.9,8,0.0,16.5,8,0,0.0,0,,Match Report,2020-01-01,12:30 (04:30),Premier League,Matchweek 21,Wed,Home,D,1,1,Chelsea,409,532,76.9,7765,2981,159,190,83.7,202,242,83.5,46,80,57.5,1,1.0,0.7,11,25,12,1,45,Match Report,2020-01-01,12:30 (04:30),Premier League,Matchweek 21,Wed,Home,D,1,1,Chelsea,532,473,59,17,1,2,17,27,5,2,3,0,409,0,6,Match Report,2020-01-01,12:30 (04:30),Premier League,Matchweek 21,Wed,Home,D,1,1,Chelsea,27,15,4,1,4,3,0,2,1,1,0,0,0,0,Match Report,2020-01-01,12:30 (04:30),Premier League,Matchweek 21,Wed,Home,D,1,1,Chelsea,20,15,5,11,4,7,18,38.9,11,21,8,13,8,28,13,1,Match Report,2020-01-01,12:30 (04:30),Premier League,Matchweek 21,Wed,Home,D,1,1,Chelsea,48,671,78,230,284,165,29,671,17,6,35.3,11,64.7,322,1767,835,16,10,6,29,14,407,44,Match Report,2020-01-01,12:30 (04:30),Premier League,Matchweek 21,Wed,Home,D,1,1,Chelsea,2,0,0,8,15,0,17,8,15,0,0,0,64,23,18,56.1,Match Report
2020-01-04,15:01 (07:01),FA Cup,Third round,Sat,Home,L,0,1,Sheffield Weds,0,8,3,37.5,0.00,0.00,,,0,0,,,,,,Match Report,2020-01-04,15:01 (07:01),FA Cup,Third round,Sat,Home,L,0,1,Sheffield Weds,4,1,3,75.0,0,,,0,0,0,0,,,,,,,,,,,,,,,,Match Report,2020-01-04,15:01 (07:01),FA Cup,Third round,Sat,Home,L,0,1,Sheffield Weds,,,,,,,,,,,,,,,0,,,,,,,,Match Report,2020-01-04,15:01 (07:01),FA Cup,Third round,Sat,Home,L,0,1,Sheffield Weds,,,,,,,12,,,,,,,,,Match Report,2020-01-04,15:01 (07:01),FA Cup,Third round,Sat,Home,L,0,1,Sheffield Weds,,,,,,,,,,,,,,,Match Report,2020-01-04,15:01 (07:01),FA Cup,Third round,Sat,Home,L,0,1,Sheffield Weds,,0,,,,,,,,,,,0,0,,,Match Report,2020-01-04,15:01 (07:01),FA Cup,Third round,Sat,Home,L,0,1,Sheffield Weds,54,,,,,,,,,,,,,,,,,,,,,,,Match Report,2020-01-04,15:01 (07:01),FA Cup,Third round,Sat,Home,L,0,1,Sheffield Weds,1,0,0,13,8,1,12,0,0,,,0,,,,,Match Report
2020-01-11,15:00 (07:00),Premier League,Matchweek 22,Sat,Away,L,0,1,Everton,0,9,2,22.2,0.00,0.00,15.8,0,0,0,1.3,1.3,0.14,-1.3,-1.3,Match Report,2020-01-11,15:00 (07:00),Premier League,Matchweek 22,Sat,Away,L,0,1,Everton,6,1,5,83.3,0,2.1,+1.1,0,0,0,0,8,14,57.1,27,10,37.0,30.8,8,50.0,42.5,22,0,0.0,3,24.8,Match Report,2020-01-11,15:00 (07:00),Premier League,Matchweek 22,Sat,Away,L,0,1,Everton,349,480,72.7,6884,2900,143,174,82.2,151,191,79.1,52,88,59.1,0,0.3,0.6,5,29,6,1,47,Match Report,2020-01-11,15:00 (07:00),Premier League,Matchweek 22,Sat,Away,L,0,1,Everton,480,428,50,9,2,7,14,28,3,1,1,0,349,2,18,Match Report,2020-01-11,15:00 (07:00),Premier League,Matchweek 22,Sat,Away,L,0,1,Everton,18,13,1,3,0,1,0,0,0,0,0,0,0,0,Match Report,2020-01-11,15:00 (07:00),Premier League,Matchweek 22,Sat,Away,L,0,1,Everton,13,6,4,9,0,7,16,43.8,9,12,4,8,10,23,28,0,Match Report,2020-01-11,15:00 (07:00),Premier League,Matchweek 22,Sat,Away,L,0,1,Everton,47,616,83,216,293,112,19,616,23,11,47.8,12,52.2,283,1573,854,15,13,3,16,9,344,47,Match Report,2020-01-11,15:00 (07:00),Premier League,Matchweek 22,Sat,Away,L,0,1,Everton,1,0,0,7,6,2,14,10,6,0,0,0,67,17,15,53.1,Match Report
2020-01-18,15:00 (07:00),Premier League,Matchweek 23,Sat,Home,D,1,1,Aston Villa,1,10,2,20.0,0.10,0.50,13.6,0,0,0,1.1,1.1,0.11,-0.1,-0.1,Match Report,2020-01-18,15:00 (07:00),Premier League,Matchweek 23,Sat,Home,D,1,1,Aston Villa,3,1,2,66.7,0,0.6,-0.4,0,0,0,0,7,12,58.3,31,6,35.5,33.7,9,11.1,21.4,15,2,13.3,1,12.6,Match Report,2020-01-18,15:00 (07:00),Premier League,Matchweek 23,Sat,Home,D,1,1,Aston Villa,425,547,77.7,7629,2752,199,225,88.4,181,211,85.8,40,81,49.4,1,0.8,0.6,8,25,9,0,50,Match Report,2020-01-18,15:00 (07:00),Premier League,Matchweek 23,Sat,Home,D,1,1,Aston Villa,547,487,58,17,0,2,12,27,3,1,1,0,425,2,11,Match Report,2020-01-18,15:00 (07:00),Premier League,Matchweek 23,Sat,Home,D,1,1,Aston Villa,17,12,2,0,2,1,0,2,2,0,0,0,0,0,Match Report,2020-01-18,15:00 (07:00),Premier League,Matchweek 23,Sat,Home,D,1,1,Aston Villa,20,10,9,5,6,7,19,36.8,12,12,0,12,16,36,14,0,Match Report,2020-01-18,15:00 (07:00),Premier League,Matchweek 23,Sat,Home,D,1,1,Aston Villa,55,674,66,230,296,153,34,674,14,11,78.6,3,21.4,363,1964,994,17,11,3,27,17,421,49,Match Report,2020-01-18,15:00 (07:00),Premier League,Matchweek 23,Sat,Home,D,1,1,Aston Villa,3,0,0,11,13,2,12,16,10,0,0,0,61,18,16,52.9,Match Report
2020-01-21,19:30 (11:30),Premier League,Matchweek 24,Tue,Away,L,1,3,Bournemouth,1,21,8,38.1,0.05,0.13,19.4,0,0,0,1.8,1.8,0.09,-0.8,-0.8,Match Report,2020-01-21,19:30 (11:30),Premier League,Matchweek 24,Tue,Away,L,1,3,Bournemouth,3,3,1,0.0,0,1.0,-1.0,0,0,0,0,3,3,100.0,33,4,9.1,24.9,6,0.0,21.2,6,1,16.7,0,9.1,Match Report,2020-01-21,19:30 (11:30),Premier League,Matchweek 24,Tue,Away,L,1,3,Bournemouth,511,628,81.4,10033,2925,177,206,85.9,269,306,87.9,64,92,69.6,0,0.9,0.6,13,33,7,1,69,Match Report,2020-01-21,19:30 (11:30),Premier League,Matchweek 24,Tue,Away,L,1,3,Bournemouth,628,565,62,11,2,5,23,33,8,4,3,0,511,1,16,Match Report,2020-01-21,19:30 (11:30),Premier League,Matchweek 24,Tue,Away,L,1,3,Bournemouth,34,28,1,1,2,1,1,2,1,0,1,0,0,0,Match Report,2020-01-21,19:30 (11:30),Premier League,Matchweek 24,Tue,Away,L,1,3,Bournemouth,16,9,10,5,1,6,10,60.0,4,14,4,10,6,22,15,1,Match Report,2020-01-21,19:30 (11:30),Premier League,Matchweek 24,Tue,Away,L,1,3,Bournemouth,66,749,64,242,336,176,18,749,18,14,77.8,4,22.2,433,2454,1403,22,20,0,24,6,510,69,Match Report,2020-01-21,19:30 (11:30),Premier League,Matchweek 24,Tue,Away,L,1,3,Bournemouth,1,0,0,12,8,1,23,6,9,0,0,1,61,18,18,50.0,Match Report
2020-02-01,15:00 (07:00),Premier League,Matchweek 25,Sat,Away,D,3,3,West Ham,2,19,6,31.6,0.11,0.33,17.7,2,0,0,1.9,1.9,0.10,+0.1,+0.1,Match Report,2020-02-01,15:00 (07:00),Premier League,Matchweek 25,Sat,Away,D,3,3,West Ham,6,3,3,50.0,0,0.4,-2.6,0,0,0,0,3,14,21.4,34,10,23.5,28.8,8,75.0,50.3,20,1,5.0,0,5.5,Match Report,2020-02-01,15:00 (07:00),Premier League,Matchweek 25,Sat,Away,D,3,3,West Ham,545,662,82.3,10002,3490,210,241,87.1,255,284,89.8,63,102,61.8,1,1.5,1.0,12,47,14,5,62,Match Report,2020-02-01,15:00 (07:00),Premier League,Matchweek 25,Sat,Away,D,3,3,West Ham,662,615,46,8,1,3,24,20,6,3,2,0,545,1,4,Match Report,2020-02-01,15:00 (07:00),Premier League,Matchweek 25,Sat,Away,D,3,3,West Ham,35,29,1,1,2,2,0,2,2,0,0,0,0,0,Match Report,2020-02-01,15:00 (07:00),Premier League,Matchweek 25,Sat,Away,D,3,3,West Ham,19,8,9,9,1,10,22,45.5,12,7,3,4,12,31,12,0,Match Report,2020-02-01,15:00 (07:00),Premier League,Matchweek 25,Sat,Away,D,3,3,West Ham,65,767,64,206,405,166,25,767,16,7,43.8,9,56.3,453,2594,1263,18,14,3,11,14,542,62,Match Report,2020-02-01,15:00 (07:00),Premier League,Matchweek 25,Sat,Away,D,3,3,West Ham,1,0,0,9,6,1,24,12,8,0,0,0,50,28,28,50.0,Match Report
2020-02-08,17:30 (09:30),Premier League,Matchweek 26,Sat,Home,D,1,1,Watford,0,10,2,20.0,0.00,0.00,15.9,0,0,0,0.8,0.8,0.08,-0.8,-0.8,Match Report,2020-02-08,17:30 (09:30),Premier League,Matchweek 26,Sat,Home,D,1,1,Watford,2,1,1,50.0,0,0.7,-0.3,0,0,0,0,8,14,57.1,45,9,22.2,27.0,5,80.0,53.6,4,0,0.0,1,38.0,Match Report,2020-02-08,17:30 (09:30),Premier League,Matchweek 26,Sat,Home,D,1,1,Watford,536,664,80.7,10225,3467,202,242,83.5,268,312,85.9,60,91,65.9,0,0.5,0.8,5,49,12,3,62,Match Report,2020-02-08,17:30 (09:30),Premier League,Matchweek 26,Sat,Home,D,1,1,Watford,664,616,46,14,1,6,28,22,3,3,0,0,536,2,4,Match Report,2020-02-08,17:30 (09:30),Premier League,Matchweek 26,Sat,Home,D,1,1,Watford,20,17,1,1,1,0,0,0,0,0,0,0,0,0,Match Report,2020-02-08,17:30 (09:30),Premier League,Matchweek 26,Sat,Home,D,1,1,Watford,13,8,5,6,2,1,7,14.3,6,4,1,3,11,24,9,0,Match Report,2020-02-08,17:30 (09:30),Premier League,Matchweek 26,Sat,Home,D,1,1,Watford,66,767,55,205,339,228,26,767,15,5,33.3,10,66.7,433,2613,1313,24,30,4,17,15,534,62,Match Report,2020-02-08,17:30 (09:30),Premier League,Matchweek 26,Sat,Home,D,1,1,Watford,2,0,0,9,12,2,28,11,8,0,0,0,52,35,19,64.8,Match Report
2020-02-22,15:00 (07:00),Premier League,Matchweek 27,Sat,Away,D,1,1,Sheffield Utd,1,9,2,22.2,0.11,0.50,16.3,0,0,0,1.2,1.2,0.13,-0.2,-0.2,Match Report,2020-02-22,15:00 (07:00),Premier League,Matchweek 27,Sat,Away,D,1,1,Sheffield Utd,3,1,2,66.7,0,1.1,+0.1,0,0,0,0,8,15,53.3,24,8,33.3,33.0,9,77.8,50.7,37,0,0.0,0,4.5,Match Report,2020-02-22,15:00 (07:00),Premier League,Matchweek 27,Sat,Away,D,1,1,Sheffield Utd,222,333,66.7,4292,1945,89,122,73.0,104,132,78.8,28,59,47.5,1,1.1,0.4,8,15,1,0,14,Match Report,2020-02-22,15:00 (07:00),Premier League,Matchweek 27,Sat,Away,D,1,1,Sheffield Utd,333,279,52,7,0,1,6,32,2,1,1,0,222,2,5,Match Report,2020-02-22,15:00 (07:00),Premier League,Matchweek 27,Sat,Away,D,1,1,Sheffield Utd,12,5,3,0,3,1,0,2,1,1,0,0,0,0,Match Report,2020-02-22,15:00 (07:00),Premier League,Matchweek 27,Sat,Away,D,1,1,Sheffield Utd,15,8,9,4,2,6,22,27.3,16,14,4,10,12,27,63,0,Match Report,2020-02-22,15:00 (07:00),Premier League,Matchweek 27,Sat,Away,D,1,1,Sheffield Utd,35,496,94,230,188,86,11,496,15,9,60.0,6,40.0,188,1277,576,7,14,0,24,9,221,14,Match Report,2020-02-22,15:00 (07:00),Premier League,Matchweek 27,Sat,Away,D,1,1,Sheffield Utd,2,0,0,6,4,2,6,12,8,0,0,0,43,23,22,51.1,Match Report
2020-02-29,12:30 (04:30),Premier League,Matchweek 28,Sat,Home,L,0,1,Crystal Palace,0,23,8,34.8,0.00,0.00,17.8,0,0,0,2.2,2.2,0.09,-2.2,-2.2,Match Report,2020-02-29,12:30 (04:30),Premier League,Matchweek 28,Sat,Home,L,0,1,Crystal Palace,3,1,2,66.7,0,1.2,+0.2,0,0,0,0,3,6,50.0,23,6,26.1,27.7,3,0.0,21.7,10,1,10.0,0,14.0,Match Report,2020-02-29,12:30 (04:30),Premier League,Matchweek 28,Sat,Home,L,0,1,Crystal Palace,483,604,80.0,9030,2965,196,240,81.7,223,251,88.8,54,83,65.1,0,1.7,1.0,18,43,10,2,68,Match Report,2020-02-29,12:30 (04:30),Premier League,Matchweek 28,Sat,Home,L,0,1,Crystal Palace,604,552,51,12,0,6,33,26,8,6,2,0,483,1,9,Match Report,2020-02-29,12:30 (04:30),Premier League,Matchweek 28,Sat,Home,L,0,1,Crystal Palace,42,35,4,3,0,0,0,0,0,0,0,0,0,0,Match Report,2020-02-29,12:30 (04:30),Premier League,Matchweek 28,Sat,Home,L,0,1,Crystal Palace,26,15,16,8,2,6,11,54.5,5,12,3,9,10,36,15,1,Match Report,2020-02-29,12:30 (04:30),Premier League,Matchweek 28,Sat,Home,L,0,1,Crystal Palace,65,732,52,185,340,214,32,732,17,12,70.6,5,29.4,419,2415,1259,27,14,5,14,18,483,68,Match Report,2020-02-29,12:30 (04:30),Premier League,Matchweek 28,Sat,Home,L,0,1,Crystal Palace,2,0,0,8,9,1,33,10,15,0,0,0,57,30,18,62.5,Match Report
2020-03-07,15:00 (07:00),Premier League,Matchweek 29,Sat,Away,D,0,0,Wolves,0,7,1,14.3,0.00,0.00,23.9,0,0,0,0.3,0.3,0.04,-0.3,-0.3,Match Report,2020-03-07,15:00 (07:00),Premier League,Matchweek 29,Sat,Away,D,0,0,Wolves,1,0,1,100.0,1,0.0,0.0,0,0,0,0,9,15,60.0,27,5,29.6,28.8,9,77.8,47.1,12,1,8.3,4,17.8,Match Report,2020-03-07,15:00 (07:00),Premier League,Matchweek 29,Sat,Away,D,0,0,Wolves,539,662,81.4,9499,3064,256,288,88.9,226,249,90.8,53,97,54.6,0,0.3,0.5,6,37,4,1,53,Match Report,2020-03-07,15:00 (07:00),Premier League,Matchweek 29,Sat,Away,D,0,0,Wolves,662,615,47,4,1,5,18,33,0,0,0,0,539,0,15,Match Report,2020-03-07,15:00 (07:00),Premier League,Matchweek 29,Sat,Away,D,0,0,Wolves,12,11,0,1,0,0,0,0,0,0,0,0,0,0,Match Report,2020-03-07,15:00 (07:00),Premier League,Matchweek 29,Sat,Away,D,0,0,Wolves,23,13,10,9,4,12,28,42.9,16,13,3,10,11,34,22,0,Match Report,2020-03-07,15:00 (07:00),Premier League,Matchweek 29,Sat,Away,D,0,0,Wolves,57,791,59,204,427,168,12,791,23,10,43.5,13,56.5,438,2345,1113,18,11,6,13,9,537,52,Match Report,2020-03-07,15:00 (07:00),Premier League,Matchweek 29,Sat,Away,D,0,0,Wolves,3,0,0,7,4,0,18,11,13,0,0,0,65,20,20,50.0,Match Report
2020-06-20,15:00 (07:00),Premier League,Matchweek 30,Sat,Home,W,2,1,Arsenal,2,9,5,55.6,0.22,0.40,16.2,0,0,0,1.0,1.0,0.12,+1.0,+1.0,Match Report,2020-06-20,15:00 (07:00),Premier League,Matchweek 30,Sat,Home,W,2,1,Arsenal,6,1,5,83.3,0,1.3,+0.3,0,0,0,0,2,9,22.2,25,5,36.0,31.8,5,0.0,14.6,18,0,0.0,0,,Match Report,2020-06-20,15:00 (07:00),Premier League,Matchweek 30,Sat,Home,W,2,1,Arsenal,282,370,76.2,4674,1576,134,151,88.7,125,149,83.9,18,53,34.0,1,0.5,0.6,6,18,8,1,35,Match Report,2020-06-20,15:00 (07:00),Premier League,Matchweek 30,Sat,Home,W,2,1,Arsenal,370,326,44,12,2,5,25,15,10,3,5,0,282,0,9,Match Report,2020-06-20,15:00 (07:00),Premier League,Matchweek 30,Sat,Home,W,2,1,Arsenal,14,12,1,0,0,0,1,4,3,1,0,0,0,0,Match Report,2020-06-20,15:00 (07:00),Premier League,Matchweek 30,Sat,Home,W,2,1,Arsenal,22,15,14,5,3,12,20,60.0,8,12,4,8,8,30,25,1,Match Report,2020-06-20,15:00 (07:00),Premier League,Matchweek 30,Sat,Home,W,2,1,Arsenal,41,469,77,187,152,134,17,469,9,6,66.7,3,33.3,238,1353,792,19,14,4,11,5,282,35,Match Report,2020-06-20,15:00 (07:00),Premier League,Matchweek 30,Sat,Home,W,2,1,Arsenal,2,0,0,13,8,0,25,8,15,0,0,0,39,7,10,41.2,Match Report
2020-06-23,18:00 (10:00),Premier League,Matchweek 31,Tue,Away,D,0,0,Leicester City,0,9,1,11.1,0.00,0.00,27.6,1,0,1,1.1,0.3,0.03,-1.1,-0.3,Match Report,2020-06-23,18:00 (10:00),Premier League,Matchweek 31,Tue,Away,D,0,0,Leicester City,2,0,2,100.0,1,0.5,+0.5,0,0,0,0,11,22,50.0,23,2,56.5,38.6,11,81.8,52.7,19,0,0.0,0,13.0,Match Report,2020-06-23,18:00 (10:00),Premier League,Matchweek 31,Tue,Away,D,0,0,Leicester City,226,332,68.1,4165,1713,108,131,82.4,85,112,75.9,26,70,37.1,0,0.2,0.2,6,17,1,0,20,Match Report,2020-06-23,18:00 (10:00),Premier League,Matchweek 31,Tue,Away,D,0,0,Leicester City,332,285,47,8,0,3,16,20,7,3,4,0,226,0,7,Match Report,2020-06-23,18:00 (10:00),Premier League,Matchweek 31,Tue,Away,D,0,0,Leicester City,15,8,1,1,2,2,1,0,0,0,0,0,0,0,Match Report,2020-06-23,18:00 (10:00),Premier League,Matchweek 31,Tue,Away,D,0,0,Leicester City,21,14,8,8,5,6,14,42.9,8,11,2,9,10,31,28,0,Match Report,2020-06-23,18:00 (10:00),Premier League,Matchweek 31,Tue,Away,D,0,0,Leicester City,34,452,68,172,182,103,7,451,16,11,68.8,5,31.3,173,1024,544,11,5,2,17,11,223,19,Match Report,2020-06-23,18:00 (10:00),Premier League,Matchweek 31,Tue,Away,D,0,0,Leicester City,2,0,0,13,10,0,16,10,14,1,0,0,51,20,18,52.6,Match Report
2020-06-30,20:15 (12:15),Premier League,Matchweek 32,Tue,Home,L,0,3,Manchester Utd,0,8,2,25.0,0.00,0.00,17.6,0,0,0,0.4,0.4,0.05,-0.4,-0.4,Match Report,2020-06-30,20:15 (12:15),Premier League,Matchweek 32,Tue,Home,L,0,3,Manchester Utd,6,3,3,50.0,0,1.2,-1.8,0,0,0,0,3,8,37.5,30,3,16.7,26.5,6,50.0,40.2,7,0,0.0,1,28.0,Match Report,2020-06-30,20:15 (12:15),Premier League,Matchweek 32,Tue,Home,L,0,3,Manchester Utd,323,411,78.6,5767,1968,134,154,87.0,149,176,84.7,28,53,52.8,0,0.2,0.3,4,20,3,1,31,Match Report,2020-06-30,20:15 (12:15),Premier League,Matchweek 32,Tue,Home,L,0,3,Manchester Utd,411,370,39,11,1,3,17,14,4,2,2,0,323,2,9,Match Report,2020-06-30,20:15 (12:15),Premier League,Matchweek 32,Tue,Home,L,0,3,Manchester Utd,12,9,2,0,0,1,0,0,0,0,0,0,0,0,Match Report,2020-06-30,20:15 (12:15),Premier League,Matchweek 32,Tue,Home,L,0,3,Manchester Utd,13,9,6,7,0,6,14,42.9,8,12,2,10,10,23,16,0,Match Report,2020-06-30,20:15 (12:15),Premier League,Matchweek 32,Tue,Home,L,0,3,Manchester Utd,38,495,57,195,204,99,12,495,14,7,50.0,7,50.0,256,1364,554,9,10,1,9,9,323,31,Match Report,2020-06-30,20:15 (12:15),Premier League,Matchweek 32,Tue,Home,L,0,3,Manchester Utd,0,0,0,10,9,2,17,10,9,0,0,0,48,6,5,54.5,Match Report
For Brighton & Hove Albion,For Brighton & Hove Albion,For Brighton & Hove Albion,For Brighton & Hove Albion,For Brighton & Hove Albion,For Brighton & Hove Albion,For Brighton & Hove Albion,For Brighton & Hove Albion,For Brighton & Hove Albion,For Brighton & Hove Albion,Standard,Standard,Standard,Standard,Standard,Standard,Standard,Standard,Standard,Standard,Expected,Expected,Expected,Expected,Expected,,For Brighton & Hove Albion,For Brighton & Hove Albion,For Brighton & Hove Albion,For Brighton & Hove Albion,For Brighton & Hove Albion,For Brighton & Hove Albion,For Brighton & Hove Albion,For Brighton & Hove Albion,For Brighton & Hove Albion,For Brighton & Hove Albion,Performance,Performance,Performance,Performance,Performance,Performance,Performance,Penalty Kicks,Penalty Kicks,Penalty Kicks,Penalty Kicks,Launched,Launched,Launched,Passes,Passes,Passes,Passes,Goal Kicks,Goal Kicks,Goal Kicks,Crosses,Crosses,Crosses,Sweeper,Sweeper,,For Brighton & Hove Albion,For Brighton & Hove Albion,For Brighton & Hove Albion,For Brighton & Hove Albion,For Brighton & Hove Albion,For Brighton & Hove Albion,For Brighton & Hove Albion,For Brighton & Hove Albion,For Brighton & Hove Albion,For Brighton & Hove Albion,Total,Total,Total,Total,Total,Short,Short,Short,Medium,Medium,Medium,Long,Long,Long,,,,,,,,,,For Brighton & Hove Albion,For Brighton & Hove Albion,For Brighton & Hove Albion,For Brighton & Hove Albion,For Brighton & Hove Albion,For Brighton & Hove Albion,For Brighton & Hove Albion,For Brighton & Hove Albion,For Brighton & Hove Albion,For Brighton & Hove Albion,For Brighton & Hove Albion,Pass Types,Pass Types,Pass Types,Pass Types,Pass Types,Pass Types,Pass Types,Pass Types,Corner Kicks,Corner Kicks,Corner Kicks,Outcomes,Outcomes,Outcomes,,For Brighton & Hove Albion,For Brighton & Hove Albion,For Brighton & Hove Albion,For Brighton & Hove Albion,For Brighton & Hove Albion,For Brighton & Hove Albion,For Brighton & Hove Albion,For Brighton & Hove Albion,For Brighton & Hove Albion,For Brighton & Hove Albion,SCA Types,SCA Types,SCA Types,SCA Types,SCA Types,SCA Types,SCA Types,GCA Types,GCA Types,GCA Types,GCA Types,GCA Types,GCA Types,GCA Types,,For Brighton & Hove Albion,For Brighton & Hove Albion,For Brighton & Hove Albion,For Brighton & Hove Albion,For Brighton & Hove Albion,For Brighton & Hove Albion,For Brighton & Hove Albion,For Brighton & Hove Albion,For Brighton & Hove Albion,For Brighton & Hove Albion,Tackles,Tackles,Tackles,Tackles,Tackles,Challenges,Challenges,Challenges,Challenges,Blocks,Blocks,Blocks,,,,,,For Brighton & Hove Albion,For Brighton & Hove Albion,For Brighton & Hove Albion,For Brighton & Hove Albion,For Brighton & Hove Albion,For Brighton & Hove Albion,For Brighton & Hove Albion,For Brighton & Hove Albion,For Brighton & Hove Albion,For Brighton & Hove Albion,For Brighton & Hove Albion,Touches,Touches,Touches,Touches,Touches,Touches,Touches,Take-Ons,Take-Ons,Take-Ons,Take-Ons,Take-Ons,Carries,Carries,Carries,Carries,Carries,Carries,Carries,Carries,Receiving,Receiving,,For Brighton & Hove Albion,For Brighton & Hove Albion,For Brighton & Hove Albion,For Brighton & Hove Albion,For Brighton & Hove Albion,For Brighton & Hove Albion,For Brighton & Hove Albion,For Brighton & Hove Albion,For Brighton & Hove Albion,For Brighton & Hove Albion,Performance,Performance,Performance,Performance,Performance,Performance,Performance,Performance,Performance,Performance,Performance,Performance,Performance,Aerial Duels,Aerial Duels,Aerial Duels,
Date,Time,Comp,Round,Day,Venue,Result,GF,GA,Opponent,Gls,Sh,SoT,SoT%,G/Sh,G/SoT,Dist,FK,PK,PKatt,xG,npxG,npxG/Sh,G-xG,np:G-xG,Match Report,Date,Time,Comp,Round,Day,Venue,Result,GF,GA,Opponent,SoTA,GA,Saves,Save%,CS,PSxG,PSxG+/-,PKatt,PKA,PKsv,PKm,Cmp,Att,Cmp%,Att (GK),Thr,Launch%,AvgLen,Att,Launch%,AvgLen,Opp,Stp,Stp%,#OPA,AvgDist,Match Report,Date,Time,Comp,Round,Day,Venue,Result,GF,GA,Opponent,Cmp,Att,Cmp%,TotDist,PrgDist,Cmp,Att,Cmp%,Cmp,Att,Cmp%,Cmp,Att,Cmp%,Ast,xAG,xA,KP,1/3,PPA,CrsPA,PrgP,Match Report,Date,Time,Comp,Round,Day,Venue,Result,GF,GA,Opponent,Att,Live,Dead,FK,TB,Sw,Crs,TI,CK,In,Out,Str,Cmp,Off,Blocks,Match Report,Date,Time,Comp,Round,Day,Venue,Result,GF,GA,Opponent,SCA,PassLive,PassDead,TO,Sh,Fld,Def,GCA,PassLive,PassDead,TO,Sh,Fld,Def,Match Report,Date,Time,Comp,Round,Day,Venue,Result,GF,GA,Opponent,Tkl,TklW,Def 3rd,Mid 3rd,Att 3rd,Tkl,Att,Tkl%,Lost,Blocks,Sh,Pass,Int,Tkl+Int,Clr,Err,Match Report,Date,Time,Comp,Round,Day,Venue,Result,GF,GA,Opponent,Poss,Touches,Def Pen,Def 3rd,Mid 3rd,Att 3rd,Att Pen,Live,Att,Succ,Succ%,Tkld,Tkld%,Carries,TotDist,PrgDist,PrgC,1/3,CPA,Mis,Dis,Rec,PrgR,Match Report,Date,Time,Comp,Round,Day,Venue,Result,GF,GA,Opponent,CrdY,CrdR,2CrdY,Fls,Fld,Off,Crs,Int,TklW,PKwon,PKcon,OG,Recov,Won,Lost,Won%,Match Report
2020-07-04,12:30 (04:30),Premier League,Matchweek 33,Sat,Away,W,1,0,Norwich City,1,8,2,25.0,0.13,0.50,16.5,0,0,0,1.0,1.0,0.13,0.0,0.0,Match Report,2020-07-04,12:30 (04:30),Premier League,Matchweek 33,Sat,Away,W,1,0,Norwich City,1,0,1,100.0,1,0.0,0.0,0,0,0,0,7,14,50.0,47,6,21.3,29.5,7,57.1,43.6,10,0,0.0,1,27.0,Match Report,2020-07-04,12:30 (04:30),Premier League,Matchweek 33,Sat,Away,W,1,0,Norwich City,373,461,80.9,6882,2456,144,164,87.8,173,197,87.8,43,74,58.1,1,1.0,0.6,7,23,11,2,37,Match Report,2020-07-04,12:30 (04:30),Premier League,Matchweek 33,Sat,Away,W,1,0,Norwich City,461,414,47,15,0,1,15,22,2,1,1,0,373,0,10,Match Report,2020-07-04,12:30 (04:30),Premier League,Matchweek 33,Sat,Away,W,1,0,Norwich City,16,13,1,0,0,2,0,2,2,0,0,0,0,0,Match Report,2020-07-04,12:30 (04:30),Premier League,Matchweek 33,Sat,Away,W,1,0,Norwich City,11,5,5,5,1,2,11,18.2,9,18,7,11,13,24,18,0,Match Report,2020-07-04,12:30 (04:30),Premier League,Matchweek 33,Sat,Away,W,1,0,Norwich City,42,568,70,232,211,132,15,568,15,6,40.0,9,60.0,372,1976,978,15,11,3,13,5,370,37,Match Report,2020-07-04,12:30 (04:30),Premier League,Matchweek 33,Sat,Away,W,1,0,Norwich City,2,0,0,13,10,0,15,13,5,0,0,0,48,11,11,50.0,Match Report
2020-07-08,20:15 (12:15),Premier League,Matchweek 34,Wed,Home,L,1,3,Liverpool,1,12,2,16.7,0.08,0.50,13.1,0,0,0,2.4,2.4,0.20,-1.4,-1.4,Match Report,2020-07-08,20:15 (12:15),Premier League,Matchweek 34,Wed,Home,L,1,3,Liverpool,8,3,5,62.5,0,2.3,-0.7,0,0,0,0,5,11,45.5,34,9,20.6,30.8,8,50.0,37.3,26,1,3.8,0,9.0,Match Report,2020-07-08,20:15 (12:15),Premier League,Matchweek 34,Wed,Home,L,1,3,Liverpool,324,427,75.9,5933,2377,130,146,89.0,134,159,84.3,45,87,51.7,1,2.0,1.0,10,19,10,2,28,Match Report,2020-07-08,20:15 (12:15),Premier League,Matchweek 34,Wed,Home,L,1,3,Liverpool,427,376,46,15,1,5,19,13,6,2,2,0,324,5,9,Match Report,2020-07-08,20:15 (12:15),Premier League,Matchweek 34,Wed,Home,L,1,3,Liverpool,19,15,2,1,1,0,0,2,2,0,0,0,0,0,Match Report,2020-07-08,20:15 (12:15),Premier League,Matchweek 34,Wed,Home,L,1,3,Liverpool,12,7,6,5,1,8,17,47.1,9,16,7,9,10,22,39,2,Match Report,2020-07-08,20:15 (12:15),Premier League,Matchweek 34,Wed,Home,L,1,3,Liverpool,44,554,99,247,206,107,17,554,12,9,75.0,3,25.0,348,1884,970,16,11,5,16,8,322,27,Match Report,2020-07-08,20:15 (12:15),Premier League,Matchweek 34,Wed,Home,L,1,3,Liverpool,1,0,0,7,15,5,19,10,7,0,0,0,50,12,14,46.2,Match Report
2020-07-11,20:00 (12:00),Premier League,Matchweek 35,Sat,Home,L,0,5,Manchester City,0,3,0,0.0,0.00,,13.3,0,0,0,0.2,0.2,0.05,-0.2,-0.2,Match Report,2020-07-11,20:00 (12:00),Premier League,Matchweek 35,Sat,Home,L,0,5,Manchester City,8,5,3,37.5,0,3.6,-1.4,0,0,0,0,3,6,50.0,26,8,7.7,24.0,11,36.4,30.2,12,0,0.0,2,18.0,Match Report,2020-07-11,20:00 (12:00),Premier League,Matchweek 35,Sat,Home,L,0,5,Manchester City,275,366,75.1,4561,1996,116,136,85.3,102,118,86.4,30,59,50.8,0,0.2,0.3,3,15,6,1,20,Match Report,2020-07-11,20:00 (12:00),Premier League,Matchweek 35,Sat,Home,L,0,5,Manchester City,366,327,33,4,1,2,7,10,2,0,2,0,275,6,8,Match Report,2020-07-11,20:00 (12:00),Premier League,Matchweek 35,Sat,Home,L,0,5,Manchester City,5,3,1,1,0,0,0,0,0,0,0,0,0,0,Match Report,2020-07-11,20:00 (12:00),Premier League,Matchweek 35,Sat,Home,L,0,5,Manchester City,12,7,7,5,0,6,25,24.0,19,12,6,6,17,29,18,1,Match Report,2020-07-11,20:00 (12:00),Premier League,Matchweek 35,Sat,Home,L,0,5,Manchester City,30,454,77,213,175,69,8,454,11,4,36.4,7,63.6,239,1147,533,8,9,1,11,9,273,20,Match Report,2020-07-11,20:00 (12:00),Premier League,Matchweek 35,Sat,Home,L,0,5,Manchester City,1,0,0,7,1,6,7,17,7,0,0,0,50,10,10,50.0,Match Report
2020-07-16,20:15 (12:15),Premier League,Matchweek 36,Thu,Away,D,1,1,Southampton,1,10,2,20.0,0.10,0.50,15.1,0,0,0,0.7,0.7,0.07,+0.3,+0.3,Match Report,2020-07-16,20:15 (12:15),Premier League,Matchweek 36,Thu,Away,D,1,1,Southampton,5,1,4,80.0,0,2.0,+1.0,0,0,0,0,11,27,40.7,26,2,73.1,48.4,8,100.0,60.3,16,0,0.0,0,5.0,Match Report,2020-07-16,20:15 (12:15),Premier League,Matchweek 36,Thu,Away,D,1,1,Southampton,185,314,58.9,3979,1762,67,99,67.7,77,119,64.7,33,74,44.6,1,0.4,0.6,5,23,6,2,23,Match Report,2020-07-16,20:15 (12:15),Premier League,Matchweek 36,Thu,Away,D,1,1,Southampton,314,275,37,7,0,8,11,18,2,2,0,0,185,2,4,Match Report,2020-07-16,20:15 (12:15),Premier League,Matchweek 36,Thu,Away,D,1,1,Southampton,15,12,1,0,2,0,0,2,1,1,0,0,0,0,Match Report,2020-07-16,20:15 (12:15),Premier League,Matchweek 36,Thu,Away,D,1,1,Southampton,18,13,13,4,1,8,18,44.4,10,17,9,8,12,30,21,0,Match Report,2020-07-16,20:15 (12:15),Premier League,Matchweek 36,Thu,Away,D,1,1,Southampton,33,429,77,199,155,79,20,429,14,9,64.3,5,35.7,179,980,450,9,4,2,22,10,184,23,Match Report,2020-07-16,20:15 (12:15),Premier League,Matchweek 36,Thu,Away,D,1,1,Southampton,0,0,0,10,5,2,11,12,13,0,0,0,45,25,19,56.8,Match Report
2020-07-20,18:00 (10:00),Premier League,Matchweek 37,Mon,Home,D,0,0,Newcastle Utd,0,11,3,27.3,0.00,0.00,17.9,0,0,0,0.8,0.8,0.07,-0.8,-0.8,Match Report,2020-07-20,18:00 (10:00),Premier League,Matchweek 37,Mon,Home,D,0,0,Newcastle Utd,1,0,1,100.0,1,0.4,+0.4,0,0,0,0,3,7,42.9,31,7,19.4,26.2,7,14.3,21.1,20,0,0.0,1,25.0,Match Report,2020-07-20,18:00 (10:00),Premier League,Matchweek 37,Mon,Home,D,0,0,Newcastle Utd,498,582,85.6,8503,2633,225,243,92.6,205,228,89.9,50,79,63.3,0,0.7,0.7,9,38,5,1,42,Match Report,2020-07-20,18:00 (10:00),Premier League,Matchweek 37,Mon,Home,D,0,0,Newcastle Utd,582,542,39,13,0,8,23,9,9,4,4,0,498,1,8,Match Report,2020-07-20,18:00 (10:00),Premier League,Matchweek 37,Mon,Home,D,0,0,Newcastle Utd,21,15,2,2,0,2,0,0,0,0,0,0,0,0,Match Report,2020-07-20,18:00 (10:00),Premier League,Matchweek 37,Mon,Home,D,0,0,Newcastle Utd,12,7,4,7,1,3,13,23.1,10,18,7,11,10,22,21,0,Match Report,2020-07-20,18:00 (10:00),Premier League,Matchweek 37,Mon,Home,D,0,0,Newcastle Utd,61,692,66,189,359,144,17,692,8,6,75.0,2,25.0,431,2327,1094,16,9,4,15,13,491,41,Match Report,2020-07-20,18:00 (10:00),Premier League,Matchweek 37,Mon,Home,D,0,0,Newcastle Utd,4,0,0,13,12,1,23,10,7,0,0,0,38,14,14,50.0,Match Report
2020-07-26,16:00 (08:00),Premier League,Matchweek 38,Sun,Away,W,2,1,Burnley,2,15,4,26.7,0.13,0.50,18.5,0,0,0,1.2,1.2,0.08,+0.8,+0.8,Match Report,2020-07-26,16:00 (08:00),Premier League,Matchweek 38,Sun,Away,W,2,1,Burnley,1,1,0,0.0,0,1.0,0.0,0,0,0,0,14,21,66.7,24,4,54.2,44.5,12,66.7,43.3,30,2,6.7,0,5.5,Match Report,2020-07-26,16:00 (08:00),Premier League,Matchweek 38,Sun,Away,W,2,1,Burnley,279,377,74.0,5417,2596,135,158,85.4,87,117,74.4,47,83,56.6,1,1.0,0.4,11,23,6,2,29,Match Report,2020-07-26,16:00 (08:00),Premier League,Matchweek 38,Sun,Away,W,2,1,Burnley,377,323,52,13,0,10,19,18,7,5,1,0,279,2,6,Match Report,2020-07-26,16:00 (08:00),Premier League,Matchweek 38,Sun,Away,W,2,1,Burnley,23,17,0,2,4,0,0,4,3,0,1,0,0,0,Match Report,2020-07-26,16:00 (08:00),Premier League,Matchweek 38,Sun,Away,W,2,1,Burnley,6,4,4,1,1,0,1,0.0,1,10,3,7,7,13,30,1,Match Report,2020-07-26,16:00 (08:00),Premier League,Matchweek 38,Sun,Away,W,2,1,Burnley,45,482,75,183,187,115,15,482,11,5,45.5,6,54.5,288,1583,665,18,8,6,17,14,278,29,Match Report,2020-07-26,16:00 (08:00),Premier League,Matchweek 38,Sun,Away,W,2,1,Burnley,0,0,0,11,11,2,19,7,4,0,0,0,45,35,21,62.5,Match Report
,,,,,,--,,,,38,508,156,30.7,0.07,0.24,17.6,11,1,2,,,0.10,+38.0,+37.0,,,,,,,,--,,,,184,59,127,69.0,9,50.2,-1.8,2,2,0,0,207,412,50.2,1201,255,25.3,29.0,274,39.4,33.4,526,20,3.8,26,13.7,,,,,,,,--,,,,15881,20056,79.2,290667,102483,6755,7803,86.6,7139,8265,86.4,1701,3003,56.6,26,,,343,1124,294,62,1675,,,,,,,,--,,,,20056,18194,1791,394,34,200,746,853,178,78,78,0,15881,71,365,,,,,,,,--,,,,804,599,73,39,48,40,5,65,44,9,5,2,5,0,,,,,,,,--,,,,641,402,295,269,77,245,642,38.2,397,437,137,300,439,1060,750,15,,,,,,,,--,,,,,24387,2721,8174,10724,5693,770,24385,584,335,57.4,249,42.6,13074,73950,37898,669,502,165,626,399,15782,1661,,,,,,,,--,,,,63,2,1,421,353,77,746,439,402,2,2,2,2065,690,577,54.5,
