For Schalke 04_Date,For Schalke 04_Time,For Schalke 04_Comp,For Schalke 04_Round,For Schalke 04_Day,For Schalke 04_Venue,For Schalke 04_Result,For Schalke 04_GF,For Schalke 04_GA,For Schalke 04_Opponent,Standard_Gls,Standard_Sh,Standard_SoT,Standard_SoT%,Standard_G/Sh,Standard_G/SoT,Standard_Dist,Standard_FK,Standard_PK,Standard_PKatt,Expected_xG,Expected_npxG,Expected_npxG/Sh,Expected_G-xG,Expected_np:G-xG,Match Report,For Schalke 04_Date,For Schalke 04_Time,For Schalke 04_Comp,For Schalke 04_Round,For Schalke 04_Day,For Schalke 04_Venue,For Schalke 04_Result,For Schalke 04_GF,For Schalke 04_GA,For Schalke 04_Opponent,Performance_SoTA,Performance_GA,Performance_Saves,Performance_Save%,Performance_CS,Performance_PSxG,Performance_PSxG+/-,Penalty Kicks_PKatt,Penalty Kicks_PKA,Penalty Kicks_PKsv,Penalty Kicks_PKm,Launched_Cmp,Launched_Att,Launched_Cmp%,Passes_Att (GK),Passes_Thr,Passes_Launch%,Passes_AvgLen,Goal Kicks_Att,Goal Kicks_Launch%,Goal Kicks_AvgLen,Crosses_Opp,Crosses_Stp,Crosses_Stp%,Sweeper_#OPA,Sweeper_AvgDist,Match Report,For Schalke 04_Date,For Schalke 04_Time,For Schalke 04_Comp,For Schalke 04_Round,For Schalke 04_Day,For Schalke 04_Venue,For Schalke 04_Result,For Schalke 04_GF,For Schalke 04_GA,For Schalke 04_Opponent,Total_Cmp,Total_Att,Total_Cmp%,Total_TotDist,Total_PrgDist,Short_Cmp,Short_Att,Short_Cmp%,Medium_Cmp,Medium_Att,Medium_Cmp%,Long_Cmp,Long_Att,Long_Cmp%,Ast,xAG,xA,KP,1/3,PPA,CrsPA,PrgP,Match Report,For Schalke 04_Date,For Schalke 04_Time,For Schalke 04_Comp,For Schalke 04_Round,For Schalke 04_Day,For Schalke 04_Venue,For Schalke 04_Result,For Schalke 04_GF,For Schalke 04_GA,For Schalke 04_Opponent,For Schalke 04_Att,Pass Types_Live,Pass Types_Dead,Pass Types_FK,Pass Types_TB,Pass Types_Sw,Pass Types_Crs,Pass Types_TI,Pass Types_CK,Corner Kicks_In,Corner Kicks_Out,Corner Kicks_Str,Outcomes_Cmp,Outcomes_Off,Outcomes_Blocks,Match Report,For Schalke 04_Date,For Schalke 04_Time,For Schalke 04_Comp,For Schalke 04_Round,For Schalke 04_Day,For Schalke 04_Venue,For Schalke 04_Result,For Schalke 04_GF,For Schalke 04_GA,For Schalke 04_Opponent,SCA Types_SCA,SCA Types_PassLive,SCA Types_PassDead,SCA Types_TO,SCA Types_Sh,SCA Types_Fld,SCA Types_Def,GCA Types_GCA,GCA Types_PassLive,GCA Types_PassDead,GCA Types_TO,GCA Types_Sh,GCA Types_Fld,GCA Types_Def,Match Report,For Schalke 04_Date,For Schalke 04_Time,For Schalke 04_Comp,For Schalke 04_Round,For Schalke 04_Day,For Schalke 04_Venue,For Schalke 04_Result,For Schalke 04_GF,For Schalke 04_GA,For Schalke 04_Opponent,Tackles_Tkl,Tackles_TklW,Tackles_Def 3rd,Tackles_Mid 3rd,Tackles_Att 3rd,Challenges_Tkl,Challenges_Att,Challenges_Tkl%,Challenges_Lost,Blocks_Blocks,Blocks_Sh,Blocks_Pass,Int,Tkl+Int,Clr,Err,Match Report,For Schalke 04_Date,For Schalke 04_Time,For Schalke 04_Comp,For Schalke 04_Round,For Schalke 04_Day,For Schalke 04_Venue,For Schalke 04_Result,For Schalke 04_GF,For Schalke 04_GA,For Schalke 04_Opponent,For Schalke 04_Poss,Touches_Touches,Touches_Def Pen,Touches_Def 3rd,Touches_Mid 3rd,Touches_Att 3rd,Touches_Att Pen,Touches_Live,Take-Ons_Att,Take-Ons_Succ,Take-Ons_Succ%,Take-Ons_Tkld,Take-Ons_Tkld%,Carries_Carries,Carries_TotDist,Carries_PrgDist,Carries_PrgC,Carries_1/3,Carries_CPA,Carries_Mis,Carries_Dis,Receiving_Rec,Receiving_PrgR,Match Report,For Schalke 04_Date,For Schalke 04_Time,For Schalke 04_Comp,For Schalke 04_Round,For Schalke 04_Day,For Schalke 04_Venue,For Schalke 04_Result,For Schalke 04_GF,For Schalke 04_GA,For Schalke 04_Opponent,Performance_CrdY,Performance_CrdR,Performance_2CrdY,Performance_Fls,Performance_Fld,Performance_Off,Performance_Crs,Performance_Int,Performance_TklW,Performance_PKwon,Performance_PKcon,Performance_OG,Performance_Recov,Aerial Duels_Won,Aerial Duels_Lost,Aerial Duels_Won%,Match Report
2020-09-18,20:30 (11:30),Bundesliga,Matchweek 1,Fri,Away,L,0.0,8.0,Bayern Munich,0,5,1,20.0,0.0,0.0,20.5,0.0,0,0,0.2,0.2,0.04,-0.2,-0.2,Match Report,2020-09-18,20:30 (11:30),Bundesliga,Matchweek 1,Fri,Away,L,0.0,8.0,Bayern Munich,11,8,3,36.4,0,4.9,-3.1,1,1,0,0,4.0,23.0,17.4,32.0,5.0,53.1,39.6,10.0,60.0,43.4,14.0,0.0,0.0,0.0,5.0,Match Report,2020-09-18,20:30 (11:30),Bundesliga,Matchweek 1,Fri,Away,L,0.0,8.0,Bayern Munich,287.0,389.0,73.8,5092.0,1930.0,129.0,150.0,86.0,135.0,157.0,86.0,21.0,67.0,31.3,0,0.1,0.4,2.0,16.0,6.0,0.0,25.0,Match Report,2020-09-18,20:30 (11:30),Bundesliga,Matchweek 1,Fri,Away,L,0.0,8.0,Bayern Munich,389.0,336.0,50.0,14.0,3.0,1.0,5,15.0,2.0,0.0,2.0,0.0,287.0,3.0,9.0,Match Report,2020-09-18,20:30 (11:30),Bundesliga,Matchweek 1,Fri,Away,L,0.0,8.0,Bayern Munich,7.0,6.0,0.0,0.0,1.0,0.0,0.0,0.0,0.0,0.0,0.0,0.0,0.0,0.0,Match Report,2020-09-18,20:30 (11:30),Bundesliga,Matchweek 1,Fri,Away,L,0.0,8.0,Bayern Munich,20.0,11,11.0,7.0,2.0,8.0,14.0,57.1,6.0,14.0,4.0,10.0,11,31,16.0,1.0,Match Report,2020-09-18,20:30 (11:30),Bundesliga,Matchweek 1,Fri,Away,L,0.0,8.0,Bayern Munich,37.0,488.0,91.0,244.0,166.0,81.0,9.0,488.0,17.0,9.0,52.9,8.0,47.1,264.0,1172.0,540.0,9.0,6.0,0.0,7.0,6.0,286.0,25.0,Match Report,2020-09-18,20:30 (11:30),Bundesliga,Matchweek 1,Fri,Away,L,0.0,8.0,Bayern Munich,2,0,0,12,11,3,5,11,11,0.0,1.0,0,50.0,6.0,8.0,42.9,Match Report
2020-09-26,18:30 (09:30),Bundesliga,Matchweek 2,Sat,Home,L,1.0,3.0,Werder Bremen,1,18,4,22.2,0.06,0.25,18.9,0.0,0,0,1.6,1.6,0.11,-0.6,-0.6,Match Report,2020-09-26,18:30 (09:30),Bundesliga,Matchweek 2,Sat,Home,L,1.0,3.0,Werder Bremen,7,3,4,71.4,0,2.4,-0.6,1,1,0,0,3.0,9.0,33.3,32.0,6.0,21.9,27.0,7.0,28.6,31.7,14.0,0.0,0.0,4.0,20.0,Match Report,2020-09-26,18:30 (09:30),Bundesliga,Matchweek 2,Sat,Home,L,1.0,3.0,Werder Bremen,420.0,564.0,74.5,7258.0,2916.0,192.0,227.0,84.6,156.0,194.0,80.4,50.0,86.0,58.1,0,1.5,0.7,11.0,25.0,5.0,3.0,32.0,Match Report,2020-09-26,18:30 (09:30),Bundesliga,Matchweek 2,Sat,Home,L,1.0,3.0,Werder Bremen,564.0,497.0,65.0,16.0,0.0,7.0,24,30.0,8.0,4.0,3.0,0.0,420.0,2.0,16.0,Match Report,2020-09-26,18:30 (09:30),Bundesliga,Matchweek 2,Sat,Home,L,1.0,3.0,Werder Bremen,30.0,15.0,7.0,1.0,6.0,1.0,0.0,2.0,1.0,0.0,1.0,0.0,0.0,0.0,Match Report,2020-09-26,18:30 (09:30),Bundesliga,Matchweek 2,Sat,Home,L,1.0,3.0,Werder Bremen,10.0,7,3.0,5.0,2.0,3.0,9.0,33.3,6.0,14.0,4.0,10.0,8,18,18.0,0.0,Match Report,2020-09-26,18:30 (09:30),Bundesliga,Matchweek 2,Sat,Home,L,1.0,3.0,Werder Bremen,65.0,690.0,58.0,245.0,323.0,129.0,16.0,690.0,15.0,9.0,60.0,6.0,40.0,384.0,1647.0,751.0,13.0,13.0,2.0,20.0,15.0,418.0,32.0,Match Report,2020-09-26,18:30 (09:30),Bundesliga,Matchweek 2,Sat,Home,L,1.0,3.0,Werder Bremen,7,1,1,20,13,2,24,8,7,0.0,1.0,0,50.0,25.0,22.0,53.2,Match Report
2020-10-03,18:30 (09:30),Bundesliga,Matchweek 3,Sat,Away,L,0.0,4.0,RB Leipzig,0,5,1,20.0,0.0,0.0,23.7,0.0,0,0,0.2,0.2,0.03,-0.2,-0.2,Match Report,2020-10-03,18:30 (09:30),Bundesliga,Matchweek 3,Sat,Away,L,0.0,4.0,RB Leipzig,7,4,4,57.1,0,3.4,0.4,1,1,0,0,7.0,18.0,38.9,31.0,5.0,38.7,34.1,12.0,50.0,35.8,17.0,0.0,0.0,0.0,6.5,Match Report,2020-10-03,18:30 (09:30),Bundesliga,Matchweek 3,Sat,Away,L,0.0,4.0,RB Leipzig,249.0,336.0,74.1,4445.0,1730.0,105.0,131.0,80.2,113.0,129.0,87.6,24.0,59.0,40.7,0,0.1,0.0,2.0,4.0,0.0,0.0,12.0,Match Report,2020-10-03,18:30 (09:30),Bundesliga,Matchweek 3,Sat,Away,L,0.0,4.0,RB Leipzig,336.0,282.0,53.0,17.0,0.0,1.0,2,19.0,1.0,0.0,1.0,0.0,249.0,1.0,5.0,Match Report,2020-10-03,18:30 (09:30),Bundesliga,Matchweek 3,Sat,Away,L,0.0,4.0,RB Leipzig,7.0,5.0,0.0,1.0,1.0,0.0,0.0,0.0,0.0,0.0,0.0,0.0,0.0,0.0,Match Report,2020-10-03,18:30 (09:30),Bundesliga,Matchweek 3,Sat,Away,L,0.0,4.0,RB Leipzig,13.0,9,6.0,7.0,0.0,3.0,16.0,18.8,13.0,14.0,4.0,10.0,14,27,20.0,0.0,Match Report,2020-10-03,18:30 (09:30),Bundesliga,Matchweek 3,Sat,Away,L,0.0,4.0,RB Leipzig,33.0,445.0,82.0,211.0,223.0,17.0,1.0,445.0,16.0,9.0,56.3,7.0,43.8,187.0,1003.0,354.0,4.0,3.0,1.0,15.0,12.0,247.0,12.0,Match Report,2020-10-03,18:30 (09:30),Bundesliga,Matchweek 3,Sat,Away,L,0.0,4.0,RB Leipzig,3,0,0,10,14,1,2,14,9,0.0,1.0,1,38.0,11.0,18.0,37.9,Match Report
2020-10-18,18:00 (09:00),Bundesliga,Matchweek 4,Sun,Home,D,1.0,1.0,Union Berlin,1,8,4,50.0,0.13,0.25,18.7,0.0,0,0,0.4,0.4,0.04,0.6,0.6,Match Report,2020-10-18,18:00 (09:00),Bundesliga,Matchweek 4,Sun,Home,D,1.0,1.0,Union Berlin,6,1,5,83.3,0,1.6,0.6,0,0,0,0,5.0,13.0,38.5,28.0,6.0,21.4,28.1,11.0,63.6,47.7,14.0,0.0,0.0,0.0,,Match Report,2020-10-18,18:00 (09:00),Bundesliga,Matchweek 4,Sun,Home,D,1.0,1.0,Union Berlin,420.0,532.0,78.9,7546.0,2421.0,167.0,193.0,86.5,194.0,220.0,88.2,39.0,73.0,53.4,1,0.3,0.3,7.0,23.0,5.0,1.0,25.0,Match Report,2020-10-18,18:00 (09:00),Bundesliga,Matchweek 4,Sun,Home,D,1.0,1.0,Union Berlin,532.0,478.0,52.0,15.0,0.0,5.0,12,19.0,5.0,1.0,4.0,0.0,420.0,2.0,10.0,Match Report,2020-10-18,18:00 (09:00),Bundesliga,Matchweek 4,Sun,Home,D,1.0,1.0,Union Berlin,15.0,8.0,3.0,0.0,2.0,2.0,0.0,2.0,0.0,1.0,0.0,1.0,0.0,0.0,Match Report,2020-10-18,18:00 (09:00),Bundesliga,Matchweek 4,Sun,Home,D,1.0,1.0,Union Berlin,10.0,7,5.0,4.0,1.0,6.0,15.0,40.0,9.0,12.0,0.0,12.0,16,26,12.0,0.0,Match Report,2020-10-18,18:00 (09:00),Bundesliga,Matchweek 4,Sun,Home,D,1.0,1.0,Union Berlin,53.0,637.0,60.0,182.0,349.0,109.0,13.0,637.0,9.0,2.0,22.2,7.0,77.8,278.0,1523.0,790.0,10.0,7.0,2.0,20.0,3.0,416.0,25.0,Match Report,2020-10-18,18:00 (09:00),Bundesliga,Matchweek 4,Sun,Home,D,1.0,1.0,Union Berlin,3,0,0,7,12,2,12,16,7,0.0,0.0,0,38.0,21.0,14.0,60.0,Match Report
2020-10-24,18:30 (09:30),Bundesliga,Matchweek 5,Sat,Away,L,0.0,3.0,Dortmund,0,3,0,0.0,0.0,,13.8,0.0,0,0,0.2,0.2,0.07,-0.2,-0.2,Match Report,2020-10-24,18:30 (09:30),Bundesliga,Matchweek 5,Sat,Away,L,0.0,3.0,Dortmund,7,3,4,57.1,0,1.6,-1.4,0,0,0,0,4.0,14.0,28.6,20.0,4.0,50.0,37.8,6.0,66.7,52.7,10.0,1.0,10.0,0.0,3.0,Match Report,2020-10-24,18:30 (09:30),Bundesliga,Matchweek 5,Sat,Away,L,0.0,3.0,Dortmund,214.0,306.0,69.9,3688.0,1567.0,104.0,128.0,81.3,82.0,101.0,81.2,21.0,51.0,41.2,0,0.2,0.2,3.0,10.0,2.0,0.0,14.0,Match Report,2020-10-24,18:30 (09:30),Bundesliga,Matchweek 5,Sat,Away,L,0.0,3.0,Dortmund,306.0,260.0,43.0,5.0,0.0,2.0,2,26.0,2.0,1.0,1.0,0.0,214.0,3.0,9.0,Match Report,2020-10-24,18:30 (09:30),Bundesliga,Matchweek 5,Sat,Away,L,0.0,3.0,Dortmund,6.0,3.0,1.0,0.0,1.0,0.0,1.0,0.0,0.0,0.0,0.0,0.0,0.0,0.0,Match Report,2020-10-24,18:30 (09:30),Bundesliga,Matchweek 5,Sat,Away,L,0.0,3.0,Dortmund,24.0,9,12.0,11.0,1.0,17.0,35.0,48.6,18.0,11.0,5.0,6.0,14,38,17.0,1.0,Match Report,2020-10-24,18:30 (09:30),Bundesliga,Matchweek 5,Sat,Away,L,0.0,3.0,Dortmund,26.0,428.0,78.0,212.0,170.0,49.0,3.0,428.0,10.0,2.0,20.0,8.0,80.0,226.0,868.0,361.0,5.0,6.0,1.0,18.0,7.0,214.0,14.0,Match Report,2020-10-24,18:30 (09:30),Bundesliga,Matchweek 5,Sat,Away,L,0.0,3.0,Dortmund,1,0,0,14,5,3,2,14,9,0.0,0.0,0,48.0,7.0,10.0,41.2,Match Report
2020-10-30,20:30 (12:30),Bundesliga,Matchweek 6,Fri,Home,D,1.0,1.0,Stuttgart,1,9,2,22.2,0.11,0.5,17.4,0.0,0,0,0.6,0.6,0.07,0.4,0.4,Match Report,2020-10-30,20:30 (12:30),Bundesliga,Matchweek 6,Fri,Home,D,1.0,1.0,Stuttgart,8,1,7,100.0,0,1.4,0.4,1,1,0,0,7.0,7.0,100.0,30.0,10.0,16.7,27.6,8.0,25.0,33.1,12.0,1.0,8.3,1.0,12.0,Match Report,2020-10-30,20:30 (12:30),Bundesliga,Matchweek 6,Fri,Home,D,1.0,1.0,Stuttgart,366.0,449.0,81.5,7104.0,2851.0,145.0,166.0,87.3,169.0,196.0,86.2,47.0,67.0,70.1,1,0.5,0.4,7.0,12.0,3.0,1.0,20.0,Match Report,2020-10-30,20:30 (12:30),Bundesliga,Matchweek 6,Fri,Home,D,1.0,1.0,Stuttgart,449.0,399.0,46.0,15.0,0.0,8.0,11,18.0,3.0,2.0,1.0,0.0,366.0,4.0,8.0,Match Report,2020-10-30,20:30 (12:30),Bundesliga,Matchweek 6,Fri,Home,D,1.0,1.0,Stuttgart,17.0,10.0,4.0,0.0,1.0,2.0,0.0,2.0,0.0,1.0,0.0,0.0,1.0,0.0,Match Report,2020-10-30,20:30 (12:30),Bundesliga,Matchweek 6,Fri,Home,D,1.0,1.0,Stuttgart,26.0,13,16.0,8.0,2.0,6.0,27.0,22.2,21.0,20.0,7.0,13.0,12,38,21.0,0.0,Match Report,2020-10-30,20:30 (12:30),Bundesliga,Matchweek 6,Fri,Home,D,1.0,1.0,Stuttgart,46.0,599.0,90.0,302.0,223.0,84.0,11.0,599.0,26.0,17.0,65.4,9.0,34.6,354.0,1860.0,1034.0,13.0,16.0,1.0,29.0,11.0,364.0,20.0,Match Report,2020-10-30,20:30 (12:30),Bundesliga,Matchweek 6,Fri,Home,D,1.0,1.0,Stuttgart,2,0,0,11,14,4,11,12,13,0.0,1.0,0,59.0,16.0,10.0,61.5,Match Report
2020-11-03,16:30 (07:30),DFB-Pokal,First round,Tue,Away,W,4.0,1.0,Schweinfurt,4,18,11,61.1,0.22,0.36,,,0,0,,,,,,Match Report,2020-11-03,16:30 (07:30),DFB-Pokal,First round,Tue,Away,W,4.0,1.0,Schweinfurt,2,1,2,50.0,0,,,1,0,1,0,,,,,,,,,,,,,,,,Match Report,2020-11-03,16:30 (07:30),DFB-Pokal,First round,Tue,Away,W,4.0,1.0,Schweinfurt,,,,,,,,,,,,,,,2,,,,,,,,Match Report,2020-11-03,16:30 (07:30),DFB-Pokal,First round,Tue,Away,W,4.0,1.0,Schweinfurt,,,,,,,20,,,,,,,,,Match Report,2020-11-03,16:30 (07:30),DFB-Pokal,First round,Tue,Away,W,4.0,1.0,Schweinfurt,,,,,,,,,,,,,,,Match Report,2020-11-03,16:30 (07:30),DFB-Pokal,First round,Tue,Away,W,4.0,1.0,Schweinfurt,,12,,,,,,,,,,,7,0,,,Match Report,2020-11-03,16:30 (07:30),DFB-Pokal,First round,Tue,Away,W,4.0,1.0,Schweinfurt,66.0,,,,,,,,,,,,,,,,,,,,,,,Match Report,2020-11-03,16:30 (07:30),DFB-Pokal,First round,Tue,Away,W,4.0,1.0,Schweinfurt,3,0,0,12,19,3,20,7,12,,,0,,,,,Match Report
2020-11-07,15:30 (06:30),Bundesliga,Matchweek 7,Sat,Away,D,2.0,2.0,Mainz 05,1,21,3,14.3,0.05,0.33,15.4,2.0,0,0,1.9,1.9,0.1,-0.9,-0.9,Match Report,2020-11-07,15:30 (06:30),Bundesliga,Matchweek 7,Sat,Away,D,2.0,2.0,Mainz 05,7,2,5,100.0,0,4.0,2.0,2,2,0,0,2.0,5.0,40.0,30.0,8.0,10.0,27.5,6.0,33.3,31.2,8.0,2.0,25.0,0.0,3.5,Match Report,2020-11-07,15:30 (06:30),Bundesliga,Matchweek 7,Sat,Away,D,2.0,2.0,Mainz 05,495.0,613.0,80.8,8806.0,3328.0,222.0,253.0,87.7,200.0,227.0,88.1,57.0,90.0,63.3,0,1.4,2.1,16.0,41.0,10.0,3.0,53.0,Match Report,2020-11-07,15:30 (06:30),Bundesliga,Matchweek 7,Sat,Away,D,2.0,2.0,Mainz 05,613.0,546.0,63.0,17.0,0.0,8.0,21,28.0,9.0,0.0,8.0,0.0,495.0,4.0,14.0,Match Report,2020-11-07,15:30 (06:30),Bundesliga,Matchweek 7,Sat,Away,D,2.0,2.0,Mainz 05,38.0,27.0,3.0,1.0,5.0,2.0,0.0,2.0,1.0,0.0,0.0,0.0,1.0,0.0,Match Report,2020-11-07,15:30 (06:30),Bundesliga,Matchweek 7,Sat,Away,D,2.0,2.0,Mainz 05,14.0,10,5.0,8.0,1.0,8.0,16.0,50.0,8.0,16.0,3.0,13.0,9,23,8.0,0.0,Match Report,2020-11-07,15:30 (06:30),Bundesliga,Matchweek 7,Sat,Away,D,2.0,2.0,Mainz 05,67.0,726.0,50.0,216.0,351.0,162.0,40.0,726.0,26.0,12.0,46.2,14.0,53.8,458.0,2185.0,1006.0,13.0,13.0,5.0,12.0,9.0,493.0,52.0,Match Report,2020-11-07,15:30 (06:30),Bundesliga,Matchweek 7,Sat,Away,D,2.0,2.0,Mainz 05,1,0,0,13,16,4,21,9,10,0.0,2.0,0,57.0,20.0,21.0,48.8,Match Report
2020-11-21,15:30 (06:30),Bundesliga,Matchweek 8,Sat,Home,L,0.0,2.0,Wolfsburg,0,13,7,53.8,0.0,0.0,15.8,0.0,0,0,1.1,1.1,0.08,-1.1,-1.1,Match Report,2020-11-21,15:30 (06:30),Bundesliga,Matchweek 8,Sat,Home,L,0.0,2.0,Wolfsburg,7,2,5,71.4,0,2.7,0.7,0,0,0,0,2.0,11.0,18.2,29.0,8.0,31.0,28.7,9.0,22.2,27.0,10.0,1.0,10.0,1.0,11.0,Match Report,2020-11-21,15:30 (06:30),Bundesliga,Matchweek 8,Sat,Home,L,0.0,2.0,Wolfsburg,310.0,434.0,71.4,6161.0,2349.0,108.0,139.0,77.7,152.0,172.0,88.4,44.0,89.0,49.4,0,0.9,0.5,8.0,24.0,9.0,4.0,26.0,Match Report,2020-11-21,15:30 (06:30),Bundesliga,Matchweek 8,Sat,Home,L,0.0,2.0,Wolfsburg,434.0,375.0,53.0,13.0,0.0,5.0,26,22.0,6.0,3.0,3.0,0.0,310.0,6.0,12.0,Match Report,2020-11-21,15:30 (06:30),Bundesliga,Matchweek 8,Sat,Home,L,0.0,2.0,Wolfsburg,26.0,17.0,5.0,0.0,2.0,2.0,0.0,0.0,0.0,0.0,0.0,0.0,0.0,0.0,Match Report,2020-11-21,15:30 (06:30),Bundesliga,Matchweek 8,Sat,Home,L,0.0,2.0,Wolfsburg,24.0,13,14.0,10.0,0.0,8.0,22.0,36.4,14.0,10.0,4.0,6.0,11,35,11.0,0.0,Match Report,2020-11-21,15:30 (06:30),Bundesliga,Matchweek 8,Sat,Home,L,0.0,2.0,Wolfsburg,43.0,543.0,74.0,193.0,240.0,116.0,22.0,543.0,19.0,13.0,68.4,6.0,31.6,327.0,1672.0,847.0,19.0,10.0,4.0,17.0,9.0,308.0,26.0,Match Report,2020-11-21,15:30 (06:30),Bundesliga,Matchweek 8,Sat,Home,L,0.0,2.0,Wolfsburg,0,0,0,11,9,6,26,11,13,0.0,0.0,0,47.0,12.0,15.0,44.4,Match Report
2020-11-28,18:30 (09:30),Bundesliga,Matchweek 9,Sat,Away,L,1.0,4.0,Gladbach,1,13,2,15.4,0.08,0.5,20.4,1.0,0,0,0.9,0.9,0.07,0.1,0.1,Match Report,2020-11-28,18:30 (09:30),Bundesliga,Matchweek 9,Sat,Away,L,1.0,4.0,Gladbach,9,4,5,55.6,0,2.3,-1.7,0,0,0,0,4.0,10.0,40.0,25.0,4.0,32.0,29.5,7.0,28.6,31.0,11.0,1.0,9.1,2.0,16.6,Match Report,2020-11-28,18:30 (09:30),Bundesliga,Matchweek 9,Sat,Away,L,1.0,4.0,Gladbach,349.0,456.0,76.5,6175.0,2415.0,165.0,192.0,85.9,144.0,173.0,83.2,37.0,63.0,58.7,1,0.7,0.6,9.0,28.0,10.0,3.0,34.0,Match Report,2020-11-28,18:30 (09:30),Bundesliga,Matchweek 9,Sat,Away,L,1.0,4.0,Gladbach,456.0,410.0,45.0,8.0,2.0,2.0,23,21.0,4.0,3.0,1.0,0.0,349.0,1.0,16.0,Match Report,2020-11-28,18:30 (09:30),Bundesliga,Matchweek 9,Sat,Away,L,1.0,4.0,Gladbach,20.0,15.0,1.0,0.0,3.0,1.0,0.0,1.0,1.0,0.0,0.0,0.0,0.0,0.0,Match Report,2020-11-28,18:30 (09:30),Bundesliga,Matchweek 9,Sat,Away,L,1.0,4.0,Gladbach,11.0,5,2.0,6.0,3.0,2.0,16.0,12.5,14.0,11.0,2.0,9.0,9,20,15.0,1.0,Match Report,2020-11-28,18:30 (09:30),Bundesliga,Matchweek 9,Sat,Away,L,1.0,4.0,Gladbach,44.0,556.0,61.0,164.0,261.0,141.0,17.0,556.0,22.0,11.0,50.0,11.0,50.0,340.0,1504.0,702.0,13.0,15.0,1.0,19.0,10.0,349.0,34.0,Match Report,2020-11-28,18:30 (09:30),Bundesliga,Matchweek 9,Sat,Away,L,1.0,4.0,Gladbach,3,0,0,14,8,1,23,9,5,0.0,0.0,0,60.0,14.0,11.0,56.0,Match Report
2020-12-06,18:00 (09:00),Bundesliga,Matchweek 10,Sun,Home,L,0.0,3.0,Leverkusen,0,14,3,21.4,0.0,0.0,21.8,0.0,0,1,1.4,0.6,0.04,-1.4,-0.6,Match Report,2020-12-06,18:00 (09:00),Bundesliga,Matchweek 10,Sun,Home,L,0.0,3.0,Leverkusen,9,3,7,66.7,0,2.5,0.5,0,0,0,0,8.0,13.0,61.5,14.0,1.0,35.7,36.1,15.0,53.3,37.4,16.0,0.0,0.0,0.0,6.0,Match Report,2020-12-06,18:00 (09:00),Bundesliga,Matchweek 10,Sun,Home,L,0.0,3.0,Leverkusen,241.0,350.0,68.9,4667.0,2427.0,108.0,130.0,83.1,99.0,127.0,78.0,32.0,69.0,46.4,0,0.5,0.7,9.0,25.0,3.0,0.0,32.0,Match Report,2020-12-06,18:00 (09:00),Bundesliga,Matchweek 10,Sun,Home,L,0.0,3.0,Leverkusen,350.0,291.0,58.0,11.0,0.0,2.0,11,26.0,2.0,0.0,2.0,0.0,241.0,1.0,8.0,Match Report,2020-12-06,18:00 (09:00),Bundesliga,Matchweek 10,Sun,Home,L,0.0,3.0,Leverkusen,23.0,14.0,3.0,0.0,3.0,3.0,0.0,0.0,0.0,0.0,0.0,0.0,0.0,0.0,Match Report,2020-12-06,18:00 (09:00),Bundesliga,Matchweek 10,Sun,Home,L,0.0,3.0,Leverkusen,15.0,12,7.0,8.0,0.0,3.0,15.0,20.0,12.0,16.0,6.0,10.0,15,30,16.0,0.0,Match Report,2020-12-06,18:00 (09:00),Bundesliga,Matchweek 10,Sun,Home,L,0.0,3.0,Leverkusen,37.0,470.0,68.0,177.0,210.0,86.0,14.0,469.0,10.0,5.0,50.0,5.0,50.0,231.0,1249.0,565.0,13.0,8.0,4.0,14.0,13.0,240.0,32.0,Match Report,2020-12-06,18:00 (09:00),Bundesliga,Matchweek 10,Sun,Home,L,0.0,3.0,Leverkusen,2,0,0,16,11,1,11,15,12,1.0,0.0,1,46.0,13.0,17.0,43.3,Match Report
2020-12-13,15:30 (06:30),Bundesliga,Matchweek 11,Sun,Away,D,2.0,2.0,Augsburg,2,16,4,25.0,0.13,0.5,18.2,2.0,0,0,2.3,2.3,0.14,-0.3,-0.3,Match Report,2020-12-13,15:30 (06:30),Bundesliga,Matchweek 11,Sun,Away,D,2.0,2.0,Augsburg,4,2,3,50.0,0,1.2,0.2,0,0,0,0,3.0,9.0,33.3,31.0,11.0,12.9,25.4,7.0,71.4,49.9,10.0,0.0,0.0,1.0,20.0,Match Report,2020-12-13,15:30 (06:30),Bundesliga,Matchweek 11,Sun,Away,D,2.0,2.0,Augsburg,403.0,528.0,76.3,7295.0,2585.0,164.0,188.0,87.2,177.0,216.0,81.9,45.0,85.0,52.9,1,1.7,1.1,10.0,24.0,14.0,3.0,36.0,Match Report,2020-12-13,15:30 (06:30),Bundesliga,Matchweek 11,Sun,Away,D,2.0,2.0,Augsburg,528.0,470.0,55.0,15.0,1.0,6.0,15,27.0,3.0,3.0,0.0,0.0,403.0,3.0,12.0,Match Report,2020-12-13,15:30 (06:30),Bundesliga,Matchweek 11,Sun,Away,D,2.0,2.0,Augsburg,25.0,20.0,2.0,0.0,2.0,1.0,0.0,2.0,2.0,0.0,0.0,0.0,0.0,0.0,Match Report,2020-12-13,15:30 (06:30),Bundesliga,Matchweek 11,Sun,Away,D,2.0,2.0,Augsburg,17.0,12,7.0,9.0,1.0,3.0,14.0,21.4,11.0,13.0,2.0,11.0,8,25,8.0,0.0,Match Report,2020-12-13,15:30 (06:30),Bundesliga,Matchweek 11,Sun,Away,D,2.0,2.0,Augsburg,59.0,646.0,45.0,184.0,340.0,125.0,21.0,646.0,16.0,7.0,43.8,9.0,56.3,396.0,1801.0,895.0,19.0,8.0,5.0,24.0,6.0,401.0,35.0,Match Report,2020-12-13,15:30 (06:30),Bundesliga,Matchweek 11,Sun,Away,D,2.0,2.0,Augsburg,4,0,0,13,15,3,15,8,12,0.0,0.0,1,50.0,21.0,26.0,44.7,Match Report
2020-12-16,18:30 (09:30),Bundesliga,Matchweek 12,Wed,Home,L,0.0,2.0,Freiburg,0,10,2,20.0,0.0,0.0,21.5,1.0,0,0,0.5,0.5,0.05,-0.5,-0.5,Match Report,2020-12-16,18:30 (09:30),Bundesliga,Matchweek 12,Wed,Home,L,0.0,2.0,Freiburg,3,2,1,33.3,0,1.2,-0.8,0,0,0,0,3.0,9.0,33.3,30.0,5.0,26.7,25.9,5.0,20.0,25.2,11.0,1.0,9.1,0.0,7.5,Match Report,2020-12-16,18:30 (09:30),Bundesliga,Matchweek 12,Wed,Home,L,0.0,2.0,Freiburg,430.0,534.0,80.5,7163.0,2144.0,215.0,237.0,90.7,170.0,201.0,84.6,34.0,68.0,50.0,0,0.3,0.4,7.0,30.0,5.0,1.0,36.0,Match Report,2020-12-16,18:30 (09:30),Bundesliga,Matchweek 12,Wed,Home,L,0.0,2.0,Freiburg,534.0,487.0,47.0,9.0,0.0,1.0,13,28.0,2.0,1.0,1.0,0.0,430.0,0.0,8.0,Match Report,2020-12-16,18:30 (09:30),Bundesliga,Matchweek 12,Wed,Home,L,0.0,2.0,Freiburg,19.0,15.0,1.0,2.0,0.0,1.0,0.0,0.0,0.0,0.0,0.0,0.0,0.0,0.0,Match Report,2020-12-16,18:30 (09:30),Bundesliga,Matchweek 12,Wed,Home,L,0.0,2.0,Freiburg,12.0,8,1.0,9.0,2.0,5.0,13.0,38.5,8.0,12.0,4.0,8.0,4,16,19.0,0.0,Match Report,2020-12-16,18:30 (09:30),Bundesliga,Matchweek 12,Wed,Home,L,0.0,2.0,Freiburg,54.0,624.0,58.0,181.0,333.0,116.0,9.0,624.0,17.0,13.0,76.5,4.0,23.5,416.0,1981.0,1015.0,25.0,13.0,3.0,18.0,16.0,427.0,36.0,Match Report,2020-12-16,18:30 (09:30),Bundesliga,Matchweek 12,Wed,Home,L,0.0,2.0,Freiburg,2,0,0,15,9,0,13,4,8,0.0,0.0,0,40.0,22.0,12.0,64.7,Match Report
2020-12-19,15:30 (06:30),Bundesliga,Matchweek 13,Sat,Home,L,0.0,1.0,Arminia,0,9,2,22.2,0.0,0.0,22.4,0.0,0,0,0.4,0.4,0.04,-0.4,-0.4,Match Report,2020-12-19,15:30 (06:30),Bundesliga,Matchweek 13,Sat,Home,L,0.0,1.0,Arminia,3,1,2,66.7,0,0.5,-0.5,0,0,0,0,6.0,17.0,35.3,19.0,4.0,47.4,37.0,10.0,80.0,53.8,11.0,1.0,9.1,1.0,12.8,Match Report,2020-12-19,15:30 (06:30),Bundesliga,Matchweek 13,Sat,Home,L,0.0,1.0,Arminia,268.0,379.0,70.7,4771.0,2141.0,126.0,153.0,82.4,93.0,119.0,78.2,34.0,75.0,45.3,0,0.3,0.5,5.0,18.0,4.0,2.0,24.0,Match Report,2020-12-19,15:30 (06:30),Bundesliga,Matchweek 13,Sat,Home,L,0.0,1.0,Arminia,379.0,318.0,58.0,19.0,0.0,4.0,12,26.0,1.0,1.0,0.0,0.0,268.0,3.0,5.0,Match Report,2020-12-19,15:30 (06:30),Bundesliga,Matchweek 13,Sat,Home,L,0.0,1.0,Arminia,12.0,6.0,3.0,0.0,0.0,2.0,1.0,0.0,0.0,0.0,0.0,0.0,0.0,0.0,Match Report,2020-12-19,15:30 (06:30),Bundesliga,Matchweek 13,Sat,Home,L,0.0,1.0,Arminia,20.0,14,10.0,8.0,2.0,7.0,16.0,43.8,9.0,6.0,1.0,5.0,18,38,22.0,0.0,Match Report,2020-12-19,15:30 (06:30),Bundesliga,Matchweek 13,Sat,Home,L,0.0,1.0,Arminia,46.0,512.0,54.0,156.0,262.0,104.0,12.0,512.0,26.0,9.0,34.6,17.0,65.4,253.0,1179.0,526.0,11.0,13.0,1.0,21.0,12.0,266.0,24.0,Match Report,2020-12-19,15:30 (06:30),Bundesliga,Matchweek 13,Sat,Home,L,0.0,1.0,Arminia,6,0,0,17,19,3,12,18,14,0.0,0.0,0,48.0,33.0,27.0,55.0,Match Report
2020-12-22,18:30 (09:30),DFB-Pokal,Second round,Tue,Away,W,3.0,1.0,Ulm,3,12,10,83.3,0.25,0.3,,,0,0,,,,,,Match Report,2020-12-22,18:30 (09:30),DFB-Pokal,Second round,Tue,Away,W,3.0,1.0,Ulm,4,1,4,75.0,0,,,1,0,1,0,,,,,,,,,,,,,,,,Match Report,2020-12-22,18:30 (09:30),DFB-Pokal,Second round,Tue,Away,W,3.0,1.0,Ulm,,,,,,,,,,,,,,,3,,,,,,,,Match Report,2020-12-22,18:30 (09:30),DFB-Pokal,Second round,Tue,Away,W,3.0,1.0,Ulm,,,,,,,11,,,,,,,,,Match Report,2020-12-22,18:30 (09:30),DFB-Pokal,Second round,Tue,Away,W,3.0,1.0,Ulm,,,,,,,,,,,,,,,Match Report,2020-12-22,18:30 (09:30),DFB-Pokal,Second round,Tue,Away,W,3.0,1.0,Ulm,,21,,,,,,,,,,,14,0,,,Match Report,2020-12-22,18:30 (09:30),DFB-Pokal,Second round,Tue,Away,W,3.0,1.0,Ulm,53.0,,,,,,,,,,,,,,,,,,,,,,,Match Report,2020-12-22,18:30 (09:30),DFB-Pokal,Second round,Tue,Away,W,3.0,1.0,Ulm,1,0,0,18,15,1,11,14,21,,,0,,,,,Match Report
2021-01-02,18:30 (09:30),Bundesliga,Matchweek 14,Sat,Away,L,0.0,3.0,Hertha BSC,0,11,4,36.4,0.0,0.0,20.7,0.0,0,0,0.8,0.8,0.07,-0.8,-0.8,Match Report,2021-01-02,18:30 (09:30),Bundesliga,Matchweek 14,Sat,Away,L,0.0,3.0,Hertha BSC,9,3,6,66.7,0,1.9,-1.1,0,0,0,0,2.0,16.0,12.5,23.0,5.0,56.5,41.1,7.0,42.9,36.1,21.0,1.0,4.8,0.0,7.0,Match Report,2021-01-02,18:30 (09:30),Bundesliga,Matchweek 14,Sat,Away,L,0.0,3.0,Hertha BSC,229.0,311.0,73.6,4211.0,1853.0,107.0,126.0,84.9,84.0,103.0,81.6,34.0,65.0,52.3,0,0.7,0.7,9.0,22.0,3.0,2.0,28.0,Match Report,2021-01-02,18:30 (09:30),Bundesliga,Matchweek 14,Sat,Away,L,0.0,3.0,Hertha BSC,311.0,262.0,48.0,17.0,1.0,4.0,15,15.0,5.0,3.0,2.0,0.0,229.0,1.0,9.0,Match Report,2021-01-02,18:30 (09:30),Bundesliga,Matchweek 14,Sat,Away,L,0.0,3.0,Hertha BSC,19.0,19.0,0.0,0.0,0.0,0.0,0.0,0.0,0.0,0.0,0.0,0.0,0.0,0.0,Match Report,2021-01-02,18:30 (09:30),Bundesliga,Matchweek 14,Sat,Away,L,0.0,3.0,Hertha BSC,15.0,8,10.0,3.0,2.0,7.0,24.0,29.2,17.0,13.0,6.0,7.0,8,23,31.0,0.0,Match Report,2021-01-02,18:30 (09:30),Bundesliga,Matchweek 14,Sat,Away,L,0.0,3.0,Hertha BSC,38.0,436.0,67.0,175.0,176.0,87.0,15.0,436.0,7.0,3.0,42.9,4.0,57.1,176.0,1186.0,650.0,15.0,8.0,5.0,22.0,7.0,227.0,28.0,Match Report,2021-01-02,18:30 (09:30),Bundesliga,Matchweek 14,Sat,Away,L,0.0,3.0,Hertha BSC,2,0,0,18,11,1,15,8,8,0.0,0.0,0,44.0,13.0,13.0,50.0,Match Report
2021-01-09,15:30 (06:30),Bundesliga,Matchweek 15,Sat,Home,W,4.0,0.0,Hoffenheim,4,12,5,41.7,0.33,0.8,14.2,0.0,0,0,2.0,2.0,0.17,2.0,2.0,Match Report,2021-01-09,15:30 (06:30),Bundesliga,Matchweek 15,Sat,Home,W,4.0,0.0,Hoffenheim,4,0,4,100.0,1,1.5,1.5,0,0,0,0,3.0,20.0,15.0,24.0,2.0,45.8,34.3,9.0,100.0,61.1,18.0,2.0,11.1,2.0,12.8,Match Report,2021-01-09,15:30 (06:30),Bundesliga,Matchweek 15,Sat,Home,W,4.0,0.0,Hoffenheim,260.0,361.0,72.0,4910.0,1812.0,104.0,124.0,83.9,112.0,143.0,78.3,35.0,74.0,47.3,4,2.0,1.1,12.0,17.0,5.0,0.0,29.0,Match Report,2021-01-09,15:30 (06:30),Bundesliga,Matchweek 15,Sat,Home,W,4.0,0.0,Hoffenheim,361.0,313.0,45.0,14.0,3.0,4.0,10,16.0,5.0,1.0,4.0,0.0,260.0,3.0,2.0,Match Report,2021-01-09,15:30 (06:30),Bundesliga,Matchweek 15,Sat,Home,W,4.0,0.0,Hoffenheim,21.0,13.0,3.0,3.0,0.0,2.0,0.0,7.0,6.0,0.0,1.0,0.0,0.0,0.0,Match Report,2021-01-09,15:30 (06:30),Bundesliga,Matchweek 15,Sat,Home,W,4.0,0.0,Hoffenheim,22.0,15,10.0,12.0,0.0,8.0,19.0,42.1,11.0,15.0,6.0,9.0,15,37,17.0,0.0,Match Report,2021-01-09,15:30 (06:30),Bundesliga,Matchweek 15,Sat,Home,W,4.0,0.0,Hoffenheim,40.0,483.0,63.0,178.0,227.0,89.0,18.0,483.0,23.0,10.0,43.5,13.0,56.5,269.0,1501.0,800.0,17.0,12.0,6.0,14.0,7.0,258.0,28.0,Match Report,2021-01-09,15:30 (06:30),Bundesliga,Matchweek 15,Sat,Home,W,4.0,0.0,Hoffenheim,2,0,0,15,13,3,10,15,15,0.0,0.0,0,59.0,13.0,10.0,56.5,Match Report
2021-01-17,18:00 (09:00),Bundesliga,Matchweek 16,Sun,Away,L,1.0,3.0,Eint Frankfurt,1,4,1,25.0,0.25,1.0,21.5,0.0,0,0,0.2,0.2,0.04,0.8,0.8,Match Report,2021-01-17,18:00 (09:00),Bundesliga,Matchweek 16,Sun,Away,L,1.0,3.0,Eint Frankfurt,11,3,8,72.7,0,2.7,-0.3,0,0,0,0,5.0,23.0,21.7,29.0,4.0,44.8,37.7,11.0,90.9,55.2,20.0,2.0,10.0,1.0,9.0,Match Report,2021-01-17,18:00 (09:00),Bundesliga,Matchweek 16,Sun,Away,L,1.0,3.0,Eint Frankfurt,230.0,351.0,65.5,4046.0,1791.0,90.0,116.0,77.6,95.0,123.0,77.2,26.0,74.0,35.1,1,0.1,0.3,3.0,12.0,5.0,1.0,22.0,Match Report,2021-01-17,18:00 (09:00),Bundesliga,Matchweek 16,Sun,Away,L,1.0,3.0,Eint Frankfurt,351.0,301.0,49.0,10.0,0.0,2.0,12,22.0,2.0,2.0,0.0,0.0,230.0,1.0,11.0,Match Report,2021-01-17,18:00 (09:00),Bundesliga,Matchweek 16,Sun,Away,L,1.0,3.0,Eint Frankfurt,8.0,6.0,1.0,1.0,0.0,0.0,0.0,2.0,1.0,1.0,0.0,0.0,0.0,0.0,Match Report,2021-01-17,18:00 (09:00),Bundesliga,Matchweek 16,Sun,Away,L,1.0,3.0,Eint Frankfurt,18.0,12,14.0,3.0,1.0,12.0,20.0,60.0,8.0,17.0,1.0,16.0,15,33,20.0,0.0,Match Report,2021-01-17,18:00 (09:00),Bundesliga,Matchweek 16,Sun,Away,L,1.0,3.0,Eint Frankfurt,33.0,472.0,85.0,231.0,179.0,66.0,10.0,472.0,17.0,7.0,41.2,10.0,58.8,206.0,1237.0,642.0,11.0,7.0,2.0,17.0,8.0,226.0,20.0,Match Report,2021-01-17,18:00 (09:00),Bundesliga,Matchweek 16,Sun,Away,L,1.0,3.0,Eint Frankfurt,1,0,0,10,8,1,12,15,12,0.0,0.0,0,69.0,9.0,14.0,39.1,Match Report
2021-01-20,18:30 (09:30),Bundesliga,Matchweek 17,Wed,Home,L,1.0,2.0,Köln,1,14,6,42.9,0.07,0.17,19.3,0.0,0,0,1.3,1.3,0.1,-0.3,-0.3,Match Report,2021-01-20,18:30 (09:30),Bundesliga,Matchweek 17,Wed,Home,L,1.0,2.0,Köln,3,2,1,33.3,0,0.8,-1.2,0,0,0,0,3.0,11.0,27.3,39.0,2.0,20.5,27.8,6.0,50.0,38.7,12.0,0.0,0.0,2.0,18.3,Match Report,2021-01-20,18:30 (09:30),Bundesliga,Matchweek 17,Wed,Home,L,1.0,2.0,Köln,500.0,609.0,82.1,9080.0,2604.0,189.0,220.0,85.9,229.0,254.0,90.2,55.0,87.0,63.2,1,0.7,1.1,10.0,18.0,9.0,1.0,47.0,Match Report,2021-01-20,18:30 (09:30),Bundesliga,Matchweek 17,Wed,Home,L,1.0,2.0,Köln,609.0,551.0,56.0,13.0,2.0,6.0,16,29.0,5.0,4.0,1.0,0.0,500.0,2.0,12.0,Match Report,2021-01-20,18:30 (09:30),Bundesliga,Matchweek 17,Wed,Home,L,1.0,2.0,Köln,23.0,14.0,1.0,5.0,3.0,0.0,0.0,0.0,0.0,0.0,0.0,0.0,0.0,0.0,Match Report,2021-01-20,18:30 (09:30),Bundesliga,Matchweek 17,Wed,Home,L,1.0,2.0,Köln,14.0,7,6.0,7.0,1.0,3.0,7.0,42.9,4.0,16.0,4.0,12.0,13,27,16.0,0.0,Match Report,2021-01-20,18:30 (09:30),Bundesliga,Matchweek 17,Wed,Home,L,1.0,2.0,Köln,63.0,724.0,48.0,160.0,386.0,184.0,29.0,724.0,32.0,22.0,68.8,10.0,31.3,453.0,2555.0,1231.0,20.0,19.0,5.0,15.0,22.0,499.0,47.0,Match Report,2021-01-20,18:30 (09:30),Bundesliga,Matchweek 17,Wed,Home,L,1.0,2.0,Köln,2,0,0,7,11,2,16,13,7,0.0,0.0,0,56.0,19.0,13.0,59.4,Match Report
2021-01-24,15:30 (06:30),Bundesliga,Matchweek 18,Sun,Home,L,0.0,4.0,Bayern Munich,0,13,3,23.1,0.0,0.0,18.2,0.0,0,0,0.9,0.9,0.07,-0.9,-0.9,Match Report,2021-01-24,15:30 (06:30),Bundesliga,Matchweek 18,Sun,Home,L,0.0,4.0,Bayern Munich,13,4,9,69.2,0,3.5,-0.5,0,0,0,0,4.0,17.0,23.5,23.0,3.0,39.1,36.5,18.0,44.4,34.9,26.0,0.0,0.0,0.0,11.0,Match Report,2021-01-24,15:30 (06:30),Bundesliga,Matchweek 18,Sun,Home,L,0.0,4.0,Bayern Munich,299.0,395.0,75.7,5665.0,2291.0,131.0,153.0,85.6,118.0,143.0,82.5,46.0,76.0,60.5,0,0.9,0.8,13.0,22.0,6.0,2.0,34.0,Match Report,2021-01-24,15:30 (06:30),Bundesliga,Matchweek 18,Sun,Home,L,0.0,4.0,Bayern Munich,395.0,343.0,50.0,10.0,0.0,5.0,13,14.0,3.0,0.0,3.0,0.0,299.0,2.0,12.0,Match Report,2021-01-24,15:30 (06:30),Bundesliga,Matchweek 18,Sun,Home,L,0.0,4.0,Bayern Munich,25.0,18.0,3.0,2.0,0.0,1.0,1.0,0.0,0.0,0.0,0.0,0.0,0.0,0.0,Match Report,2021-01-24,15:30 (06:30),Bundesliga,Matchweek 18,Sun,Home,L,0.0,4.0,Bayern Munich,22.0,15,17.0,3.0,2.0,12.0,26.0,46.2,14.0,12.0,5.0,7.0,9,31,29.0,2.0,Match Report,2021-01-24,15:30 (06:30),Bundesliga,Matchweek 18,Sun,Home,L,0.0,4.0,Bayern Munich,40.0,530.0,111.0,263.0,175.0,102.0,18.0,530.0,32.0,17.0,53.1,15.0,46.9,255.0,1697.0,749.0,15.0,12.0,3.0,11.0,7.0,297.0,34.0,Match Report,2021-01-24,15:30 (06:30),Bundesliga,Matchweek 18,Sun,Home,L,0.0,4.0,Bayern Munich,1,0,0,5,8,2,13,9,15,0.0,0.0,0,50.0,14.0,16.0,46.7,Match Report
2021-01-30,15:30 (06:30),Bundesliga,Matchweek 19,Sat,Away,D,1.0,1.0,Werder Bremen,1,6,1,16.7,0.17,1.0,20.0,0.0,0,0,0.5,0.5,0.08,0.5,0.5,Match Report,2021-01-30,15:30 (06:30),Bundesliga,Matchweek 19,Sat,Away,D,1.0,1.0,Werder Bremen,5,1,4,80.0,0,0.7,-0.3,0,0,0,0,5.0,20.0,25.0,44.0,8.0,27.3,32.4,10.0,80.0,54.2,20.0,1.0,5.0,0.0,12.5,Match Report,2021-01-30,15:30 (06:30),Bundesliga,Matchweek 19,Sat,Away,D,1.0,1.0,Werder Bremen,447.0,553.0,80.8,8728.0,2583.0,158.0,179.0,88.3,210.0,239.0,87.9,66.0,105.0,62.9,1,0.2,0.4,5.0,26.0,4.0,0.0,33.0,Match Report,2021-01-30,15:30 (06:30),Bundesliga,Matchweek 19,Sat,Away,D,1.0,1.0,Werder Bremen,553.0,503.0,49.0,15.0,0.0,7.0,9,21.0,1.0,0.0,1.0,0.0,447.0,1.0,3.0,Match Report,2021-01-30,15:30 (06:30),Bundesliga,Matchweek 19,Sat,Away,D,1.0,1.0,Werder Bremen,9.0,7.0,1.0,0.0,0.0,1.0,0.0,2.0,2.0,0.0,0.0,0.0,0.0,0.0,Match Report,2021-01-30,15:30 (06:30),Bundesliga,Matchweek 19,Sat,Away,D,1.0,1.0,Werder Bremen,14.0,6,4.0,9.0,1.0,2.0,4.0,50.0,2.0,13.0,3.0,10.0,7,21,24.0,1.0,Match Report,2021-01-30,15:30 (06:30),Bundesliga,Matchweek 19,Sat,Away,D,1.0,1.0,Werder Bremen,51.0,676.0,71.0,210.0,372.0,99.0,8.0,676.0,26.0,12.0,46.2,14.0,53.8,327.0,1953.0,1013.0,12.0,13.0,1.0,18.0,4.0,443.0,33.0,Match Report,2021-01-30,15:30 (06:30),Bundesliga,Matchweek 19,Sat,Away,D,1.0,1.0,Werder Bremen,4,0,0,20,12,1,9,7,6,0.0,0.0,0,48.0,14.0,22.0,38.9,Match Report
2021-02-03,18:30 (09:30),DFB-Pokal,Round of 16,Wed,Away,L,0.0,1.0,Wolfsburg,0,6,3,50.0,0.0,0.0,,,0,0,,,,,,Match Report,2021-02-03,18:30 (09:30),DFB-Pokal,Round of 16,Wed,Away,L,0.0,1.0,Wolfsburg,3,1,3,66.7,0,,,1,0,1,0,,,,,,,,,,,,,,,,Match Report,2021-02-03,18:30 (09:30),DFB-Pokal,Round of 16,Wed,Away,L,0.0,1.0,Wolfsburg,,,,,,,,,,,,,,,0,,,,,,,,Match Report,2021-02-03,18:30 (09:30),DFB-Pokal,Round of 16,Wed,Away,L,0.0,1.0,Wolfsburg,,,,,,,22,,,,,,,,,Match Report,2021-02-03,18:30 (09:30),DFB-Pokal,Round of 16,Wed,Away,L,0.0,1.0,Wolfsburg,,,,,,,,,,,,,,,Match Report,2021-02-03,18:30 (09:30),DFB-Pokal,Round of 16,Wed,Away,L,0.0,1.0,Wolfsburg,,9,,,,,,,,,,,15,0,,,Match Report,2021-02-03,18:30 (09:30),DFB-Pokal,Round of 16,Wed,Away,L,0.0,1.0,Wolfsburg,49.0,,,,,,,,,,,,,,,,,,,,,,,Match Report,2021-02-03,18:30 (09:30),DFB-Pokal,Round of 16,Wed,Away,L,0.0,1.0,Wolfsburg,2,0,0,15,17,0,22,15,9,,,0,,,,,Match Report
2021-02-06,15:30 (06:30),Bundesliga,Matchweek 20,Sat,Home,L,0.0,3.0,RB Leipzig,0,3,1,33.3,0.0,0.0,16.5,0.0,0,0,0.2,0.2,0.06,-0.2,-0.2,Match Report,2021-02-06,15:30 (06:30),Bundesliga,Matchweek 20,Sat,Home,L,0.0,3.0,RB Leipzig,10,3,7,70.0,0,3.1,0.1,0,0,0,0,2.0,8.0,25.0,32.0,5.0,18.8,31.2,10.0,20.0,30.9,18.0,0.0,0.0,0.0,,Match Report,2021-02-06,15:30 (06:30),Bundesliga,Matchweek 20,Sat,Home,L,0.0,3.0,RB Leipzig,253.0,362.0,69.9,4591.0,1739.0,99.0,131.0,75.6,112.0,131.0,85.5,31.0,66.0,47.0,0,0.1,0.2,2.0,11.0,1.0,1.0,15.0,Match Report,2021-02-06,15:30 (06:30),Bundesliga,Matchweek 20,Sat,Home,L,0.0,3.0,RB Leipzig,362.0,309.0,51.0,19.0,0.0,2.0,5,18.0,1.0,0.0,1.0,0.0,253.0,2.0,10.0,Match Report,2021-02-06,15:30 (06:30),Bundesliga,Matchweek 20,Sat,Home,L,0.0,3.0,RB Leipzig,5.0,2.0,1.0,0.0,0.0,1.0,1.0,0.0,0.0,0.0,0.0,0.0,0.0,0.0,Match Report,2021-02-06,15:30 (06:30),Bundesliga,Matchweek 20,Sat,Home,L,0.0,3.0,RB Leipzig,10.0,8,8.0,1.0,1.0,2.0,17.0,11.8,15.0,22.0,12.0,10.0,14,24,26.0,0.0,Match Report,2021-02-06,15:30 (06:30),Bundesliga,Matchweek 20,Sat,Home,L,0.0,3.0,RB Leipzig,37.0,472.0,94.0,251.0,189.0,35.0,5.0,472.0,11.0,6.0,54.5,5.0,45.5,198.0,1129.0,555.0,11.0,5.0,3.0,20.0,7.0,251.0,15.0,Match Report,2021-02-06,15:30 (06:30),Bundesliga,Matchweek 20,Sat,Home,L,0.0,3.0,RB Leipzig,2,0,0,14,14,2,5,14,8,0.0,0.0,0,50.0,10.0,29.0,25.6,Match Report
2021-02-13,18:30 (09:30),Bundesliga,Matchweek 21,Sat,Away,D,0.0,0.0,Union Berlin,0,5,0,0.0,0.0,,18.3,1.0,0,0,0.3,0.3,0.06,-0.3,-0.3,Match Report,2021-02-13,18:30 (09:30),Bundesliga,Matchweek 21,Sat,Away,D,0.0,0.0,Union Berlin,3,0,3,100.0,1,0.8,0.8,0,0,0,0,1.0,12.0,8.3,27.0,6.0,7.4,24.4,11.0,90.9,55.7,16.0,0.0,0.0,1.0,28.0,Match Report,2021-02-13,18:30 (09:30),Bundesliga,Matchweek 21,Sat,Away,D,0.0,0.0,Union Berlin,475.0,611.0,77.7,8386.0,2647.0,202.0,244.0,82.8,216.0,245.0,88.2,47.0,83.0,56.6,0,0.1,0.5,2.0,36.0,9.0,2.0,44.0,Match Report,2021-02-13,18:30 (09:30),Bundesliga,Matchweek 21,Sat,Away,D,0.0,0.0,Union Berlin,611.0,550.0,61.0,15.0,0.0,1.0,16,28.0,6.0,2.0,4.0,0.0,475.0,0.0,9.0,Match Report,2021-02-13,18:30 (09:30),Bundesliga,Matchweek 21,Sat,Away,D,0.0,0.0,Union Berlin,8.0,4.0,1.0,0.0,0.0,2.0,1.0,0.0,0.0,0.0,0.0,0.0,0.0,0.0,Match Report,2021-02-13,18:30 (09:30),Bundesliga,Matchweek 21,Sat,Away,D,0.0,0.0,Union Berlin,9.0,8,5.0,3.0,1.0,2.0,3.0,66.7,1.0,12.0,7.0,5.0,15,24,21.0,0.0,Match Report,2021-02-13,18:30 (09:30),Bundesliga,Matchweek 21,Sat,Away,D,0.0,0.0,Union Berlin,62.0,735.0,67.0,226.0,349.0,165.0,19.0,735.0,26.0,16.0,61.5,10.0,38.5,339.0,1862.0,840.0,16.0,11.0,0.0,23.0,16.0,472.0,44.0,Match Report,2021-02-13,18:30 (09:30),Bundesliga,Matchweek 21,Sat,Away,D,0.0,0.0,Union Berlin,2,0,0,15,13,0,16,15,8,0.0,0.0,0,63.0,17.0,16.0,51.5,Match Report
2021-02-20,18:30 (09:30),Bundesliga,Matchweek 22,Sat,Home,L,0.0,4.0,Dortmund,0,13,2,15.4,0.0,0.0,17.9,0.0,0,0,0.9,0.9,0.07,-0.9,-0.9,Match Report,2021-02-20,18:30 (09:30),Bundesliga,Matchweek 22,Sat,Home,L,0.0,4.0,Dortmund,6,4,2,20.0,0,2.2,-1.8,0,0,0,0,2.0,12.0,16.7,25.0,4.0,36.0,36.8,4.0,75.0,50.5,6.0,0.0,0.0,0.0,3.5,Match Report,2021-02-20,18:30 (09:30),Bundesliga,Matchweek 22,Sat,Home,L,0.0,4.0,Dortmund,299.0,392.0,76.3,5298.0,1840.0,135.0,161.0,83.9,116.0,138.0,84.1,36.0,66.0,54.5,0,0.5,0.6,7.0,25.0,7.0,1.0,30.0,Match Report,2021-02-20,18:30 (09:30),Bundesliga,Matchweek 22,Sat,Home,L,0.0,4.0,Dortmund,392.0,349.0,42.0,13.0,0.0,4.0,10,16.0,4.0,1.0,2.0,0.0,299.0,1.0,7.0,Match Report,2021-02-20,18:30 (09:30),Bundesliga,Matchweek 22,Sat,Home,L,0.0,4.0,Dortmund,20.0,12.0,2.0,1.0,2.0,2.0,1.0,0.0,0.0,0.0,0.0,0.0,0.0,0.0,Match Report,2021-02-20,18:30 (09:30),Bundesliga,Matchweek 22,Sat,Home,L,0.0,4.0,Dortmund,8.0,6,5.0,2.0,1.0,4.0,15.0,26.7,11.0,8.0,3.0,5.0,17,25,13.0,1.0,Match Report,2021-02-20,18:30 (09:30),Bundesliga,Matchweek 22,Sat,Home,L,0.0,4.0,Dortmund,38.0,495.0,62.0,175.0,225.0,102.0,19.0,495.0,17.0,12.0,70.6,5.0,29.4,294.0,1751.0,917.0,10.0,14.0,3.0,16.0,11.0,296.0,30.0,Match Report,2021-02-20,18:30 (09:30),Bundesliga,Matchweek 22,Sat,Home,L,0.0,4.0,Dortmund,2,0,0,9,11,1,10,17,6,0.0,0.0,0,52.0,6.0,8.0,42.9,Match Report
2021-02-27,15:30 (06:30),Bundesliga,Matchweek 23,Sat,Away,L,1.0,5.0,Stuttgart,1,9,4,44.4,0.11,0.25,20.7,0.0,0,1,1.5,0.7,0.08,-0.5,0.3,Match Report,2021-02-27,15:30 (06:30),Bundesliga,Matchweek 23,Sat,Away,L,1.0,5.0,Stuttgart,10,5,5,50.0,0,1.9,-3.1,0,0,0,0,2.0,13.0,15.4,25.0,6.0,40.0,35.3,8.0,37.5,32.6,23.0,0.0,0.0,5.0,20.0,Match Report,2021-02-27,15:30 (06:30),Bundesliga,Matchweek 23,Sat,Away,L,1.0,5.0,Stuttgart,364.0,464.0,78.4,6396.0,2331.0,151.0,174.0,86.8,159.0,179.0,88.8,39.0,75.0,52.0,1,0.7,0.7,8.0,31.0,10.0,1.0,38.0,Match Report,2021-02-27,15:30 (06:30),Bundesliga,Matchweek 23,Sat,Away,L,1.0,5.0,Stuttgart,464.0,407.0,56.0,14.0,0.0,2.0,22,19.0,9.0,2.0,5.0,0.0,364.0,1.0,10.0,Match Report,2021-02-27,15:30 (06:30),Bundesliga,Matchweek 23,Sat,Away,L,1.0,5.0,Stuttgart,20.0,14.0,2.0,1.0,0.0,3.0,0.0,2.0,2.0,0.0,0.0,0.0,0.0,0.0,Match Report,2021-02-27,15:30 (06:30),Bundesliga,Matchweek 23,Sat,Away,L,1.0,5.0,Stuttgart,16.0,13,8.0,6.0,2.0,7.0,14.0,50.0,7.0,11.0,1.0,10.0,8,24,27.0,0.0,Match Report,2021-02-27,15:30 (06:30),Bundesliga,Matchweek 23,Sat,Away,L,1.0,5.0,Stuttgart,51.0,584.0,74.0,194.0,263.0,131.0,20.0,583.0,11.0,7.0,63.6,4.0,36.4,319.0,1937.0,943.0,21.0,15.0,5.0,15.0,15.0,363.0,38.0,Match Report,2021-02-27,15:30 (06:30),Bundesliga,Matchweek 23,Sat,Away,L,1.0,5.0,Stuttgart,3,0,0,18,15,1,22,8,13,1.0,0.0,0,54.0,12.0,11.0,52.2,Match Report
2021-03-05,20:30 (11:30),Bundesliga,Matchweek 24,Fri,Home,D,0.0,0.0,Mainz 05,0,2,2,100.0,0.0,0.0,17.9,0.0,0,0,0.2,0.2,0.08,-0.2,-0.2,Match Report,2021-03-05,20:30 (11:30),Bundesliga,Matchweek 24,Fri,Home,D,0.0,0.0,Mainz 05,2,0,2,100.0,1,0.2,0.2,0,0,0,0,4.0,19.0,21.1,33.0,8.0,27.3,30.0,16.0,62.5,43.3,24.0,2.0,8.3,2.0,13.8,Match Report,2021-03-05,20:30 (11:30),Bundesliga,Matchweek 24,Fri,Home,D,0.0,0.0,Mainz 05,304.0,444.0,68.5,5600.0,2278.0,108.0,147.0,73.5,148.0,185.0,80.0,36.0,76.0,47.4,0,0.2,0.1,2.0,9.0,1.0,0.0,22.0,Match Report,2021-03-05,20:30 (11:30),Bundesliga,Matchweek 24,Fri,Home,D,0.0,0.0,Mainz 05,444.0,379.0,64.0,18.0,0.0,2.0,7,27.0,2.0,0.0,2.0,0.0,304.0,1.0,11.0,Match Report,2021-03-05,20:30 (11:30),Bundesliga,Matchweek 24,Fri,Home,D,0.0,0.0,Mainz 05,4.0,2.0,1.0,0.0,0.0,1.0,0.0,0.0,0.0,0.0,0.0,0.0,0.0,0.0,Match Report,2021-03-05,20:30 (11:30),Bundesliga,Matchweek 24,Fri,Home,D,0.0,0.0,Mainz 05,22.0,14,14.0,8.0,0.0,3.0,14.0,21.4,11.0,20.0,10.0,10.0,21,43,33.0,0.0,Match Report,2021-03-05,20:30 (11:30),Bundesliga,Matchweek 24,Fri,Home,D,0.0,0.0,Mainz 05,49.0,611.0,111.0,302.0,269.0,45.0,3.0,611.0,18.0,8.0,44.4,10.0,55.6,274.0,1396.0,676.0,9.0,8.0,0.0,28.0,17.0,302.0,22.0,Match Report,2021-03-05,20:30 (11:30),Bundesliga,Matchweek 24,Fri,Home,D,0.0,0.0,Mainz 05,2,0,0,10,13,1,7,21,14,0.0,0.0,0,64.0,30.0,35.0,46.2,Match Report
2021-03-13,15:30 (06:30),Bundesliga,Matchweek 25,Sat,Away,L,0.0,5.0,Wolfsburg,0,5,1,20.0,0.0,0.0,19.4,0.0,0,0,0.2,0.2,0.05,-0.2,-0.2,Match Report,2021-03-13,15:30 (06:30),Bundesliga,Matchweek 25,Sat,Away,L,0.0,5.0,Wolfsburg,7,5,3,28.6,0,2.4,-1.6,0,0,0,0,4.0,11.0,36.4,37.0,11.0,24.3,29.0,7.0,28.6,31.6,10.0,0.0,0.0,1.0,11.8,Match Report,2021-03-13,15:30 (06:30),Bundesliga,Matchweek 25,Sat,Away,L,0.0,5.0,Wolfsburg,327.0,452.0,72.3,6304.0,2236.0,127.0,156.0,81.4,148.0,183.0,80.9,46.0,81.0,56.8,0,0.2,0.3,4.0,14.0,3.0,0.0,30.0,Match Report,2021-03-13,15:30 (06:30),Bundesliga,Matchweek 25,Sat,Away,L,0.0,5.0,Wolfsburg,452.0,381.0,69.0,18.0,1.0,3.0,17,30.0,8.0,2.0,6.0,0.0,327.0,2.0,15.0,Match Report,2021-03-13,15:30 (06:30),Bundesliga,Matchweek 25,Sat,Away,L,0.0,5.0,Wolfsburg,8.0,3.0,2.0,2.0,0.0,1.0,0.0,0.0,0.0,0.0,0.0,0.0,0.0,0.0,Match Report,2021-03-13,15:30 (06:30),Bundesliga,Matchweek 25,Sat,Away,L,0.0,5.0,Wolfsburg,12.0,8,5.0,7.0,0.0,5.0,8.0,62.5,3.0,11.0,3.0,8.0,21,33,18.0,1.0,Match Report,2021-03-13,15:30 (06:30),Bundesliga,Matchweek 25,Sat,Away,L,0.0,5.0,Wolfsburg,47.0,556.0,87.0,247.0,222.0,92.0,13.0,556.0,21.0,11.0,52.4,10.0,47.6,283.0,1526.0,725.0,15.0,6.0,4.0,17.0,13.0,327.0,30.0,Match Report,2021-03-13,15:30 (06:30),Bundesliga,Matchweek 25,Sat,Away,L,0.0,5.0,Wolfsburg,1,0,0,8,11,2,17,21,8,0.0,0.0,1,55.0,7.0,11.0,38.9,Match Report
2021-03-20,18:30 (10:30),Bundesliga,Matchweek 26,Sat,Home,L,0.0,3.0,Gladbach,0,4,1,25.0,0.0,0.0,18.9,0.0,0,0,0.2,0.2,0.05,-0.2,-0.2,Match Report,2021-03-20,18:30 (10:30),Bundesliga,Matchweek 26,Sat,Home,L,0.0,3.0,Gladbach,7,3,5,57.1,0,1.8,-0.2,0,0,0,0,6.0,15.0,40.0,14.0,2.0,35.7,33.9,13.0,76.9,50.3,12.0,0.0,0.0,3.0,14.5,Match Report,2021-03-20,18:30 (10:30),Bundesliga,Matchweek 26,Sat,Home,L,0.0,3.0,Gladbach,248.0,334.0,74.3,4686.0,1866.0,98.0,115.0,85.2,117.0,136.0,86.0,30.0,66.0,45.5,0,0.1,0.2,3.0,14.0,4.0,0.0,23.0,Match Report,2021-03-20,18:30 (10:30),Bundesliga,Matchweek 26,Sat,Home,L,0.0,3.0,Gladbach,334.0,287.0,40.0,9.0,1.0,2.0,10,12.0,2.0,1.0,1.0,0.0,248.0,7.0,7.0,Match Report,2021-03-20,18:30 (10:30),Bundesliga,Matchweek 26,Sat,Home,L,0.0,3.0,Gladbach,7.0,6.0,0.0,1.0,0.0,0.0,0.0,0.0,0.0,0.0,0.0,0.0,0.0,0.0,Match Report,2021-03-20,18:30 (10:30),Bundesliga,Matchweek 26,Sat,Home,L,0.0,3.0,Gladbach,14.0,6,6.0,5.0,3.0,3.0,15.0,20.0,12.0,12.0,5.0,7.0,6,20,26.0,2.0,Match Report,2021-03-20,18:30 (10:30),Bundesliga,Matchweek 26,Sat,Home,L,0.0,3.0,Gladbach,30.0,442.0,75.0,225.0,170.0,52.0,11.0,442.0,13.0,9.0,69.2,4.0,30.8,243.0,1129.0,421.0,8.0,6.0,4.0,14.0,6.0,247.0,23.0,Match Report,2021-03-20,18:30 (10:30),Bundesliga,Matchweek 26,Sat,Home,L,0.0,3.0,Gladbach,1,0,0,8,8,7,10,6,6,0.0,0.0,1,53.0,10.0,9.0,52.6,Match Report
2021-04-03,15:30 (06:30),Bundesliga,Matchweek 27,Sat,Away,L,1.0,2.0,Leverkusen,1,6,2,33.3,0.17,0.5,13.7,0.0,0,0,1.0,1.0,0.17,0.0,0.0,Match Report,2021-04-03,15:30 (06:30),Bundesliga,Matchweek 27,Sat,Away,L,1.0,2.0,Leverkusen,3,2,1,33.3,0,1.6,-0.4,0,0,0,0,5.0,8.0,62.5,21.0,3.0,28.6,30.8,6.0,33.3,35.0,12.0,0.0,0.0,3.0,26.2,Match Report,2021-04-03,15:30 (06:30),Bundesliga,Matchweek 27,Sat,Away,L,1.0,2.0,Leverkusen,346.0,435.0,79.5,6273.0,2503.0,147.0,168.0,87.5,162.0,191.0,84.8,33.0,58.0,56.9,1,1.0,0.9,5.0,17.0,9.0,2.0,32.0,Match Report,2021-04-03,15:30 (06:30),Bundesliga,Matchweek 27,Sat,Away,L,1.0,2.0,Leverkusen,435.0,395.0,38.0,14.0,0.0,2.0,17,11.0,4.0,2.0,1.0,0.0,346.0,2.0,9.0,Match Report,2021-04-03,15:30 (06:30),Bundesliga,Matchweek 27,Sat,Away,L,1.0,2.0,Leverkusen,11.0,4.0,3.0,1.0,0.0,2.0,1.0,2.0,1.0,0.0,1.0,0.0,0.0,0.0,Match Report,2021-04-03,15:30 (06:30),Bundesliga,Matchweek 27,Sat,Away,L,1.0,2.0,Leverkusen,23.0,15,7.0,11.0,5.0,10.0,21.0,47.6,11.0,6.0,1.0,5.0,15,38,9.0,0.0,Match Report,2021-04-03,15:30 (06:30),Bundesliga,Matchweek 27,Sat,Away,L,1.0,2.0,Leverkusen,36.0,531.0,54.0,172.0,280.0,85.0,19.0,531.0,25.0,18.0,72.0,7.0,28.0,292.0,1486.0,732.0,17.0,10.0,3.0,15.0,10.0,341.0,31.0,Match Report,2021-04-03,15:30 (06:30),Bundesliga,Matchweek 27,Sat,Away,L,1.0,2.0,Leverkusen,0,0,0,9,13,2,17,15,15,0.0,0.0,0,60.0,12.0,14.0,46.2,Match Report
2021-04-11,15:30 (06:30),Bundesliga,Matchweek 28,Sun,Home,W,1.0,0.0,Augsburg,1,7,2,28.6,0.14,0.5,19.2,1.0,0,0,0.9,0.9,0.13,0.1,0.1,Match Report,2021-04-11,15:30 (06:30),Bundesliga,Matchweek 28,Sun,Home,W,1.0,0.0,Augsburg,4,0,4,100.0,1,0.7,0.7,0,0,0,0,10.0,19.0,52.6,41.0,4.0,36.6,33.8,8.0,50.0,38.3,18.0,1.0,5.6,2.0,13.0,Match Report,2021-04-11,15:30 (06:30),Bundesliga,Matchweek 28,Sun,Home,W,1.0,0.0,Augsburg,347.0,456.0,76.1,6486.0,2713.0,138.0,166.0,83.1,164.0,196.0,83.7,37.0,67.0,55.2,1,0.2,0.4,3.0,13.0,5.0,1.0,26.0,Match Report,2021-04-11,15:30 (06:30),Bundesliga,Matchweek 28,Sun,Home,W,1.0,0.0,Augsburg,456.0,408.0,46.0,16.0,0.0,3.0,12,17.0,4.0,1.0,3.0,0.0,347.0,2.0,12.0,Match Report,2021-04-11,15:30 (06:30),Bundesliga,Matchweek 28,Sun,Home,W,1.0,0.0,Augsburg,13.0,10.0,0.0,1.0,1.0,1.0,0.0,2.0,2.0,0.0,0.0,0.0,0.0,0.0,Match Report,2021-04-11,15:30 (06:30),Bundesliga,Matchweek 28,Sun,Home,W,1.0,0.0,Augsburg,16.0,9,8.0,7.0,1.0,5.0,15.0,33.3,10.0,14.0,4.0,10.0,9,25,27.0,0.0,Match Report,2021-04-11,15:30 (06:30),Bundesliga,Matchweek 28,Sun,Home,W,1.0,0.0,Augsburg,44.0,581.0,82.0,269.0,242.0,73.0,17.0,581.0,12.0,9.0,75.0,3.0,25.0,266.0,1355.0,652.0,10.0,8.0,4.0,24.0,13.0,345.0,26.0,Match Report,2021-04-11,15:30 (06:30),Bundesliga,Matchweek 28,Sun,Home,W,1.0,0.0,Augsburg,0,0,0,10,11,2,12,9,9,0.0,0.0,0,58.0,18.0,12.0,60.0,Match Report
2021-04-17,15:30 (06:30),Bundesliga,Matchweek 29,Sat,Away,L,0.0,4.0,Freiburg,0,4,2,50.0,0.0,0.0,15.7,0.0,0,0,0.7,0.7,0.18,-0.7,-0.7,Match Report,2021-04-17,15:30 (06:30),Bundesliga,Matchweek 29,Sat,Away,L,0.0,4.0,Freiburg,8,4,4,62.5,0,3.0,-1.0,1,1,0,0,2.0,8.0,25.0,27.0,9.0,25.9,23.7,2.0,50.0,36.0,17.0,0.0,0.0,2.0,18.7,Match Report,2021-04-17,15:30 (06:30),Bundesliga,Matchweek 29,Sat,Away,L,0.0,4.0,Freiburg,304.0,392.0,77.6,5323.0,1875.0,123.0,140.0,87.9,153.0,179.0,85.5,21.0,50.0,42.0,0,0.7,0.6,4.0,9.0,3.0,1.0,13.0,Match Report,2021-04-17,15:30 (06:30),Bundesliga,Matchweek 29,Sat,Away,L,0.0,4.0,Freiburg,392.0,346.0,46.0,18.0,1.0,2.0,9,17.0,4.0,1.0,3.0,0.0,304.0,0.0,11.0,Match Report,2021-04-17,15:30 (06:30),Bundesliga,Matchweek 29,Sat,Away,L,0.0,4.0,Freiburg,6.0,3.0,3.0,0.0,0.0,0.0,0.0,0.0,0.0,0.0,0.0,0.0,0.0,0.0,Match Report,2021-04-17,15:30 (06:30),Bundesliga,Matchweek 29,Sat,Away,L,0.0,4.0,Freiburg,18.0,8,5.0,9.0,4.0,6.0,16.0,37.5,10.0,10.0,2.0,8.0,10,28,19.0,0.0,Match Report,2021-04-17,15:30 (06:30),Bundesliga,Matchweek 29,Sat,Away,L,0.0,4.0,Freiburg,42.0,495.0,63.0,216.0,221.0,62.0,9.0,495.0,10.0,2.0,20.0,8.0,80.0,312.0,1570.0,673.0,8.0,9.0,1.0,16.0,11.0,302.0,12.0,Match Report,2021-04-17,15:30 (06:30),Bundesliga,Matchweek 29,Sat,Away,L,0.0,4.0,Freiburg,1,0,0,12,14,0,9,10,8,0.0,1.0,0,40.0,11.0,12.0,47.8,Match Report
2021-04-20,20:30 (11:30),Bundesliga,Matchweek 30,Tue,Away,L,0.0,1.0,Arminia,0,5,0,0.0,0.0,,20.2,2.0,0,0,0.3,0.3,0.06,-0.3,-0.3,Match Report,2021-04-20,20:30 (11:30),Bundesliga,Matchweek 30,Tue,Away,L,0.0,1.0,Arminia,5,1,3,80.0,0,2.0,1.0,1,0,1,0,8.0,18.0,44.4,33.0,7.0,39.4,34.1,7.0,71.4,47.4,11.0,0.0,0.0,1.0,24.0,Match Report,2021-04-20,20:30 (11:30),Bundesliga,Matchweek 30,Tue,Away,L,0.0,1.0,Arminia,318.0,446.0,71.3,6426.0,2475.0,112.0,141.0,79.4,154.0,195.0,79.0,47.0,83.0,56.6,0,0.1,0.3,2.0,27.0,3.0,0.0,34.0,Match Report,2021-04-20,20:30 (11:30),Bundesliga,Matchweek 30,Tue,Away,L,0.0,1.0,Arminia,446.0,388.0,55.0,16.0,1.0,4.0,16,28.0,2.0,1.0,1.0,0.0,318.0,3.0,9.0,Match Report,2021-04-20,20:30 (11:30),Bundesliga,Matchweek 30,Tue,Away,L,0.0,1.0,Arminia,7.0,2.0,1.0,1.0,1.0,2.0,0.0,0.0,0.0,0.0,0.0,0.0,0.0,0.0,Match Report,2021-04-20,20:30 (11:30),Bundesliga,Matchweek 30,Tue,Away,L,0.0,1.0,Arminia,13.0,6,6.0,5.0,2.0,4.0,15.0,26.7,11.0,9.0,5.0,4.0,9,22,27.0,0.0,Match Report,2021-04-20,20:30 (11:30),Bundesliga,Matchweek 30,Tue,Away,L,0.0,1.0,Arminia,56.0,568.0,84.0,260.0,220.0,101.0,9.0,568.0,26.0,14.0,53.8,12.0,46.2,308.0,1565.0,750.0,14.0,9.0,4.0,12.0,8.0,316.0,34.0,Match Report,2021-04-20,20:30 (11:30),Bundesliga,Matchweek 30,Tue,Away,L,0.0,1.0,Arminia,5,1,1,12,13,3,16,9,6,0.0,1.0,0,51.0,34.0,26.0,56.7,Match Report
2021-05-08,15:30 (06:30),Bundesliga,Matchweek 32,Sat,Away,L,2.0,4.0,Hoffenheim,2,6,3,50.0,0.33,0.67,16.7,1.0,0,0,1.0,1.0,0.16,1.0,1.0,Match Report,2021-05-08,15:30 (06:30),Bundesliga,Matchweek 32,Sat,Away,L,2.0,4.0,Hoffenheim,12,4,8,66.7,0,2.8,-1.2,0,0,0,0,2.0,22.0,9.1,32.0,9.0,50.0,39.3,9.0,66.7,51.8,22.0,0.0,0.0,0.0,9.5,Match Report,2021-05-08,15:30 (06:30),Bundesliga,Matchweek 32,Sat,Away,L,2.0,4.0,Hoffenheim,287.0,373.0,76.9,5427.0,1972.0,120.0,137.0,87.6,129.0,153.0,84.3,35.0,71.0,49.3,2,0.9,0.5,5.0,13.0,7.0,1.0,19.0,Match Report,2021-05-08,15:30 (06:30),Bundesliga,Matchweek 32,Sat,Away,L,2.0,4.0,Hoffenheim,373.0,325.0,47.0,14.0,0.0,2.0,9,16.0,3.0,3.0,0.0,0.0,287.0,1.0,5.0,Match Report,2021-05-08,15:30 (06:30),Bundesliga,Matchweek 32,Sat,Away,L,2.0,4.0,Hoffenheim,12.0,8.0,1.0,1.0,0.0,1.0,1.0,4.0,3.0,1.0,0.0,0.0,0.0,0.0,Match Report,2021-05-08,15:30 (06:30),Bundesliga,Matchweek 32,Sat,Away,L,2.0,4.0,Hoffenheim,11.0,7,7.0,4.0,0.0,6.0,18.0,33.3,12.0,12.0,3.0,9.0,13,24,20.0,0.0,Match Report,2021-05-08,15:30 (06:30),Bundesliga,Matchweek 32,Sat,Away,L,2.0,4.0,Hoffenheim,38.0,467.0,84.0,226.0,184.0,60.0,11.0,467.0,16.0,9.0,56.3,7.0,43.8,306.0,1658.0,801.0,16.0,10.0,2.0,12.0,10.0,287.0,19.0,Match Report,2021-05-08,15:30 (06:30),Bundesliga,Matchweek 32,Sat,Away,L,2.0,4.0,Hoffenheim,2,0,0,12,12,1,9,13,7,0.0,0.0,0,37.0,6.0,13.0,31.6,Match Report
2021-05-12,18:00 (09:00),Bundesliga,Matchweek 31,Wed,Home,L,1.0,2.0,Hertha BSC,1,12,1,8.3,0.08,1.0,16.0,0.0,0,0,0.9,0.9,0.08,0.1,0.1,Match Report,2021-05-12,18:00 (09:00),Bundesliga,Matchweek 31,Wed,Home,L,1.0,2.0,Hertha BSC,6,2,4,66.7,0,1.3,-0.7,0,0,0,0,1.0,6.0,16.7,22.0,9.0,13.6,26.7,6.0,50.0,38.2,16.0,0.0,0.0,2.0,14.3,Match Report,2021-05-12,18:00 (09:00),Bundesliga,Matchweek 31,Wed,Home,L,1.0,2.0,Hertha BSC,355.0,447.0,79.4,6685.0,2072.0,124.0,150.0,82.7,182.0,204.0,89.2,40.0,70.0,57.1,1,0.6,0.5,9.0,27.0,3.0,1.0,30.0,Match Report,2021-05-12,18:00 (09:00),Bundesliga,Matchweek 31,Wed,Home,L,1.0,2.0,Hertha BSC,447.0,409.0,38.0,18.0,0.0,9.0,13,10.0,1.0,0.0,1.0,0.0,355.0,0.0,7.0,Match Report,2021-05-12,18:00 (09:00),Bundesliga,Matchweek 31,Wed,Home,L,1.0,2.0,Hertha BSC,21.0,13.0,3.0,1.0,3.0,1.0,0.0,2.0,2.0,0.0,0.0,0.0,0.0,0.0,Match Report,2021-05-12,18:00 (09:00),Bundesliga,Matchweek 31,Wed,Home,L,1.0,2.0,Hertha BSC,22.0,16,14.0,8.0,0.0,11.0,19.0,57.9,8.0,14.0,4.0,10.0,10,32,17.0,0.0,Match Report,2021-05-12,18:00 (09:00),Bundesliga,Matchweek 31,Wed,Home,L,1.0,2.0,Hertha BSC,45.0,562.0,64.0,188.0,286.0,97.0,14.0,562.0,11.0,7.0,63.6,4.0,36.4,286.0,1791.0,1202.0,20.0,12.0,3.0,18.0,9.0,352.0,30.0,Match Report,2021-05-12,18:00 (09:00),Bundesliga,Matchweek 31,Wed,Home,L,1.0,2.0,Hertha BSC,3,0,0,9,11,0,13,10,16,0.0,0.0,0,43.0,11.0,24.0,31.4,Match Report
2021-05-15,15:30 (06:30),Bundesliga,Matchweek 33,Sat,Home,W,4.0,3.0,Eint Frankfurt,4,10,5,50.0,0.4,0.8,15.4,0.0,0,1,2.8,2.0,0.2,1.2,2.0,Match Report,2021-05-15,15:30 (06:30),Bundesliga,Matchweek 33,Sat,Home,W,4.0,3.0,Eint Frankfurt,8,3,5,62.5,0,3.1,0.1,0,0,0,0,6.0,28.0,21.4,35.0,5.0,48.6,42.5,12.0,91.7,62.7,37.0,2.0,5.4,0.0,5.2,Match Report,2021-05-15,15:30 (06:30),Bundesliga,Matchweek 33,Sat,Home,W,4.0,3.0,Eint Frankfurt,263.0,358.0,73.5,4547.0,2012.0,120.0,136.0,88.2,93.0,115.0,80.9,33.0,71.0,46.5,3,1.9,1.0,8.0,13.0,8.0,1.0,19.0,Match Report,2021-05-15,15:30 (06:30),Bundesliga,Matchweek 33,Sat,Home,W,4.0,3.0,Eint Frankfurt,358.0,309.0,46.0,14.0,3.0,1.0,3,15.0,1.0,0.0,0.0,0.0,263.0,3.0,8.0,Match Report,2021-05-15,15:30 (06:30),Bundesliga,Matchweek 33,Sat,Home,W,4.0,3.0,Eint Frankfurt,18.0,14.0,1.0,0.0,1.0,2.0,0.0,7.0,6.0,0.0,0.0,1.0,0.0,0.0,Match Report,2021-05-15,15:30 (06:30),Bundesliga,Matchweek 33,Sat,Home,W,4.0,3.0,Eint Frankfurt,19.0,11,11.0,8.0,0.0,7.0,17.0,41.2,10.0,13.0,6.0,7.0,14,33,34.0,1.0,Match Report,2021-05-15,15:30 (06:30),Bundesliga,Matchweek 33,Sat,Home,W,4.0,3.0,Eint Frankfurt,36.0,482.0,104.0,266.0,172.0,55.0,16.0,481.0,11.0,5.0,45.5,6.0,54.5,268.0,1235.0,585.0,11.0,6.0,1.0,12.0,15.0,262.0,19.0,Match Report,2021-05-15,15:30 (06:30),Bundesliga,Matchweek 33,Sat,Home,W,4.0,3.0,Eint Frankfurt,0,0,0,9,11,3,3,14,11,1.0,0.0,0,60.0,14.0,19.0,42.4,Match Report
2021-05-22,15:30 (06:30),Bundesliga,Matchweek 34,Sat,Away,L,0.0,1.0,Köln,0,6,0,0.0,0.0,,17.7,0.0,0,0,0.4,0.4,0.06,-0.4,-0.4,Match Report,2021-05-22,15:30 (06:30),Bundesliga,Matchweek 34,Sat,Away,L,0.0,1.0,Köln,10,1,9,90.0,0,2.0,1.0,0,0,0,0,11.0,36.0,30.6,32.0,5.0,78.1,48.0,11.0,100.0,59.1,31.0,1.0,3.2,1.0,14.0,Match Report,2021-05-22,15:30 (06:30),Bundesliga,Matchweek 34,Sat,Away,L,0.0,1.0,Köln,177.0,290.0,61.0,3592.0,1927.0,78.0,112.0,69.6,62.0,83.0,74.7,32.0,77.0,41.6,0,0.3,0.3,5.0,12.0,1.0,0.0,6.0,Match Report,2021-05-22,15:30 (06:30),Bundesliga,Matchweek 34,Sat,Away,L,0.0,1.0,Köln,290.0,227.0,63.0,17.0,0.0,4.0,7,29.0,4.0,1.0,3.0,0.0,177.0,0.0,10.0,Match Report,2021-05-22,15:30 (06:30),Bundesliga,Matchweek 34,Sat,Away,L,0.0,1.0,Köln,9.0,5.0,2.0,1.0,1.0,0.0,0.0,0.0,0.0,0.0,0.0,0.0,0.0,0.0,Match Report,2021-05-22,15:30 (06:30),Bundesliga,Matchweek 34,Sat,Away,L,0.0,1.0,Köln,18.0,9,14.0,3.0,1.0,5.0,11.0,45.5,6.0,8.0,6.0,2.0,13,31,36.0,1.0,Match Report,2021-05-22,15:30 (06:30),Bundesliga,Matchweek 34,Sat,Away,L,0.0,1.0,Köln,35.0,431.0,101.0,224.0,140.0,71.0,7.0,431.0,23.0,11.0,47.8,12.0,52.2,169.0,916.0,429.0,9.0,5.0,3.0,19.0,7.0,174.0,6.0,Match Report,2021-05-22,15:30 (06:30),Bundesliga,Matchweek 34,Sat,Away,L,0.0,1.0,Köln,2,0,0,12,14,0,7,13,9,0.0,0.0,0,51.0,18.0,26.0,40.9,Match Report
,,,,,,--,,,,31,337,105,31.2,0.09,0.3,18.4,11.0,0,3,,,0.09,31.0,31.0,,,,,,,,--,,,,243,89,161,66.1,4,69.8,-11.2,11,7,4,0,146.0,500.0,29.2,969.0,194.0,33.1,32.6,304.0,58.9,43.4,548.0,20.0,3.6,38.0,13.4,,,,,,,,--,,,,11084.0,14706.0,75.4,202831.0,76224.0,4611.0,5483.0,84.1,4847.0,5750.0,84.3,1290.0,2483.0,52.0,25,,,217.0,668.0,182.0,39.0,943.0,,,,,,,,--,,,,14706.0,12891.0,1747.0,486.0,19.0,123.0,478,715.0,124.0,46.0,71.0,0.0,11084.0,68.0,321.0,,,,,,,,--,,,,519.0,340.0,65.0,27.0,39.0,40.0,8.0,41.0,30.0,4.0,3.0,2.0,2.0,0.0,,,,,,,,--,,,,552.0,379,283.0,224.0,45.0,203.0,546.0,37.2,343.0,437.0,143.0,294.0,447,963,693.0,12.0,,,,,,,,--,,,,,18697.0,2520.0,7325.0,8398.0,3172.0,478.0,18694.0,617.0,333.0,54.0,284.0,46.0,9957.0,52079.0,25372.0,452.0,336.0,92.0,592.0,352.0,11016.0,936.0,,,,,,,,--,,,,80,2,2,460,454,72,478,447,379,3.0,8.0,5,1748.0,519.0,564.0,47.9,
