For Atlético Madrid_Date,For Atlético Madrid_Time,For Atlético Madrid_Comp,For Atlético Madrid_Round,For Atlético Madrid_Day,For Atlético Madrid_Venue,For Atlético Madrid_Result,For Atlético Madrid_GF,For Atlético Madrid_GA,For Atlético Madrid_Opponent,Standard_Gls,Standard_Sh,Standard_SoT,Standard_SoT%,Standard_G/Sh,Standard_G/SoT,Standard_Dist,Standard_FK,Standard_PK,Standard_PKatt,Expected_xG,Expected_npxG,Expected_npxG/Sh,Expected_G-xG,Expected_np:G-xG,Match Report,For Atlético Madrid_Date,For Atlético Madrid_Time,For Atlético Madrid_Comp,For Atlético Madrid_Round,For Atlético Madrid_Day,For Atlético Madrid_Venue,For Atlético Madrid_Result,For Atlético Madrid_GF,For Atlético Madrid_GA,For Atlético Madrid_Opponent,Performance_SoTA,Performance_GA,Performance_Saves,Performance_Save%,Performance_CS,Performance_PSxG,Performance_PSxG+/-,Penalty Kicks_PKatt,Penalty Kicks_PKA,Penalty Kicks_PKsv,Penalty Kicks_PKm,Launched_Cmp,Launched_Att,Launched_Cmp%,Passes_Att (GK),Passes_Thr,Passes_Launch%,Passes_AvgLen,Goal Kicks_Att,Goal Kicks_Launch%,Goal Kicks_AvgLen,Crosses_Opp,Crosses_Stp,Crosses_Stp%,Sweeper_#OPA,Sweeper_AvgDist,Match Report,For Atlético Madrid_Date,For Atlético Madrid_Time,For Atlético Madrid_Comp,For Atlético Madrid_Round,For Atlético Madrid_Day,For Atlético Madrid_Venue,For Atlético Madrid_Result,For Atlético Madrid_GF,For Atlético Madrid_GA,For Atlético Madrid_Opponent,Total_Cmp,Total_Att,Total_Cmp%,Total_TotDist,Total_PrgDist,Short_Cmp,Short_Att,Short_Cmp%,Medium_Cmp,Medium_Att,Medium_Cmp%,Long_Cmp,Long_Att,Long_Cmp%,Ast,xAG,xA,KP,1/3,PPA,CrsPA,PrgP,Match Report,For Atlético Madrid_Date,For Atlético Madrid_Time,For Atlético Madrid_Comp,For Atlético Madrid_Round,For Atlético Madrid_Day,For Atlético Madrid_Venue,For Atlético Madrid_Result,For Atlético Madrid_GF,For Atlético Madrid_GA,For Atlético Madrid_Opponent,For Atlético Madrid_Att,Pass Types_Live,Pass Types_Dead,Pass Types_FK,Pass Types_TB,Pass Types_Sw,Pass Types_Crs,Pass Types_TI,Pass Types_CK,Corner Kicks_In,Corner Kicks_Out,Corner Kicks_Str,Outcomes_Cmp,Outcomes_Off,Outcomes_Blocks,Match Report,For Atlético Madrid_Date,For Atlético Madrid_Time,For Atlético Madrid_Comp,For Atlético Madrid_Round,For Atlético Madrid_Day,For Atlético Madrid_Venue,For Atlético Madrid_Result,For Atlético Madrid_GF,For Atlético Madrid_GA,For Atlético Madrid_Opponent,SCA Types_SCA,SCA Types_PassLive,SCA Types_PassDead,SCA Types_TO,SCA Types_Sh,SCA Types_Fld,SCA Types_Def,GCA Types_GCA,GCA Types_PassLive,GCA Types_PassDead,GCA Types_TO,GCA Types_Sh,GCA Types_Fld,GCA Types_Def,Match Report,For Atlético Madrid_Date,For Atlético Madrid_Time,For Atlético Madrid_Comp,For Atlético Madrid_Round,For Atlético Madrid_Day,For Atlético Madrid_Venue,For Atlético Madrid_Result,For Atlético Madrid_GF,For Atlético Madrid_GA,For Atlético Madrid_Opponent,Tackles_Tkl,Tackles_TklW,Tackles_Def 3rd,Tackles_Mid 3rd,Tackles_Att 3rd,Challenges_Tkl,Challenges_Att,Challenges_Tkl%,Challenges_Lost,Blocks_Blocks,Blocks_Sh,Blocks_Pass,Int,Tkl+Int,Clr,Err,Match Report,For Atlético Madrid_Date,For Atlético Madrid_Time,For Atlético Madrid_Comp,For Atlético Madrid_Round,For Atlético Madrid_Day,For Atlético Madrid_Venue,For Atlético Madrid_Result,For Atlético Madrid_GF,For Atlético Madrid_GA,For Atlético Madrid_Opponent,For Atlético Madrid_Poss,Touches_Touches,Touches_Def Pen,Touches_Def 3rd,Touches_Mid 3rd,Touches_Att 3rd,Touches_Att Pen,Touches_Live,Take-Ons_Att,Take-Ons_Succ,Take-Ons_Succ%,Take-Ons_Tkld,Take-Ons_Tkld%,Carries_Carries,Carries_TotDist,Carries_PrgDist,Carries_PrgC,Carries_1/3,Carries_CPA,Carries_Mis,Carries_Dis,Receiving_Rec,Receiving_PrgR,Match Report,For Atlético Madrid_Date,For Atlético Madrid_Time,For Atlético Madrid_Comp,For Atlético Madrid_Round,For Atlético Madrid_Day,For Atlético Madrid_Venue,For Atlético Madrid_Result,For Atlético Madrid_GF,For Atlético Madrid_GA,For Atlético Madrid_Opponent,Performance_CrdY,Performance_CrdR,Performance_2CrdY,Performance_Fls,Performance_Fld,Performance_Off,Performance_Crs,Performance_Int,Performance_TklW,Performance_PKwon,Performance_PKcon,Performance_OG,Performance_Recov,Aerial Duels_Won,Aerial Duels_Lost,Aerial Duels_Won%,Match Report
2021-08-15,17:30 (08:30),La Liga,Matchweek 1,Sun,Away,W,2,1,Celta Vigo,2,13,4,30.8,0.15,0.50,16.2,1,0,0,1.5,1.5,0.11,+0.5,+0.5,Match Report,2021-08-15,17:30 (08:30),La Liga,Matchweek 1,Sun,Away,W,2,1,Celta Vigo,2,1,1,100.0,0,1.2,+0.2,1,1,0,0,5,15,33.3,26,5,53.8,43.1,5,20.0,30.8,15,1,6.7,0,10.3,Match Report,2021-08-15,17:30 (08:30),La Liga,Matchweek 1,Sun,Away,W,2,1,Celta Vigo,367,469,78.3,6152,2288,180,209,86.1,104,122,85.2,54,83,65.1,2,1.0,0.7,10,17,2,0,25,Match Report,2021-08-15,17:30 (08:30),La Liga,Matchweek 1,Sun,Away,W,2,1,Celta Vigo,469,420,48,11,4,8,9,25,5,0,3,0,367,1,10,Match Report,2021-08-15,17:30 (08:30),La Liga,Matchweek 1,Sun,Away,W,2,1,Celta Vigo,24,13,5,2,2,2,0,4,3,0,1,0,0,0,Match Report,2021-08-15,17:30 (08:30),La Liga,Matchweek 1,Sun,Away,W,2,1,Celta Vigo,12,5,1,8,3,5,14,35.7,9,9,5,4,4,16,26,1,Match Report,2021-08-15,17:30 (08:30),La Liga,Matchweek 1,Sun,Away,W,2,1,Celta Vigo,47,576,66,201,256,127,18,576,29,24,82.8,5,17.2,322,1465,676,14,8,6,21,14,367,25,Match Report,2021-08-15,17:30 (08:30),La Liga,Matchweek 1,Sun,Away,W,2,1,Celta Vigo,5,1,0,9,11,1,9,4,5,0,1,0,56,20,5,80.0,Match Report
2021-08-22,19:30 (10:30),La Liga,Matchweek 2,Sun,Home,W,1,0,Elche,1,8,4,50.0,0.13,0.25,21.9,0,0,0,1.2,1.2,0.15,-0.2,-0.2,Match Report,2021-08-22,19:30 (10:30),La Liga,Matchweek 2,Sun,Home,W,1,0,Elche,2,0,2,100.0,1,0.1,+0.1,0,0,0,0,4,7,57.1,12,4,33.3,35.8,10,30.0,33.9,9,0,0.0,0,16.0,Match Report,2021-08-22,19:30 (10:30),La Liga,Matchweek 2,Sun,Home,W,1,0,Elche,381,459,83.0,6721,2188,174,195,89.2,132,145,91.0,51,75,68.0,1,1.0,0.5,6,19,4,0,21,Match Report,2021-08-22,19:30 (10:30),La Liga,Matchweek 2,Sun,Home,W,1,0,Elche,459,409,45,10,2,5,7,22,2,1,1,0,381,5,4,Match Report,2021-08-22,19:30 (10:30),La Liga,Matchweek 2,Sun,Home,W,1,0,Elche,14,11,1,1,0,0,1,2,1,0,0,0,0,1,Match Report,2021-08-22,19:30 (10:30),La Liga,Matchweek 2,Sun,Home,W,1,0,Elche,27,16,9,17,1,15,24,62.5,9,10,0,10,8,35,9,0,Match Report,2021-08-22,19:30 (10:30),La Liga,Matchweek 2,Sun,Home,W,1,0,Elche,43,553,33,140,307,110,14,553,9,7,77.8,2,22.2,323,1874,1132,24,12,5,15,10,377,21,Match Report,2021-08-22,19:30 (10:30),La Liga,Matchweek 2,Sun,Home,W,1,0,Elche,2,0,0,16,9,5,7,8,16,0,0,0,39,7,5,58.3,Match Report
2021-08-29,22:00 (13:00),La Liga,Matchweek 3,Sun,Home,D,2,2,Villarreal,1,23,3,13.0,0.04,0.33,19.7,1,0,0,1.7,1.7,0.07,-0.7,-0.7,Match Report,2021-08-29,22:00 (13:00),La Liga,Matchweek 3,Sun,Home,D,2,2,Villarreal,2,2,0,0.0,0,0.8,-1.2,0,0,0,0,1,2,50.0,13,6,15.4,28.2,1,0.0,7.0,4,0,0.0,0,,Match Report,2021-08-29,22:00 (13:00),La Liga,Matchweek 3,Sun,Home,D,2,2,Villarreal,394,480,82.1,6410,2276,206,223,92.4,120,143,83.9,45,73,61.6,1,0.9,1.1,13,27,20,7,53,Match Report,2021-08-29,22:00 (13:00),La Liga,Matchweek 3,Sun,Home,D,2,2,Villarreal,480,432,43,6,0,8,36,17,16,5,9,0,394,5,4,Match Report,2021-08-29,22:00 (13:00),La Liga,Matchweek 3,Sun,Home,D,2,2,Villarreal,39,27,3,4,4,1,0,2,2,0,0,0,0,0,Match Report,2021-08-29,22:00 (13:00),La Liga,Matchweek 3,Sun,Home,D,2,2,Villarreal,12,8,8,3,1,10,17,58.8,7,8,0,8,7,19,8,0,Match Report,2021-08-29,22:00 (13:00),La Liga,Matchweek 3,Sun,Home,D,2,2,Villarreal,49,581,21,132,214,238,43,581,18,8,44.4,10,55.6,325,1946,1109,29,19,7,15,14,393,53,Match Report,2021-08-29,22:00 (13:00),La Liga,Matchweek 3,Sun,Home,D,2,2,Villarreal,5,0,0,11,6,5,36,7,8,0,0,0,50,7,13,35.0,Match Report
2021-09-12,14:00 (05:00),La Liga,Matchweek 4,Sun,Away,W,2,1,Espanyol,2,13,3,23.1,0.15,0.67,17.8,0,0,0,0.8,0.8,0.06,+1.2,+1.2,Match Report,2021-09-12,14:00 (05:00),La Liga,Matchweek 4,Sun,Away,W,2,1,Espanyol,3,1,2,66.7,0,0.6,-0.4,0,0,0,0,2,4,50.0,16,6,18.8,27.1,8,12.5,20.5,13,3,23.1,1,8.8,Match Report,2021-09-12,14:00 (05:00),La Liga,Matchweek 4,Sun,Away,W,2,1,Espanyol,468,570,82.1,7755,2436,230,261,88.1,178,202,88.1,42,71,59.2,1,0.5,1.0,9,38,11,1,55,Match Report,2021-09-12,14:00 (05:00),La Liga,Matchweek 4,Sun,Away,W,2,1,Espanyol,570,518,50,11,3,4,20,26,3,0,3,0,468,2,9,Match Report,2021-09-12,14:00 (05:00),La Liga,Matchweek 4,Sun,Away,W,2,1,Espanyol,19,17,0,1,0,0,1,4,4,0,0,0,0,0,Match Report,2021-09-12,14:00 (05:00),La Liga,Matchweek 4,Sun,Away,W,2,1,Espanyol,16,11,6,8,2,11,17,64.7,6,10,3,7,9,25,8,0,Match Report,2021-09-12,14:00 (05:00),La Liga,Matchweek 4,Sun,Away,W,2,1,Espanyol,58,662,43,146,293,228,32,662,22,15,68.2,7,31.8,419,2442,1464,27,12,7,14,15,466,55,Match Report,2021-09-12,14:00 (05:00),La Liga,Matchweek 4,Sun,Away,W,2,1,Espanyol,4,0,0,11,9,2,20,9,11,0,0,0,51,13,10,56.5,Match Report
2021-09-15,21:00 (12:00),Champions Lg,Group stage,Wed,Home,D,0,0,pt Porto,0,6,2,33.3,0.00,0.00,22.0,2,0,0,0.3,0.3,0.06,-0.3,-0.3,Match Report,2021-09-15,21:00 (12:00),Champions Lg,Group stage,Wed,Home,D,0,0,pt Porto,1,0,1,100.0,1,0.7,+0.7,0,0,0,0,3,10,30.0,22,6,22.7,26.5,11,45.5,36.4,5,0,0.0,1,22.5,Match Report,2021-09-15,21:00 (12:00),Champions Lg,Group stage,Wed,Home,D,0,0,pt Porto,382,475,80.4,6947,2101,170,186,91.4,161,180,89.4,43,83,51.8,0,0.2,0.5,3,18,2,0,32,Match Report,2021-09-15,21:00 (12:00),Champions Lg,Group stage,Wed,Home,D,0,0,pt Porto,475,414,56,19,1,10,15,21,4,1,2,0,382,5,4,Match Report,2021-09-15,21:00 (12:00),Champions Lg,Group stage,Wed,Home,D,0,0,pt Porto,11,5,2,1,0,3,0,0,0,0,0,0,0,0,Match Report,2021-09-15,21:00 (12:00),Champions Lg,Group stage,Wed,Home,D,0,0,pt Porto,14,9,8,5,1,6,15,40.0,9,4,0,4,7,21,8,1,Match Report,2021-09-15,21:00 (12:00),Champions Lg,Group stage,Wed,Home,D,0,0,pt Porto,56,553,52,173,273,117,16,553,16,10,62.5,6,37.5,346,1992,1019,18,13,5,20,4,380,32,Match Report,2021-09-15,21:00 (12:00),Champions Lg,Group stage,Wed,Home,D,0,0,pt Porto,3,0,0,14,20,5,15,7,9,0,0,0,39,13,8,61.9,Match Report
2021-09-18,16:15 (07:15),La Liga,Matchweek 5,Sat,Home,D,0,0,Athletic Club,0,14,2,14.3,0.00,0.00,18.0,0,0,0,0.9,0.9,0.06,-0.9,-0.9,Match Report,2021-09-18,16:15 (07:15),La Liga,Matchweek 5,Sat,Home,D,0,0,Athletic Club,0,0,0,,1,0.0,0.0,0,0,0,0,5,17,29.4,23,6,43.5,39.3,12,58.3,52.7,13,0,0.0,1,32.0,Match Report,2021-09-18,16:15 (07:15),La Liga,Matchweek 5,Sat,Home,D,0,0,Athletic Club,443,545,81.3,8783,2916,175,188,93.1,173,198,87.4,75,118,63.6,0,0.8,1.6,12,32,13,1,55,Match Report,2021-09-18,16:15 (07:15),La Liga,Matchweek 5,Sat,Home,D,0,0,Athletic Club,545,484,60,14,1,20,21,28,5,1,4,0,443,1,9,Match Report,2021-09-18,16:15 (07:15),La Liga,Matchweek 5,Sat,Home,D,0,0,Athletic Club,25,22,2,0,0,1,0,0,0,0,0,0,0,0,Match Report,2021-09-18,16:15 (07:15),La Liga,Matchweek 5,Sat,Home,D,0,0,Athletic Club,14,11,8,4,2,8,17,47.1,9,8,3,5,9,23,21,0,Match Report,2021-09-18,16:15 (07:15),La Liga,Matchweek 5,Sat,Home,D,0,0,Athletic Club,55,646,68,186,262,206,38,646,23,15,65.2,8,34.8,399,1811,909,24,19,8,13,5,442,55,Match Report,2021-09-18,16:15 (07:15),La Liga,Matchweek 5,Sat,Home,D,0,0,Athletic Club,6,1,1,10,13,1,21,9,11,0,0,0,42,14,12,53.8,Match Report
2021-09-21,19:30 (10:30),La Liga,Matchweek 6,Tue,Away,W,2,1,Getafe,2,12,4,33.3,0.17,0.50,17.7,0,0,0,1.1,1.1,0.10,+0.9,+0.9,Match Report,2021-09-21,19:30 (10:30),La Liga,Matchweek 6,Tue,Away,W,2,1,Getafe,1,1,1,0.0,0,0.2,+0.2,0,0,0,0,4,9,44.4,20,6,40.0,34.9,3,33.3,36.0,10,2,20.0,3,18.8,Match Report,2021-09-21,19:30 (10:30),La Liga,Matchweek 6,Tue,Away,W,2,1,Getafe,479,616,77.8,8227,2837,226,257,87.9,174,213,81.7,56,95,58.9,2,0.9,0.8,8,33,12,3,48,Match Report,2021-09-21,19:30 (10:30),La Liga,Matchweek 6,Tue,Away,W,2,1,Getafe,616,550,64,18,2,8,28,36,5,2,2,0,479,2,8,Match Report,2021-09-21,19:30 (10:30),La Liga,Matchweek 6,Tue,Away,W,2,1,Getafe,20,13,4,0,1,2,0,4,4,0,0,0,0,0,Match Report,2021-09-21,19:30 (10:30),La Liga,Matchweek 6,Tue,Away,W,2,1,Getafe,15,4,5,9,1,6,9,66.7,3,12,2,10,15,30,13,0,Match Report,2021-09-21,19:30 (10:30),La Liga,Matchweek 6,Tue,Away,W,2,1,Getafe,68,732,46,203,324,210,24,732,10,6,60.0,4,40.0,394,1848,889,17,16,3,16,10,475,48,Match Report,2021-09-21,19:30 (10:30),La Liga,Matchweek 6,Tue,Away,W,2,1,Getafe,5,0,0,11,15,2,28,15,4,0,0,1,53,27,12,69.2,Match Report
2021-09-25,14:00 (05:00),La Liga,Matchweek 7,Sat,Away,L,0,1,Alavés,0,13,1,7.7,0.00,0.00,20.5,0,0,0,0.7,0.7,0.05,-0.7,-0.7,Match Report,2021-09-25,14:00 (05:00),La Liga,Matchweek 7,Sat,Away,L,0,1,Alavés,1,1,0,0.0,0,0.5,-0.5,0,0,0,0,5,11,45.5,20,5,25.0,26.3,7,85.7,44.3,9,1,11.1,2,24.7,Match Report,2021-09-25,14:00 (05:00),La Liga,Matchweek 7,Sat,Away,L,0,1,Alavés,521,638,81.7,8579,2513,266,289,92.0,188,221,85.1,51,95,53.7,0,0.4,0.8,8,38,6,1,47,Match Report,2021-09-25,14:00 (05:00),La Liga,Matchweek 7,Sat,Away,L,0,1,Alavés,638,579,57,18,1,9,33,22,8,3,5,0,521,2,3,Match Report,2021-09-25,14:00 (05:00),La Liga,Matchweek 7,Sat,Away,L,0,1,Alavés,23,18,1,3,0,1,0,0,0,0,0,0,0,0,Match Report,2021-09-25,14:00 (05:00),La Liga,Matchweek 7,Sat,Away,L,0,1,Alavés,9,4,5,3,1,3,14,21.4,11,8,1,7,5,14,11,0,Match Report,2021-09-25,14:00 (05:00),La Liga,Matchweek 7,Sat,Away,L,0,1,Alavés,70,720,34,135,401,189,25,720,18,15,83.3,3,16.7,443,2860,1644,35,28,3,16,8,519,47,Match Report,2021-09-25,14:00 (05:00),La Liga,Matchweek 7,Sat,Away,L,0,1,Alavés,3,0,0,11,15,2,33,5,4,0,0,0,52,17,19,47.2,Match Report
2021-09-28,21:00 (12:00),Champions Lg,Group stage,Tue,Away,W,2,1,it Milan,2,21,4,19.0,0.05,0.25,20.0,0,1,1,2.1,1.3,0.06,-0.1,-0.3,Match Report,2021-09-28,21:00 (12:00),Champions Lg,Group stage,Tue,Away,W,2,1,it Milan,3,1,2,66.7,0,1.1,+0.1,0,0,0,0,4,9,44.4,15,6,40.0,36.7,7,42.9,35.0,9,0,0.0,1,27.0,Match Report,2021-09-28,21:00 (12:00),Champions Lg,Group stage,Tue,Away,W,2,1,it Milan,523,616,84.9,8535,2858,276,298,92.6,173,198,87.4,51,75,68.0,1,1.2,2.0,18,45,19,4,71,Match Report,2021-09-28,21:00 (12:00),Champions Lg,Group stage,Tue,Away,W,2,1,it Milan,616,572,43,8,1,10,22,21,5,1,3,0,523,1,10,Match Report,2021-09-28,21:00 (12:00),Champions Lg,Group stage,Tue,Away,W,2,1,it Milan,39,34,2,1,2,0,0,3,3,0,0,0,0,0,Match Report,2021-09-28,21:00 (12:00),Champions Lg,Group stage,Tue,Away,W,2,1,it Milan,25,12,12,8,5,12,28,42.9,16,5,1,4,8,33,16,0,Match Report,2021-09-28,21:00 (12:00),Champions Lg,Group stage,Tue,Away,W,2,1,it Milan,64,740,40,148,318,278,41,739,16,9,56.3,7,43.8,470,2485,1596,38,25,4,21,16,519,71,Match Report,2021-09-28,21:00 (12:00),Champions Lg,Group stage,Tue,Away,W,2,1,it Milan,1,0,0,11,6,1,22,8,12,0,0,0,62,11,4,73.3,Match Report
2021-10-02,21:00 (12:00),La Liga,Matchweek 8,Sat,Home,W,2,0,Barcelona,2,6,3,50.0,0.33,0.67,16.3,0,0,0,1.2,1.2,0.19,+0.8,+0.8,Match Report,2021-10-02,21:00 (12:00),La Liga,Matchweek 8,Sat,Home,W,2,0,Barcelona,2,0,2,100.0,1,0.8,+0.8,0,0,0,0,3,24,12.5,26,1,50.0,40.3,12,91.7,57.7,17,1,5.9,2,18.0,Match Report,2021-10-02,21:00 (12:00),La Liga,Matchweek 8,Sat,Home,W,2,0,Barcelona,240,326,73.6,4160,1786,113,126,89.7,74,94,78.7,34,73,46.6,2,1.0,0.2,5,12,6,0,28,Match Report,2021-10-02,21:00 (12:00),La Liga,Matchweek 8,Sat,Home,W,2,0,Barcelona,326,284,42,12,0,7,7,15,2,1,1,0,240,0,7,Match Report,2021-10-02,21:00 (12:00),La Liga,Matchweek 8,Sat,Home,W,2,0,Barcelona,12,12,0,0,0,0,0,4,4,0,0,0,0,0,Match Report,2021-10-02,21:00 (12:00),La Liga,Matchweek 8,Sat,Home,W,2,0,Barcelona,18,11,9,6,3,10,19,52.6,9,13,3,10,6,24,23,1,Match Report,2021-10-02,21:00 (12:00),La Liga,Matchweek 8,Sat,Home,W,2,0,Barcelona,30,419,73,206,148,69,13,419,8,4,50.0,4,50.0,228,1123,521,11,9,4,10,10,239,28,Match Report,2021-10-02,21:00 (12:00),La Liga,Matchweek 8,Sat,Home,W,2,0,Barcelona,2,0,0,13,10,0,7,6,11,0,0,0,50,9,10,47.4,Match Report
2021-10-19,21:00 (12:00),Champions Lg,Group stage,Tue,Home,L,2,3,eng Liverpool,2,8,5,62.5,0.25,0.40,14.4,0,0,0,2.2,2.2,0.28,-0.2,-0.2,Match Report,2021-10-19,21:00 (12:00),Champions Lg,Group stage,Tue,Home,L,2,3,eng Liverpool,6,3,3,66.7,0,2.0,-1.0,1,1,0,0,4,20,20.0,19,5,57.9,46.7,11,81.8,54.0,13,1,7.7,0,5.0,Match Report,2021-10-19,21:00 (12:00),Champions Lg,Group stage,Tue,Home,L,2,3,eng Liverpool,237,330,71.8,4398,1868,100,115,87.0,99,120,82.5,28,68,41.2,2,2.2,0.9,7,15,5,1,24,Match Report,2021-10-19,21:00 (12:00),Champions Lg,Group stage,Tue,Home,L,2,3,eng Liverpool,330,289,38,9,6,9,8,12,2,0,0,0,237,3,10,Match Report,2021-10-19,21:00 (12:00),Champions Lg,Group stage,Tue,Home,L,2,3,eng Liverpool,14,10,0,2,1,0,1,3,1,0,1,1,0,0,Match Report,2021-10-19,21:00 (12:00),Champions Lg,Group stage,Tue,Home,L,2,3,eng Liverpool,17,7,8,9,0,9,18,50.0,9,10,1,9,5,22,19,0,Match Report,2021-10-19,21:00 (12:00),Champions Lg,Group stage,Tue,Home,L,2,3,eng Liverpool,32,422,54,147,208,75,13,422,18,10,55.6,8,44.4,200,1332,707,17,11,4,9,7,233,24,Match Report,2021-10-19,21:00 (12:00),Champions Lg,Group stage,Tue,Home,L,2,3,eng Liverpool,1,1,0,8,7,3,8,5,7,0,1,0,44,10,15,40.0,Match Report
2021-10-24,21:00 (12:00),La Liga,Matchweek 10,Sun,Home,D,2,2,Real Sociedad,2,16,3,18.8,0.06,0.33,19.7,0,1,1,1.7,0.9,0.06,+0.3,+0.1,Match Report,2021-10-24,21:00 (12:00),La Liga,Matchweek 10,Sun,Home,D,2,2,Real Sociedad,4,2,2,50.0,0,0.8,-1.2,0,0,0,0,3,4,75.0,19,6,21.1,31.5,1,0.0,40.0,6,0,0.0,0,2.0,Match Report,2021-10-24,21:00 (12:00),La Liga,Matchweek 10,Sun,Home,D,2,2,Real Sociedad,472,567,83.2,8257,2627,235,255,92.2,157,188,83.5,61,89,68.5,1,0.9,1.1,15,38,14,4,61,Match Report,2021-10-24,21:00 (12:00),La Liga,Matchweek 10,Sun,Home,D,2,2,Real Sociedad,567,520,45,14,2,15,26,23,4,1,2,0,472,2,5,Match Report,2021-10-24,21:00 (12:00),La Liga,Matchweek 10,Sun,Home,D,2,2,Real Sociedad,34,29,2,2,0,1,0,4,3,0,0,0,1,0,Match Report,2021-10-24,21:00 (12:00),La Liga,Matchweek 10,Sun,Home,D,2,2,Real Sociedad,16,9,7,7,2,6,13,46.2,7,11,2,9,9,25,9,0,Match Report,2021-10-24,21:00 (12:00),La Liga,Matchweek 10,Sun,Home,D,2,2,Real Sociedad,56,655,34,127,299,235,38,654,13,8,61.5,5,38.5,395,2302,1440,35,26,12,12,10,472,61,Match Report,2021-10-24,21:00 (12:00),La Liga,Matchweek 10,Sun,Home,D,2,2,Real Sociedad,1,0,0,14,13,2,26,9,9,1,0,0,51,13,3,81.3,Match Report
2021-10-28,21:30 (12:30),La Liga,Matchweek 11,Thu,Away,D,2,2,Levante,2,7,3,42.9,0.29,0.67,14.8,0,0,0,0.9,0.9,0.13,+1.1,+1.1,Match Report,2021-10-28,21:30 (12:30),La Liga,Matchweek 11,Thu,Away,D,2,2,Levante,3,2,1,100.0,0,2.0,0.0,2,2,0,0,2,9,22.2,20,4,35.0,36.3,6,33.3,29.2,10,0,0.0,2,27.0,Match Report,2021-10-28,21:30 (12:30),La Liga,Matchweek 11,Thu,Away,D,2,2,Levante,546,641,85.2,8025,2344,324,342,94.7,126,152,82.9,59,87,67.8,1,0.6,1.2,5,36,5,1,33,Match Report,2021-10-28,21:30 (12:30),La Liga,Matchweek 11,Thu,Away,D,2,2,Levante,641,593,44,19,2,11,11,14,2,0,2,0,546,4,10,Match Report,2021-10-28,21:30 (12:30),La Liga,Matchweek 11,Thu,Away,D,2,2,Levante,12,12,0,0,0,0,0,4,4,0,0,0,0,0,Match Report,2021-10-28,21:30 (12:30),La Liga,Matchweek 11,Thu,Away,D,2,2,Levante,14,10,7,7,0,8,14,57.1,6,8,3,5,7,21,5,0,Match Report,2021-10-28,21:30 (12:30),La Liga,Matchweek 11,Thu,Away,D,2,2,Levante,64,716,43,163,416,140,22,716,12,6,50.0,6,50.0,492,2467,1349,25,18,4,13,2,544,33,Match Report,2021-10-28,21:30 (12:30),La Liga,Matchweek 11,Thu,Away,D,2,2,Levante,5,0,0,11,15,4,11,7,10,0,2,0,49,8,3,72.7,Match Report
2021-10-31,16:15 (08:15),La Liga,Matchweek 12,Sun,Home,W,3,0,Betis,2,18,9,50.0,0.11,0.22,12.0,0,0,0,2.3,2.3,0.13,-0.3,-0.3,Match Report,2021-10-31,16:15 (08:15),La Liga,Matchweek 12,Sun,Home,W,3,0,Betis,1,0,1,100.0,1,0.0,0.0,0,0,0,0,6,13,46.2,18,4,38.9,38.3,9,66.7,42.3,6,1,16.7,0,13.5,Match Report,2021-10-31,16:15 (08:15),La Liga,Matchweek 12,Sun,Home,W,3,0,Betis,398,492,80.9,7171,2991,177,193,91.7,160,184,87.0,49,81,60.5,2,2.0,2.1,15,36,9,1,50,Match Report,2021-10-31,16:15 (08:15),La Liga,Matchweek 12,Sun,Home,W,3,0,Betis,492,426,63,13,4,5,18,27,13,9,1,0,398,3,13,Match Report,2021-10-31,16:15 (08:15),La Liga,Matchweek 12,Sun,Home,W,3,0,Betis,33,21,7,1,3,1,0,4,3,0,1,0,0,0,Match Report,2021-10-31,16:15 (08:15),La Liga,Matchweek 12,Sun,Home,W,3,0,Betis,17,9,8,8,1,7,15,46.7,8,12,4,8,7,24,7,0,Match Report,2021-10-31,16:15 (08:15),La Liga,Matchweek 12,Sun,Home,W,3,0,Betis,48,600,47,168,279,160,25,600,19,12,63.2,7,36.8,272,1252,665,18,7,5,19,8,396,49,Match Report,2021-10-31,16:15 (08:15),La Liga,Matchweek 12,Sun,Home,W,3,0,Betis,0,0,0,11,12,3,18,7,9,0,0,0,48,15,6,71.4,Match Report
2021-11-03,20:00 (13:00),Champions Lg,Group stage,Wed,Away,L,0,2,eng Liverpool,0,5,0,0.0,0.00,,28.7,1,0,0,0.2,0.2,0.05,-0.2,-0.2,Match Report,2021-11-03,20:00 (13:00),Champions Lg,Group stage,Wed,Away,L,0,2,eng Liverpool,6,2,4,66.7,0,3.1,+1.1,0,0,0,0,9,28,32.1,18,3,83.3,48.0,13,100.0,58.3,15,1,6.7,0,7.5,Match Report,2021-11-03,20:00 (13:00),Champions Lg,Group stage,Wed,Away,L,0,2,eng Liverpool,212,301,70.4,3789,1682,102,124,82.3,51,68,75.0,37,72,51.4,0,0.1,0.3,2,16,5,1,16,Match Report,2021-11-03,20:00 (13:00),Champions Lg,Group stage,Wed,Away,L,0,2,eng Liverpool,301,246,53,11,0,8,10,23,3,1,1,0,212,2,1,Match Report,2021-11-03,20:00 (13:00),Champions Lg,Group stage,Wed,Away,L,0,2,eng Liverpool,6,3,0,1,0,1,1,0,0,0,0,0,0,0,Match Report,2021-11-03,20:00 (13:00),Champions Lg,Group stage,Wed,Away,L,0,2,eng Liverpool,19,7,14,4,1,8,24,33.3,16,12,4,8,8,27,16,0,Match Report,2021-11-03,20:00 (13:00),Champions Lg,Group stage,Wed,Away,L,0,2,eng Liverpool,29,399,68,157,140,104,12,399,17,11,64.7,6,35.3,171,810,430,12,9,5,13,14,210,16,Match Report,2021-11-03,20:00 (13:00),Champions Lg,Group stage,Wed,Away,L,0,2,eng Liverpool,4,1,0,9,12,2,10,8,7,0,0,0,40,9,12,42.9,Match Report
2021-11-07,16:15 (07:15),La Liga,Matchweek 13,Sun,Away,D,3,3,Valencia,3,13,7,53.8,0.23,0.43,18.0,0,0,0,2.3,2.3,0.21,+0.7,+0.7,Match Report,2021-11-07,16:15 (07:15),La Liga,Matchweek 13,Sun,Away,D,3,3,Valencia,5,3,3,40.0,0,1.4,-0.6,0,0,0,0,2,11,18.2,16,2,50.0,33.9,7,42.9,36.6,20,1,5.0,0,6.5,Match Report,2021-11-07,16:15 (07:15),La Liga,Matchweek 13,Sun,Away,D,3,3,Valencia,400,505,79.2,6789,2308,190,214,88.8,146,177,82.5,41,73,56.2,1,1.2,0.6,8,22,6,0,46,Match Report,2021-11-07,16:15 (07:15),La Liga,Matchweek 13,Sun,Away,D,3,3,Valencia,505,461,44,12,2,8,7,21,0,0,0,0,400,0,8,Match Report,2021-11-07,16:15 (07:15),La Liga,Matchweek 13,Sun,Away,D,3,3,Valencia,23,14,2,1,3,2,1,4,1,0,1,1,0,1,Match Report,2021-11-07,16:15 (07:15),La Liga,Matchweek 13,Sun,Away,D,3,3,Valencia,16,8,11,3,2,12,26,46.2,14,11,2,9,11,27,39,0,Match Report,2021-11-07,16:15 (07:15),La Liga,Matchweek 13,Sun,Away,D,3,3,Valencia,52,634,68,220,310,112,21,634,11,6,54.5,5,45.5,336,1661,977,14,12,4,11,8,397,46,Match Report,2021-11-07,16:15 (07:15),La Liga,Matchweek 13,Sun,Away,D,3,3,Valencia,2,0,0,17,12,0,7,11,8,0,0,1,65,6,5,54.5,Match Report
2021-11-20,18:30 (09:30),La Liga,Matchweek 14,Sat,Home,W,1,0,Osasuna,1,15,2,13.3,0.07,0.50,21.3,0,0,0,1.0,1.0,0.07,0.0,0.0,Match Report,2021-11-20,18:30 (09:30),La Liga,Matchweek 14,Sat,Home,W,1,0,Osasuna,3,0,3,100.0,1,0.4,+0.4,0,0,0,0,6,9,66.7,20,5,20.0,29.5,9,55.6,45.1,14,0,0.0,2,19.5,Match Report,2021-11-20,18:30 (09:30),La Liga,Matchweek 14,Sat,Home,W,1,0,Osasuna,489,611,80.0,8523,2691,233,268,86.9,173,199,86.9,64,109,58.7,1,0.8,1.4,11,47,13,5,50,Match Report,2021-11-20,18:30 (09:30),La Liga,Matchweek 14,Sat,Home,W,1,0,Osasuna,611,562,45,7,0,8,45,21,7,1,3,0,489,4,7,Match Report,2021-11-20,18:30 (09:30),La Liga,Matchweek 14,Sat,Home,W,1,0,Osasuna,26,19,2,4,0,1,0,2,1,1,0,0,0,0,Match Report,2021-11-20,18:30 (09:30),La Liga,Matchweek 14,Sat,Home,W,1,0,Osasuna,7,6,3,2,2,3,6,50.0,3,13,4,9,5,12,24,0,Match Report,2021-11-20,18:30 (09:30),La Liga,Matchweek 14,Sat,Home,W,1,0,Osasuna,60,720,48,181,274,274,30,720,21,12,57.1,9,42.9,458,2504,1533,35,25,3,16,7,486,50,Match Report,2021-11-20,18:30 (09:30),La Liga,Matchweek 14,Sat,Home,W,1,0,Osasuna,2,0,0,7,8,4,45,5,6,0,0,0,57,19,21,47.5,Match Report
2021-11-24,21:00 (12:00),Champions Lg,Group stage,Wed,Home,L,0,1,it Milan,0,6,2,33.3,0.00,0.00,16.5,0,0,0,0.9,0.9,0.15,-0.9,-0.9,Match Report,2021-11-24,21:00 (12:00),Champions Lg,Group stage,Wed,Home,L,0,1,it Milan,4,1,3,75.0,0,1.0,0.0,0,0,0,0,5,17,29.4,17,6,41.2,39.0,14,78.6,51.5,7,0,0.0,0,,Match Report,2021-11-24,21:00 (12:00),Champions Lg,Group stage,Wed,Home,L,0,1,it Milan,321,421,76.2,5750,2430,150,169,88.8,111,141,78.7,43,77,55.8,0,0.9,1.1,6,28,2,0,31,Match Report,2021-11-24,21:00 (12:00),Champions Lg,Group stage,Wed,Home,L,0,1,it Milan,421,367,53,17,1,8,12,18,2,1,1,0,321,1,6,Match Report,2021-11-24,21:00 (12:00),Champions Lg,Group stage,Wed,Home,L,0,1,it Milan,12,10,0,2,0,0,0,0,0,0,0,0,0,0,Match Report,2021-11-24,21:00 (12:00),Champions Lg,Group stage,Wed,Home,L,0,1,it Milan,17,12,8,6,3,7,26,26.9,19,6,2,4,17,34,17,0,Match Report,2021-11-24,21:00 (12:00),Champions Lg,Group stage,Wed,Home,L,0,1,it Milan,43,533,58,188,237,112,14,533,10,7,70.0,3,30.0,280,1427,701,13,12,3,15,15,319,31,Match Report,2021-11-24,21:00 (12:00),Champions Lg,Group stage,Wed,Home,L,0,1,it Milan,1,0,0,19,14,1,12,17,12,0,0,0,54,15,22,40.5,Match Report
2021-11-28,18:30 (09:30),La Liga,Matchweek 15,Sun,Away,W,4,1,Cádiz,4,17,7,41.2,0.24,0.57,13.7,0,0,0,3.8,3.8,0.23,+0.2,+0.2,Match Report,2021-11-28,18:30 (09:30),La Liga,Matchweek 15,Sun,Away,W,4,1,Cádiz,1,1,0,0.0,0,0.8,-0.2,0,0,0,0,4,7,57.1,16,7,12.5,27.3,8,62.5,46.9,23,4,17.4,1,7.8,Match Report,2021-11-28,18:30 (09:30),La Liga,Matchweek 15,Sun,Away,W,4,1,Cádiz,615,713,86.3,9572,3349,328,364,90.1,222,249,89.2,40,56,71.4,4,2.8,1.7,14,41,14,4,56,Match Report,2021-11-28,18:30 (09:30),La Liga,Matchweek 15,Sun,Away,W,4,1,Cádiz,713,665,46,14,8,3,18,14,8,3,4,0,615,2,8,Match Report,2021-11-28,18:30 (09:30),La Liga,Matchweek 15,Sun,Away,W,4,1,Cádiz,32,25,3,0,3,1,0,8,8,0,0,0,0,0,Match Report,2021-11-28,18:30 (09:30),La Liga,Matchweek 15,Sun,Away,W,4,1,Cádiz,14,5,8,4,2,10,18,55.6,8,6,3,3,9,23,25,0,Match Report,2021-11-28,18:30 (09:30),La Liga,Matchweek 15,Sun,Away,W,4,1,Cádiz,63,807,57,190,425,195,25,807,18,15,83.3,3,16.7,393,2179,1072,18,24,4,13,7,614,56,Match Report,2021-11-28,18:30 (09:30),La Liga,Matchweek 15,Sun,Away,W,4,1,Cádiz,0,0,0,11,13,2,18,9,5,0,0,0,51,16,7,69.6,Match Report
2021-12-04,18:30 (09:30),La Liga,Matchweek 16,Sat,Home,L,1,2,Mallorca,1,14,6,42.9,0.07,0.17,11.7,0,0,0,1.5,1.5,0.11,-0.5,-0.5,Match Report,2021-12-04,18:30 (09:30),La Liga,Matchweek 16,Sat,Home,L,1,2,Mallorca,3,2,1,33.3,0,1.4,-0.6,0,0,0,0,1,7,14.3,15,2,33.3,35.3,5,40.0,39.6,8,0,0.0,0,2.0,Match Report,2021-12-04,18:30 (09:30),La Liga,Matchweek 16,Sat,Home,L,1,2,Mallorca,443,538,82.3,7648,2350,194,223,87.0,163,185,88.1,58,89,65.2,1,1.1,1.6,11,25,10,4,44,Match Report,2021-12-04,18:30 (09:30),La Liga,Matchweek 16,Sat,Home,L,1,2,Mallorca,538,480,57,16,1,1,26,25,8,2,4,0,443,1,8,Match Report,2021-12-04,18:30 (09:30),La Liga,Matchweek 16,Sat,Home,L,1,2,Mallorca,26,19,4,0,1,2,0,2,2,0,0,0,0,0,Match Report,2021-12-04,18:30 (09:30),La Liga,Matchweek 16,Sat,Home,L,1,2,Mallorca,28,11,9,12,7,7,21,33.3,14,10,3,7,8,36,21,0,Match Report,2021-12-04,18:30 (09:30),La Liga,Matchweek 16,Sat,Home,L,1,2,Mallorca,58,661,51,164,349,152,30,661,8,5,62.5,3,37.5,317,1963,1002,19,14,4,21,7,440,44,Match Report,2021-12-04,18:30 (09:30),La Liga,Matchweek 16,Sat,Home,L,1,2,Mallorca,2,0,0,13,16,1,26,8,11,0,0,0,45,20,20,50.0,Match Report
2021-12-07,20:00 (12:00),Champions Lg,Group stage,Tue,Away,W,3,1,pt Porto,3,14,5,35.7,0.21,0.60,10.6,0,0,0,3.7,3.7,0.34,-0.7,-0.7,Match Report,2021-12-07,20:00 (12:00),Champions Lg,Group stage,Tue,Away,W,3,1,pt Porto,6,1,5,100.0,0,1.5,+0.5,1,1,0,0,5,22,22.7,20,1,85.0,51.1,5,100.0,66.2,14,2,14.3,0,5.0,Match Report,2021-12-07,20:00 (12:00),Champions Lg,Group stage,Tue,Away,W,3,1,pt Porto,173,280,61.8,3109,1342,87,113,77.0,55,83,66.3,23,60,38.3,3,2.4,0.8,7,12,1,0,15,Match Report,2021-12-07,20:00 (12:00),Champions Lg,Group stage,Tue,Away,W,3,1,pt Porto,280,235,44,13,3,6,6,21,4,2,1,0,173,1,12,Match Report,2021-12-07,20:00 (12:00),Champions Lg,Group stage,Tue,Away,W,3,1,pt Porto,18,9,0,3,6,0,0,5,4,0,0,1,0,0,Match Report,2021-12-07,20:00 (12:00),Champions Lg,Group stage,Tue,Away,W,3,1,pt Porto,19,14,14,5,0,12,23,52.2,11,13,6,7,16,35,32,0,Match Report,2021-12-07,20:00 (12:00),Champions Lg,Group stage,Tue,Away,W,3,1,pt Porto,33,408,61,196,141,73,22,408,10,8,80.0,2,20.0,147,903,504,14,5,7,14,9,171,15,Match Report,2021-12-07,20:00 (12:00),Champions Lg,Group stage,Tue,Away,W,3,1,pt Porto,1,1,0,15,11,1,6,16,14,0,1,0,56,16,15,51.6,Match Report
2021-12-12,21:00 (12:00),La Liga,Matchweek 17,Sun,Away,L,0,2,Real Madrid,0,9,6,66.7,0.00,0.00,15.8,1,0,0,0.7,0.7,0.08,-0.7,-0.7,Match Report,2021-12-12,21:00 (12:00),La Liga,Matchweek 17,Sun,Away,L,0,2,Real Madrid,3,2,1,33.3,0,0.6,-1.4,0,0,0,0,0,11,0.0,10,1,30.0,28.5,8,100.0,57.8,4,0,0.0,1,27.0,Match Report,2021-12-12,21:00 (12:00),La Liga,Matchweek 17,Sun,Away,L,0,2,Real Madrid,353,426,82.9,6020,1812,164,177,92.7,138,155,89.0,34,66,51.5,0,0.6,1.3,6,31,13,2,48,Match Report,2021-12-12,21:00 (12:00),La Liga,Matchweek 17,Sun,Away,L,0,2,Real Madrid,426,377,48,16,3,7,21,15,6,5,0,0,353,1,3,Match Report,2021-12-12,21:00 (12:00),La Liga,Matchweek 17,Sun,Away,L,0,2,Real Madrid,16,8,2,2,1,2,1,0,0,0,0,0,0,0,Match Report,2021-12-12,21:00 (12:00),La Liga,Matchweek 17,Sun,Away,L,0,2,Real Madrid,18,10,5,9,4,8,15,53.3,7,8,1,7,9,27,8,0,Match Report,2021-12-12,21:00 (12:00),La Liga,Matchweek 17,Sun,Away,L,0,2,Real Madrid,39,526,31,101,266,162,21,526,17,8,47.1,9,52.9,313,1580,824,15,13,1,14,9,352,47,Match Report,2021-12-12,21:00 (12:00),La Liga,Matchweek 17,Sun,Away,L,0,2,Real Madrid,3,0,0,15,17,1,21,9,10,0,0,0,46,8,13,38.1,Match Report
2021-12-18,21:00 (12:00),La Liga,Matchweek 18,Sat,Away,L,1,2,Sevilla,1,15,3,20.0,0.07,0.33,19.6,0,0,0,1.0,1.0,0.07,0.0,0.0,Match Report,2021-12-18,21:00 (12:00),La Liga,Matchweek 18,Sat,Away,L,1,2,Sevilla,2,2,0,0.0,0,1.0,-1.0,0,0,0,0,6,24,25.0,26,4,53.8,39.2,10,100.0,59.1,12,0,0.0,0,6.0,Match Report,2021-12-18,21:00 (12:00),La Liga,Matchweek 18,Sat,Away,L,1,2,Sevilla,343,452,75.9,6065,2131,159,184,86.4,126,153,82.4,43,82,52.4,1,0.8,0.9,11,20,8,0,37,Match Report,2021-12-18,21:00 (12:00),La Liga,Matchweek 18,Sat,Away,L,1,2,Sevilla,452,392,59,15,1,6,18,24,7,2,2,0,343,1,11,Match Report,2021-12-18,21:00 (12:00),La Liga,Matchweek 18,Sat,Away,L,1,2,Sevilla,27,17,6,1,2,1,0,2,0,1,0,1,0,0,Match Report,2021-12-18,21:00 (12:00),La Liga,Matchweek 18,Sat,Away,L,1,2,Sevilla,23,16,11,10,2,15,20,75.0,5,6,0,6,13,36,11,0,Match Report,2021-12-18,21:00 (12:00),La Liga,Matchweek 18,Sat,Away,L,1,2,Sevilla,46,555,45,161,253,144,24,555,12,7,58.3,5,41.7,251,1450,699,14,15,4,12,10,341,37,Match Report,2021-12-18,21:00 (12:00),La Liga,Matchweek 18,Sat,Away,L,1,2,Sevilla,1,0,0,14,15,1,18,13,16,0,0,0,49,12,14,46.2,Match Report
2021-12-22,19:00 (10:00),La Liga,Matchweek 9,Wed,Away,L,1,2,Granada,1,15,3,20.0,0.07,0.33,14.8,0,0,0,1.5,1.5,0.10,-0.5,-0.5,Match Report,2021-12-22,19:00 (10:00),La Liga,Matchweek 9,Wed,Away,L,1,2,Granada,4,2,2,50.0,0,1.6,-0.4,0,0,0,0,7,12,58.3,24,5,37.5,30.5,3,100.0,60.3,8,0,0.0,0,,Match Report,2021-12-22,19:00 (10:00),La Liga,Matchweek 9,Wed,Away,L,1,2,Granada,471,576,81.8,8035,2692,237,254,93.3,174,202,86.1,48,78,61.5,1,1.2,1.5,12,38,13,5,42,Match Report,2021-12-22,19:00 (10:00),La Liga,Matchweek 9,Wed,Away,L,1,2,Granada,576,517,53,17,4,6,21,23,7,2,3,0,471,6,11,Match Report,2021-12-22,19:00 (10:00),La Liga,Matchweek 9,Wed,Away,L,1,2,Granada,29,23,3,3,0,0,0,2,1,0,1,0,0,0,Match Report,2021-12-22,19:00 (10:00),La Liga,Matchweek 9,Wed,Away,L,1,2,Granada,13,7,4,6,3,5,19,26.3,14,8,1,7,15,28,12,0,Match Report,2021-12-22,19:00 (10:00),La Liga,Matchweek 9,Wed,Away,L,1,2,Granada,60,678,50,164,278,238,34,678,19,11,57.9,8,42.1,421,2069,1169,22,20,7,16,11,471,42,Match Report,2021-12-22,19:00 (10:00),La Liga,Matchweek 9,Wed,Away,L,1,2,Granada,1,0,0,7,17,6,21,15,7,0,0,0,51,17,8,68.0,Match Report
2022-01-02,16:15 (07:15),La Liga,Matchweek 19,Sun,Home,W,2,0,Rayo Vallecano,2,15,5,33.3,0.13,0.40,17.9,0,0,0,1.7,1.7,0.11,+0.3,+0.3,Match Report,2022-01-02,16:15 (07:15),La Liga,Matchweek 19,Sun,Home,W,2,0,Rayo Vallecano,0,0,0,,1,0.0,0.0,0,0,0,0,5,20,25.0,31,6,51.6,37.2,4,100.0,68.0,6,0,0.0,0,4.0,Match Report,2022-01-02,16:15 (07:15),La Liga,Matchweek 19,Sun,Home,W,2,0,Rayo Vallecano,397,505,78.6,6841,2506,192,221,86.9,162,184,88.0,35,80,43.8,1,1.3,1.0,12,23,12,0,42,Match Report,2022-01-02,16:15 (07:15),La Liga,Matchweek 19,Sun,Home,W,2,0,Rayo Vallecano,505,454,49,13,4,8,15,23,8,0,3,0,397,2,8,Match Report,2022-01-02,16:15 (07:15),La Liga,Matchweek 19,Sun,Home,W,2,0,Rayo Vallecano,23,15,1,4,1,0,2,3,2,0,0,1,0,0,Match Report,2022-01-02,16:15 (07:15),La Liga,Matchweek 19,Sun,Home,W,2,0,Rayo Vallecano,17,13,4,10,3,3,11,27.3,8,5,3,2,10,27,10,0,Match Report,2022-01-02,16:15 (07:15),La Liga,Matchweek 19,Sun,Home,W,2,0,Rayo Vallecano,50,597,57,213,258,134,27,597,25,18,72.0,7,28.0,263,1516,742,19,7,6,12,10,395,42,Match Report,2022-01-02,16:15 (07:15),La Liga,Matchweek 19,Sun,Home,W,2,0,Rayo Vallecano,3,0,0,14,11,2,15,10,13,0,0,0,60,14,13,51.9,Match Report
2022-01-06,21:30 (12:30),Copa del Rey,Round of 32,Thu,Away,W,5,0,Majadahonda,5,20,10,50.0,0.25,0.50,,,0,0,,,,,,Match Report,2022-01-06,21:30 (12:30),Copa del Rey,Round of 32,Thu,Away,W,5,0,Majadahonda,3,0,3,100.0,1,,,0,0,0,0,,,,,,,,,,,,,,,,Match Report,2022-01-06,21:30 (12:30),Copa del Rey,Round of 32,Thu,Away,W,5,0,Majadahonda,,,,,,,,,,,,,,,0,,,,,,,,Match Report,2022-01-06,21:30 (12:30),Copa del Rey,Round of 32,Thu,Away,W,5,0,Majadahonda,,,,,,,12,,,,,,,,,Match Report,2022-01-06,21:30 (12:30),Copa del Rey,Round of 32,Thu,Away,W,5,0,Majadahonda,,,,,,,,,,,,,,,Match Report,2022-01-06,21:30 (12:30),Copa del Rey,Round of 32,Thu,Away,W,5,0,Majadahonda,,11,,,,,,,,,,,13,0,,,Match Report,2022-01-06,21:30 (12:30),Copa del Rey,Round of 32,Thu,Away,W,5,0,Majadahonda,56,,,,,,,,,,,,,,,,,,,,,,,Match Report,2022-01-06,21:30 (12:30),Copa del Rey,Round of 32,Thu,Away,W,5,0,Majadahonda,0,0,0,15,11,2,12,13,11,,,0,,,,,Match Report
2022-01-09,21:00 (12:00),La Liga,Matchweek 20,Sun,Away,D,2,2,Villarreal,2,7,5,71.4,0.29,0.40,25.0,0,0,0,0.7,0.7,0.10,+1.3,+1.3,Match Report,2022-01-09,21:00 (12:00),La Liga,Matchweek 20,Sun,Away,D,2,2,Villarreal,3,2,0,33.3,0,2.0,0.0,1,0,1,0,5,17,29.4,19,2,68.4,45.8,7,57.1,44.6,16,2,12.5,0,1.7,Match Report,2022-01-09,21:00 (12:00),La Liga,Matchweek 20,Sun,Away,D,2,2,Villarreal,294,404,72.8,4912,1637,157,182,86.3,89,119,74.8,35,72,48.6,0,0.7,0.6,4,19,9,2,26,Match Report,2022-01-09,21:00 (12:00),La Liga,Matchweek 20,Sun,Away,D,2,2,Villarreal,404,349,50,13,1,5,16,24,3,0,2,0,294,5,6,Match Report,2022-01-09,21:00 (12:00),La Liga,Matchweek 20,Sun,Away,D,2,2,Villarreal,11,8,0,1,1,0,1,2,0,0,0,1,0,1,Match Report,2022-01-09,21:00 (12:00),La Liga,Matchweek 20,Sun,Away,D,2,2,Villarreal,15,6,9,6,0,8,17,47.1,9,25,3,22,10,25,25,1,Match Report,2022-01-09,21:00 (12:00),La Liga,Matchweek 20,Sun,Away,D,2,2,Villarreal,41,536,65,197,223,118,20,536,9,6,66.7,3,33.3,262,1275,583,11,9,3,17,14,291,25,Match Report,2022-01-09,21:00 (12:00),La Liga,Matchweek 20,Sun,Away,D,2,2,Villarreal,2,1,1,8,12,5,16,10,6,0,1,0,56,4,8,33.3,Match Report
2022-01-13,22:00 (11:00),Supercopa de España,Semi-finals,Thu,Home,L,1,2,Athletic Club,0,10,2,20.0,0.00,0.00,,,0,0,,,,,,Match Report,2022-01-13,22:00 (11:00),Supercopa de España,Semi-finals,Thu,Home,L,1,2,Athletic Club,6,2,4,66.7,0,,,0,0,0,0,,,,,,,,,,,,,,,,Match Report,2022-01-13,22:00 (11:00),Supercopa de España,Semi-finals,Thu,Home,L,1,2,Athletic Club,,,,,,,,,,,,,,,0,,,,,,,,Match Report,2022-01-13,22:00 (11:00),Supercopa de España,Semi-finals,Thu,Home,L,1,2,Athletic Club,,,,,,,12,,,,,,,,,Match Report,2022-01-13,22:00 (11:00),Supercopa de España,Semi-finals,Thu,Home,L,1,2,Athletic Club,,,,,,,,,,,,,,,Match Report,2022-01-13,22:00 (11:00),Supercopa de España,Semi-finals,Thu,Home,L,1,2,Athletic Club,,9,,,,,,,,,,,9,0,,,Match Report,2022-01-13,22:00 (11:00),Supercopa de España,Semi-finals,Thu,Home,L,1,2,Athletic Club,56,,,,,,,,,,,,,,,,,,,,,,,Match Report,2022-01-13,22:00 (11:00),Supercopa de España,Semi-finals,Thu,Home,L,1,2,Athletic Club,1,1,0,13,13,2,12,9,9,,,0,,,,,Match Report
2022-01-19,21:00 (12:00),Copa del Rey,Round of 16,Wed,Away,L,0,2,Real Sociedad,0,10,1,10.0,0.00,0.00,,,0,0,,,,,,Match Report,2022-01-19,21:00 (12:00),Copa del Rey,Round of 16,Wed,Away,L,0,2,Real Sociedad,5,2,3,60.0,0,,,0,0,0,0,,,,,,,,,,,,,,,,Match Report,2022-01-19,21:00 (12:00),Copa del Rey,Round of 16,Wed,Away,L,0,2,Real Sociedad,,,,,,,,,,,,,,,0,,,,,,,,Match Report,2022-01-19,21:00 (12:00),Copa del Rey,Round of 16,Wed,Away,L,0,2,Real Sociedad,,,,,,,15,,,,,,,,,Match Report,2022-01-19,21:00 (12:00),Copa del Rey,Round of 16,Wed,Away,L,0,2,Real Sociedad,,,,,,,,,,,,,,,Match Report,2022-01-19,21:00 (12:00),Copa del Rey,Round of 16,Wed,Away,L,0,2,Real Sociedad,,14,,,,,,,,,,,16,0,,,Match Report,2022-01-19,21:00 (12:00),Copa del Rey,Round of 16,Wed,Away,L,0,2,Real Sociedad,54,,,,,,,,,,,,,,,,,,,,,,,Match Report,2022-01-19,21:00 (12:00),Copa del Rey,Round of 16,Wed,Away,L,0,2,Real Sociedad,3,0,0,16,17,3,15,16,14,,,0,,,,,Match Report
2022-01-22,21:00 (12:00),La Liga,Matchweek 22,Sat,Home,W,3,2,Valencia,3,16,6,37.5,0.19,0.50,11.9,0,0,0,2.5,2.5,0.16,+0.5,+0.5,Match Report,2022-01-22,21:00 (12:00),La Liga,Matchweek 22,Sat,Home,W,3,2,Valencia,3,2,1,33.3,0,1.4,-0.6,0,0,0,0,7,19,36.8,34,6,50.0,37.6,4,50.0,40.3,11,0,0.0,1,33.0,Match Report,2022-01-22,21:00 (12:00),La Liga,Matchweek 22,Sat,Home,W,3,2,Valencia,404,510,79.2,7234,2733,198,219,90.4,140,171,81.9,58,96,60.4,2,2.1,1.7,14,35,7,5,41,Match Report,2022-01-22,21:00 (12:00),La Liga,Matchweek 22,Sat,Home,W,3,2,Valencia,510,450,56,22,0,6,25,22,5,4,0,0,404,4,10,Match Report,2022-01-22,21:00 (12:00),La Liga,Matchweek 22,Sat,Home,W,3,2,Valencia,29,19,6,1,1,2,0,5,4,1,0,0,0,0,Match Report,2022-01-22,21:00 (12:00),La Liga,Matchweek 22,Sat,Home,W,3,2,Valencia,10,6,5,5,0,5,19,26.3,14,9,1,8,9,19,19,0,Match Report,2022-01-22,21:00 (12:00),La Liga,Matchweek 22,Sat,Home,W,3,2,Valencia,64,612,52,179,260,180,29,612,22,13,59.1,9,40.9,415,2088,1168,31,19,6,9,7,402,41,Match Report,2022-01-22,21:00 (12:00),La Liga,Matchweek 22,Sat,Home,W,3,2,Valencia,5,0,0,13,22,4,25,9,6,0,0,0,60,23,14,62.2,Match Report
2022-02-06,16:15 (07:15),La Liga,Matchweek 23,Sun,Away,L,2,4,Barcelona,2,10,4,40.0,0.20,0.50,14.6,0,0,0,1.3,1.3,0.14,+0.7,+0.7,Match Report,2022-02-06,16:15 (07:15),La Liga,Matchweek 23,Sun,Away,L,2,4,Barcelona,4,4,0,0.0,0,1.2,-2.8,0,0,0,0,3,10,30.0,20,6,35.0,28.6,5,60.0,41.4,12,0,0.0,1,18.0,Match Report,2022-02-06,16:15 (07:15),La Liga,Matchweek 23,Sun,Away,L,2,4,Barcelona,354,445,79.6,5737,1770,164,187,87.7,128,153,83.7,36,57,63.2,2,1.4,0.8,10,19,8,3,37,Match Report,2022-02-06,16:15 (07:15),La Liga,Matchweek 23,Sun,Away,L,2,4,Barcelona,445,391,51,16,0,6,16,20,5,1,2,0,354,3,13,Match Report,2022-02-06,16:15 (07:15),La Liga,Matchweek 23,Sun,Away,L,2,4,Barcelona,19,14,2,1,1,1,0,3,2,0,0,1,0,0,Match Report,2022-02-06,16:15 (07:15),La Liga,Matchweek 23,Sun,Away,L,2,4,Barcelona,16,9,8,6,2,6,11,54.5,5,2,1,1,12,28,16,1,Match Report,2022-02-06,16:15 (07:15),La Liga,Matchweek 23,Sun,Away,L,2,4,Barcelona,44,542,45,164,253,126,15,542,13,9,69.2,4,30.8,302,1558,888,14,11,2,19,7,351,37,Match Report,2022-02-06,16:15 (07:15),La Liga,Matchweek 23,Sun,Away,L,2,4,Barcelona,2,0,0,13,13,3,16,12,9,0,0,0,43,9,17,34.6,Match Report
2022-02-12,21:00 (12:00),La Liga,Matchweek 24,Sat,Home,W,4,3,Getafe,4,10,6,60.0,0.40,0.67,16.9,0,0,1,2.5,1.7,0.17,+1.5,+2.3,Match Report,2022-02-12,21:00 (12:00),La Liga,Matchweek 24,Sat,Home,W,4,3,Getafe,4,3,1,75.0,0,3.1,+0.1,2,2,0,0,5,17,29.4,20,1,75.0,50.0,3,66.7,52.0,14,0,0.0,0,12.8,Match Report,2022-02-12,21:00 (12:00),La Liga,Matchweek 24,Sat,Home,W,4,3,Getafe,344,459,74.9,5831,1980,148,179,82.7,132,156,84.6,38,81,46.9,2,0.9,1.3,6,13,4,2,22,Match Report,2022-02-12,21:00 (12:00),La Liga,Matchweek 24,Sat,Home,W,4,3,Getafe,459,406,53,16,1,1,18,25,5,1,4,0,344,0,9,Match Report,2022-02-12,21:00 (12:00),La Liga,Matchweek 24,Sat,Home,W,4,3,Getafe,20,16,1,0,1,1,1,7,5,1,0,1,0,0,Match Report,2022-02-12,21:00 (12:00),La Liga,Matchweek 24,Sat,Home,W,4,3,Getafe,16,6,3,10,3,5,16,31.3,11,9,3,6,14,30,20,0,Match Report,2022-02-12,21:00 (12:00),La Liga,Matchweek 24,Sat,Home,W,4,3,Getafe,50,577,46,173,302,106,16,576,11,5,45.5,6,54.5,255,1206,535,8,8,2,18,8,340,22,Match Report,2022-02-12,21:00 (12:00),La Liga,Matchweek 24,Sat,Home,W,4,3,Getafe,4,1,0,18,17,0,18,14,6,1,2,0,47,21,19,52.5,Match Report
2022-02-16,19:00 (10:00),La Liga,Matchweek 21,Wed,Home,L,0,1,Levante,0,10,1,10.0,0.00,0.00,15.7,1,0,0,1.3,1.3,0.13,-1.3,-1.3,Match Report,2022-02-16,19:00 (10:00),La Liga,Matchweek 21,Wed,Home,L,0,1,Levante,5,1,4,80.0,0,0.6,-0.4,0,0,0,0,3,20,15.0,28,8,53.6,42.6,5,100.0,67.0,9,1,11.1,2,20.3,Match Report,2022-02-16,19:00 (10:00),La Liga,Matchweek 21,Wed,Home,L,0,1,Levante,399,524,76.1,6659,2524,174,206,84.5,149,176,84.7,41,92,44.6,0,0.9,0.9,7,36,13,2,52,Match Report,2022-02-16,19:00 (10:00),La Liga,Matchweek 21,Wed,Home,L,0,1,Levante,524,467,55,18,3,4,31,25,5,0,2,0,399,2,4,Match Report,2022-02-16,19:00 (10:00),La Liga,Matchweek 21,Wed,Home,L,0,1,Levante,20,14,2,2,0,2,0,0,0,0,0,0,0,0,Match Report,2022-02-16,19:00 (10:00),La Liga,Matchweek 21,Wed,Home,L,0,1,Levante,15,9,9,3,3,4,15,26.7,11,4,1,3,13,28,7,1,Match Report,2022-02-16,19:00 (10:00),La Liga,Matchweek 21,Wed,Home,L,0,1,Levante,54,612,50,169,285,165,23,612,26,14,53.8,12,46.2,353,1806,921,17,14,4,13,7,397,52,Match Report,2022-02-16,19:00 (10:00),La Liga,Matchweek 21,Wed,Home,L,0,1,Levante,3,0,0,9,18,2,31,13,9,0,0,0,54,19,16,54.3,Match Report
2022-02-19,16:15 (07:15),La Liga,Matchweek 25,Sat,Away,W,3,0,Osasuna,3,5,4,80.0,0.60,0.75,21.7,0,0,0,1.1,1.1,0.21,+1.9,+1.9,Match Report,2022-02-19,16:15 (07:15),La Liga,Matchweek 25,Sat,Away,W,3,0,Osasuna,4,0,4,100.0,1,0.8,+0.8,0,0,0,0,3,29,10.3,26,1,76.9,51.7,9,100.0,65.2,34,3,8.8,1,12.0,Match Report,2022-02-19,16:15 (07:15),La Liga,Matchweek 25,Sat,Away,W,3,0,Osasuna,285,409,69.7,4177,1901,163,185,88.1,81,108,75.0,22,79,27.8,2,0.9,0.3,2,17,1,0,18,Match Report,2022-02-19,16:15 (07:15),La Liga,Matchweek 25,Sat,Away,W,3,0,Osasuna,409,360,49,13,3,2,9,24,2,1,1,0,285,0,6,Match Report,2022-02-19,16:15 (07:15),La Liga,Matchweek 25,Sat,Away,W,3,0,Osasuna,7,5,0,0,1,1,0,5,5,0,0,0,0,0,Match Report,2022-02-19,16:15 (07:15),La Liga,Matchweek 25,Sat,Away,W,3,0,Osasuna,19,9,10,9,0,7,16,43.8,9,12,3,9,11,30,40,0,Match Report,2022-02-19,16:15 (07:15),La Liga,Matchweek 25,Sat,Away,W,3,0,Osasuna,38,535,71,209,258,74,7,535,11,7,63.6,4,36.4,251,1184,433,7,6,0,20,5,277,17,Match Report,2022-02-19,16:15 (07:15),La Liga,Matchweek 25,Sat,Away,W,3,0,Osasuna,2,0,0,19,12,0,9,11,9,0,0,0,56,14,31,31.1,Match Report
2022-02-23,21:00 (12:00),Champions Lg,Round of 16,Wed,Home,D,1,1,eng Manchester Utd,1,13,1,7.7,0.08,1.00,15.5,0,0,0,1.3,1.3,0.10,-0.3,-0.3,Match Report,2022-02-23,21:00 (12:00),Champions Lg,Round of 16,Wed,Home,D,1,1,eng Manchester Utd,2,1,1,50.0,0,0.9,-0.1,0,0,0,0,5,16,31.3,16,3,68.8,42.2,5,100.0,57.6,10,1,10.0,2,15.8,Match Report,2022-02-23,21:00 (12:00),Champions Lg,Round of 16,Wed,Home,D,1,1,eng Manchester Utd,242,348,69.5,4152,1754,114,140,81.4,82,107,76.6,30,64,46.9,1,0.8,0.9,10,23,7,2,30,Match Report,2022-02-23,21:00 (12:00),Champions Lg,Round of 16,Wed,Home,D,1,1,eng Manchester Utd,348,294,52,17,1,5,18,20,8,2,5,0,242,2,11,Match Report,2022-02-23,21:00 (12:00),Champions Lg,Round of 16,Wed,Home,D,1,1,eng Manchester Utd,21,17,3,0,1,0,0,2,1,1,0,0,0,0,Match Report,2022-02-23,21:00 (12:00),Champions Lg,Round of 16,Wed,Home,D,1,1,eng Manchester Utd,16,14,5,10,1,11,14,78.6,3,7,2,5,15,31,15,0,Match Report,2022-02-23,21:00 (12:00),Champions Lg,Round of 16,Wed,Home,D,1,1,eng Manchester Utd,38,436,38,94,224,124,20,436,13,4,30.8,9,69.2,221,966,487,12,12,5,11,9,241,29,Match Report,2022-02-23,21:00 (12:00),Champions Lg,Round of 16,Wed,Home,D,1,1,eng Manchester Utd,4,0,0,19,15,2,18,15,14,0,0,0,52,15,18,45.5,Match Report
For Atlético Madrid,For Atlético Madrid,For Atlético Madrid,For Atlético Madrid,For Atlético Madrid,For Atlético Madrid,For Atlético Madrid,For Atlético Madrid,For Atlético Madrid,For Atlético Madrid,Standard,Standard,Standard,Standard,Standard,Standard,Standard,Standard,Standard,Standard,Expected,Expected,Expected,Expected,Expected,,For Atlético Madrid,For Atlético Madrid,For Atlético Madrid,For Atlético Madrid,For Atlético Madrid,For Atlético Madrid,For Atlético Madrid,For Atlético Madrid,For Atlético Madrid,For Atlético Madrid,Performance,Performance,Performance,Performance,Performance,Performance,Performance,Penalty Kicks,Penalty Kicks,Penalty Kicks,Penalty Kicks,Launched,Launched,Launched,Passes,Passes,Passes,Passes,Goal Kicks,Goal Kicks,Goal Kicks,Crosses,Crosses,Crosses,Sweeper,Sweeper,,For Atlético Madrid,For Atlético Madrid,For Atlético Madrid,For Atlético Madrid,For Atlético Madrid,For Atlético Madrid,For Atlético Madrid,For Atlético Madrid,For Atlético Madrid,For Atlético Madrid,Total,Total,Total,Total,Total,Short,Short,Short,Medium,Medium,Medium,Long,Long,Long,,,,,,,,,,For Atlético Madrid,For Atlético Madrid,For Atlético Madrid,For Atlético Madrid,For Atlético Madrid,For Atlético Madrid,For Atlético Madrid,For Atlético Madrid,For Atlético Madrid,For Atlético Madrid,For Atlético Madrid,Pass Types,Pass Types,Pass Types,Pass Types,Pass Types,Pass Types,Pass Types,Pass Types,Corner Kicks,Corner Kicks,Corner Kicks,Outcomes,Outcomes,Outcomes,,For Atlético Madrid,For Atlético Madrid,For Atlético Madrid,For Atlético Madrid,For Atlético Madrid,For Atlético Madrid,For Atlético Madrid,For Atlético Madrid,For Atlético Madrid,For Atlético Madrid,SCA Types,SCA Types,SCA Types,SCA Types,SCA Types,SCA Types,SCA Types,GCA Types,GCA Types,GCA Types,GCA Types,GCA Types,GCA Types,GCA Types,,For Atlético Madrid,For Atlético Madrid,For Atlético Madrid,For Atlético Madrid,For Atlético Madrid,For Atlético Madrid,For Atlético Madrid,For Atlético Madrid,For Atlético Madrid,For Atlético Madrid,Tackles,Tackles,Tackles,Tackles,Tackles,Challenges,Challenges,Challenges,Challenges,Blocks,Blocks,Blocks,,,,,,For Atlético Madrid,For Atlético Madrid,For Atlético Madrid,For Atlético Madrid,For Atlético Madrid,For Atlético Madrid,For Atlético Madrid,For Atlético Madrid,For Atlético Madrid,For Atlético Madrid,For Atlético Madrid,Touches,Touches,Touches,Touches,Touches,Touches,Touches,Take-Ons,Take-Ons,Take-Ons,Take-Ons,Take-Ons,Carries,Carries,Carries,Carries,Carries,Carries,Carries,Carries,Receiving,Receiving,,For Atlético Madrid,For Atlético Madrid,For Atlético Madrid,For Atlético Madrid,For Atlético Madrid,For Atlético Madrid,For Atlético Madrid,For Atlético Madrid,For Atlético Madrid,For Atlético Madrid,Performance,Performance,Performance,Performance,Performance,Performance,Performance,Performance,Performance,Performance,Performance,Performance,Performance,Aerial Duels,Aerial Duels,Aerial Duels,
Date,Time,Comp,Round,Day,Venue,Result,GF,GA,Opponent,Gls,Sh,SoT,SoT%,G/Sh,G/SoT,Dist,FK,PK,PKatt,xG,npxG,npxG/Sh,G-xG,np:G-xG,Match Report,Date,Time,Comp,Round,Day,Venue,Result,GF,GA,Opponent,SoTA,GA,Saves,Save%,CS,PSxG,PSxG+/-,PKatt,PKA,PKsv,PKm,Cmp,Att,Cmp%,Att (GK),Thr,Launch%,AvgLen,Att,Launch%,AvgLen,Opp,Stp,Stp%,#OPA,AvgDist,Match Report,Date,Time,Comp,Round,Day,Venue,Result,GF,GA,Opponent,Cmp,Att,Cmp%,TotDist,PrgDist,Cmp,Att,Cmp%,Cmp,Att,Cmp%,Cmp,Att,Cmp%,Ast,xAG,xA,KP,1/3,PPA,CrsPA,PrgP,Match Report,Date,Time,Comp,Round,Day,Venue,Result,GF,GA,Opponent,Att,Live,Dead,FK,TB,Sw,Crs,TI,CK,In,Out,Str,Cmp,Off,Blocks,Match Report,Date,Time,Comp,Round,Day,Venue,Result,GF,GA,Opponent,SCA,PassLive,PassDead,TO,Sh,Fld,Def,GCA,PassLive,PassDead,TO,Sh,Fld,Def,Match Report,Date,Time,Comp,Round,Day,Venue,Result,GF,GA,Opponent,Tkl,TklW,Def 3rd,Mid 3rd,Att 3rd,Tkl,Att,Tkl%,Lost,Blocks,Sh,Pass,Int,Tkl+Int,Clr,Err,Match Report,Date,Time,Comp,Round,Day,Venue,Result,GF,GA,Opponent,Poss,Touches,Def Pen,Def 3rd,Mid 3rd,Att 3rd,Att Pen,Live,Att,Succ,Succ%,Tkld,Tkld%,Carries,TotDist,PrgDist,PrgC,1/3,CPA,Mis,Dis,Rec,PrgR,Match Report,Date,Time,Comp,Round,Day,Venue,Result,GF,GA,Opponent,CrdY,CrdR,2CrdY,Fls,Fld,Off,Crs,Int,TklW,PKwon,PKcon,OG,Recov,Won,Lost,Won%,Match Report
2022-02-26,21:00 (12:00),La Liga,Matchweek 26,Sat,Home,W,2,0,Celta Vigo,2,13,6,46.2,0.15,0.33,22.1,1,0,0,0.6,0.6,0.05,+1.4,+1.4,Match Report,2022-02-26,21:00 (12:00),La Liga,Matchweek 26,Sat,Home,W,2,0,Celta Vigo,2,0,2,100.0,1,0.1,+0.1,0,0,0,0,6,23,26.1,23,1,69.6,48.6,7,100.0,64.7,23,0,0.0,1,9.8,Match Report,2022-02-26,21:00 (12:00),La Liga,Matchweek 26,Sat,Home,W,2,0,Celta Vigo,294,392,75.0,5002,1900,142,167,85.0,103,120,85.8,33,67,49.3,2,0.5,0.5,11,23,9,2,33,Match Report,2022-02-26,21:00 (12:00),La Liga,Matchweek 26,Sat,Home,W,2,0,Celta Vigo,392,357,34,8,0,1,13,13,5,1,2,0,294,1,9,Match Report,2022-02-26,21:00 (12:00),La Liga,Matchweek 26,Sat,Home,W,2,0,Celta Vigo,25,18,2,2,2,1,0,4,4,0,0,0,0,0,Match Report,2022-02-26,21:00 (12:00),La Liga,Matchweek 26,Sat,Home,W,2,0,Celta Vigo,12,6,4,6,2,4,15,26.7,11,13,7,6,21,33,26,1,Match Report,2022-02-26,21:00 (12:00),La Liga,Matchweek 26,Sat,Home,W,2,0,Celta Vigo,36,522,59,163,255,108,21,522,17,16,94.1,1,5.9,243,1380,734,14,13,2,23,10,291,33,Match Report,2022-02-26,21:00 (12:00),La Liga,Matchweek 26,Sat,Home,W,2,0,Celta Vigo,4,0,0,10,7,1,13,21,6,0,0,0,59,17,17,50.0,Match Report
2022-03-06,21:00 (12:00),La Liga,Matchweek 27,Sun,Away,W,3,1,Betis,3,8,6,75.0,0.38,0.50,10.2,0,0,0,2.8,2.8,0.36,+0.2,+0.2,Match Report,2022-03-06,21:00 (12:00),La Liga,Matchweek 27,Sun,Away,W,3,1,Betis,6,1,5,83.3,0,0.6,-0.4,0,0,0,0,10,28,35.7,20,1,85.0,55.4,12,91.7,58.3,23,0,0.0,0,7.0,Match Report,2022-03-06,21:00 (12:00),La Liga,Matchweek 27,Sun,Away,W,3,1,Betis,239,343,69.7,3940,1949,128,152,84.2,60,88,68.2,32,68,47.1,3,2.4,1.4,7,15,4,0,17,Match Report,2022-03-06,21:00 (12:00),La Liga,Matchweek 27,Sun,Away,W,3,1,Betis,343,291,51,16,3,0,9,18,3,2,1,0,239,1,9,Match Report,2022-03-06,21:00 (12:00),La Liga,Matchweek 27,Sun,Away,W,3,1,Betis,15,10,1,3,1,0,0,6,5,0,1,0,0,0,Match Report,2022-03-06,21:00 (12:00),La Liga,Matchweek 27,Sun,Away,W,3,1,Betis,23,12,14,8,1,9,18,50.0,9,17,8,9,6,29,27,0,Match Report,2022-03-06,21:00 (12:00),La Liga,Matchweek 27,Sun,Away,W,3,1,Betis,35,469,68,190,220,63,16,469,17,8,47.1,9,52.9,172,968,507,12,7,4,6,5,234,17,Match Report,2022-03-06,21:00 (12:00),La Liga,Matchweek 27,Sun,Away,W,3,1,Betis,3,0,0,10,15,1,9,6,12,0,0,0,53,13,16,44.8,Match Report
2022-03-11,21:00 (12:00),La Liga,Matchweek 28,Fri,Home,W,2,1,Cádiz,2,6,5,83.3,0.33,0.40,21.8,0,0,0,0.3,0.3,0.06,+1.7,+1.7,Match Report,2022-03-11,21:00 (12:00),La Liga,Matchweek 28,Fri,Home,W,2,1,Cádiz,2,1,1,50.0,0,1.3,+0.3,0,0,0,0,8,25,32.0,20,1,65.0,44.2,16,75.0,51.8,14,2,14.3,1,11.0,Match Report,2022-03-11,21:00 (12:00),La Liga,Matchweek 28,Fri,Home,W,2,1,Cádiz,328,415,79.0,5191,2272,181,203,89.2,108,129,83.7,24,56,42.9,0,0.1,0.3,4,15,4,0,26,Match Report,2022-03-11,21:00 (12:00),La Liga,Matchweek 28,Fri,Home,W,2,1,Cádiz,415,365,49,14,2,4,2,17,0,0,0,0,328,1,6,Match Report,2022-03-11,21:00 (12:00),La Liga,Matchweek 28,Fri,Home,W,2,1,Cádiz,9,8,0,0,1,0,0,1,0,0,0,1,0,0,Match Report,2022-03-11,21:00 (12:00),La Liga,Matchweek 28,Fri,Home,W,2,1,Cádiz,24,7,11,12,1,8,21,38.1,13,10,2,8,7,31,26,1,Match Report,2022-03-11,21:00 (12:00),La Liga,Matchweek 28,Fri,Home,W,2,1,Cádiz,45,537,74,191,286,61,8,537,9,5,55.6,4,44.4,283,1430,560,5,14,0,22,7,325,26,Match Report,2022-03-11,21:00 (12:00),La Liga,Matchweek 28,Fri,Home,W,2,1,Cádiz,4,1,0,23,14,1,2,7,7,0,0,0,47,27,18,60.0,Match Report
2022-03-15,20:00 (13:00),Champions Lg,Round of 16,Tue,Away,W,1,0,eng Manchester Utd,1,8,3,37.5,0.13,0.33,26.3,0,0,0,0.5,0.5,0.07,+0.5,+0.5,Match Report,2022-03-15,20:00 (13:00),Champions Lg,Round of 16,Tue,Away,W,1,0,eng Manchester Utd,5,0,5,100.0,1,1.3,+1.3,0,0,0,0,2,18,11.1,19,2,68.4,43.8,10,50.0,38.4,17,4,23.5,0,9.4,Match Report,2022-03-15,20:00 (13:00),Champions Lg,Round of 16,Tue,Away,W,1,0,eng Manchester Utd,300,417,71.9,4400,1889,160,189,84.7,99,124,79.8,18,63,28.6,1,0.4,0.8,4,14,2,0,25,Match Report,2022-03-15,20:00 (13:00),Champions Lg,Round of 16,Tue,Away,W,1,0,eng Manchester Utd,417,371,44,15,1,5,8,16,2,1,1,0,300,2,6,Match Report,2022-03-15,20:00 (13:00),Champions Lg,Round of 16,Tue,Away,W,1,0,eng Manchester Utd,10,7,2,0,0,1,0,2,2,0,0,0,0,0,Match Report,2022-03-15,20:00 (13:00),Champions Lg,Round of 16,Tue,Away,W,1,0,eng Manchester Utd,15,9,7,7,1,10,28,35.7,18,12,1,11,11,26,22,0,Match Report,2022-03-15,20:00 (13:00),Champions Lg,Round of 16,Tue,Away,W,1,0,eng Manchester Utd,40,519,67,199,262,62,8,519,7,5,71.4,2,28.6,219,915,499,9,3,2,11,5,295,25,Match Report,2022-03-15,20:00 (13:00),Champions Lg,Round of 16,Tue,Away,W,1,0,eng Manchester Utd,2,0,0,12,14,2,8,11,9,0,0,0,58,12,18,40.0,Match Report
2022-03-19,21:00 (13:00),La Liga,Matchweek 29,Sat,Away,W,1,0,Rayo Vallecano,1,11,3,27.3,0.09,0.33,18.2,0,0,0,1.4,1.4,0.12,-0.4,-0.4,Match Report,2022-03-19,21:00 (13:00),La Liga,Matchweek 29,Sat,Away,W,1,0,Rayo Vallecano,3,0,3,100.0,1,0.3,+0.3,0,0,0,0,6,25,24.0,29,3,69.0,44.5,6,83.3,57.7,19,1,5.3,2,25.3,Match Report,2022-03-19,21:00 (13:00),La Liga,Matchweek 29,Sat,Away,W,1,0,Rayo Vallecano,336,473,71.0,5185,2280,185,221,83.7,101,129,78.3,29,85,34.1,1,1.4,1.0,10,24,4,0,36,Match Report,2022-03-19,21:00 (13:00),La Liga,Matchweek 29,Sat,Away,W,1,0,Rayo Vallecano,473,418,52,17,0,4,14,22,6,5,1,0,336,3,8,Match Report,2022-03-19,21:00 (13:00),La Liga,Matchweek 29,Sat,Away,W,1,0,Rayo Vallecano,22,15,5,0,0,2,0,2,2,0,0,0,0,0,Match Report,2022-03-19,21:00 (13:00),La Liga,Matchweek 29,Sat,Away,W,1,0,Rayo Vallecano,20,11,13,7,0,9,19,47.4,10,11,6,5,7,27,23,0,Match Report,2022-03-19,21:00 (13:00),La Liga,Matchweek 29,Sat,Away,W,1,0,Rayo Vallecano,46,580,69,227,240,119,15,580,21,14,66.7,7,33.3,307,1290,778,19,11,5,12,9,335,35,Match Report,2022-03-19,21:00 (13:00),La Liga,Matchweek 29,Sat,Away,W,1,0,Rayo Vallecano,5,1,0,12,15,3,14,7,11,0,0,0,73,15,20,42.9,Match Report
2022-04-02,21:00 (12:00),La Liga,Matchweek 30,Sat,Home,W,4,1,Alavés,4,13,7,53.8,0.23,0.43,17.4,0,1,1,3.0,2.2,0.22,+1.0,+0.8,Match Report,2022-04-02,21:00 (12:00),La Liga,Matchweek 30,Sat,Home,W,4,1,Alavés,1,1,0,0.0,0,0.5,-0.5,0,0,0,0,4,20,20.0,24,4,70.8,45.8,5,60.0,41.0,9,1,11.1,1,14.7,Match Report,2022-04-02,21:00 (12:00),La Liga,Matchweek 30,Sat,Home,W,4,1,Alavés,340,454,74.9,5664,2033,177,208,85.1,101,126,80.2,41,87,47.1,2,2.0,1.2,10,19,4,1,24,Match Report,2022-04-02,21:00 (12:00),La Liga,Matchweek 30,Sat,Home,W,4,1,Alavés,454,398,53,14,2,10,14,25,7,1,4,0,340,3,3,Match Report,2022-04-02,21:00 (12:00),La Liga,Matchweek 30,Sat,Home,W,4,1,Alavés,23,12,3,3,1,3,1,7,5,0,0,1,1,0,Match Report,2022-04-02,21:00 (12:00),La Liga,Matchweek 30,Sat,Home,W,4,1,Alavés,11,8,5,4,2,6,10,60.0,4,10,3,7,12,23,12,2,Match Report,2022-04-02,21:00 (12:00),La Liga,Matchweek 30,Sat,Home,W,4,1,Alavés,50,552,49,182,262,112,14,551,22,15,68.2,7,31.8,264,1524,749,18,14,6,11,17,336,24,Match Report,2022-04-02,21:00 (12:00),La Liga,Matchweek 30,Sat,Home,W,4,1,Alavés,1,0,0,10,12,3,14,12,8,1,0,0,60,25,23,52.1,Match Report
2022-04-05,20:00 (12:00),Champions Lg,Quarter-finals,Tue,Away,L,0,1,eng Manchester City,0,0,0,,,,,0,0,0,0.0,0.0,,0.0,0.0,Match Report,2022-04-05,20:00 (12:00),Champions Lg,Quarter-finals,Tue,Away,L,0,1,eng Manchester City,2,1,1,50.0,0,1.2,+0.2,0,0,0,0,4,22,18.2,22,2,77.3,45.2,14,35.7,33.8,20,0,0.0,0,1.0,Match Report,2022-04-05,20:00 (12:00),Champions Lg,Quarter-finals,Tue,Away,L,0,1,eng Manchester City,234,324,72.2,3943,1638,118,132,89.4,87,103,84.5,19,58,32.8,0,0.0,0.1,0,8,3,1,11,Match Report,2022-04-05,20:00 (12:00),Champions Lg,Quarter-finals,Tue,Away,L,0,1,eng Manchester City,324,277,45,9,0,6,3,20,0,0,0,0,234,2,13,Match Report,2022-04-05,20:00 (12:00),Champions Lg,Quarter-finals,Tue,Away,L,0,1,eng Manchester City,0,0,0,0,0,0,0,0,0,0,0,0,0,0,Match Report,2022-04-05,20:00 (12:00),Champions Lg,Quarter-finals,Tue,Away,L,0,1,eng Manchester City,15,11,8,5,2,9,22,40.9,13,7,5,2,15,30,24,0,Match Report,2022-04-05,20:00 (12:00),Champions Lg,Quarter-finals,Tue,Away,L,0,1,eng Manchester City,30,413,80,218,162,40,5,413,9,5,55.6,4,44.4,233,1174,470,9,8,1,12,4,233,11,Match Report,2022-04-05,20:00 (12:00),Champions Lg,Quarter-finals,Tue,Away,L,0,1,eng Manchester City,3,0,0,13,8,2,3,15,11,0,0,0,40,7,14,33.3,Match Report
2022-04-09,16:15 (07:15),La Liga,Matchweek 31,Sat,Away,L,0,1,Mallorca,0,9,1,11.1,0.00,0.00,17.5,1,0,0,0.5,0.5,0.06,-0.5,-0.5,Match Report,2022-04-09,16:15 (07:15),La Liga,Matchweek 31,Sat,Away,L,0,1,Mallorca,3,1,2,100.0,0,1.4,+0.4,1,1,0,0,2,7,28.6,21,7,23.8,29.6,9,22.2,29.0,6,0,0.0,2,21.0,Match Report,2022-04-09,16:15 (07:15),La Liga,Matchweek 31,Sat,Away,L,0,1,Mallorca,542,670,80.9,8848,2806,275,310,88.7,216,252,85.7,39,79,49.4,0,0.2,0.4,4,22,7,0,38,Match Report,2022-04-09,16:15 (07:15),La Liga,Matchweek 31,Sat,Away,L,0,1,Mallorca,670,606,63,13,1,3,18,33,6,3,2,0,542,1,9,Match Report,2022-04-09,16:15 (07:15),La Liga,Matchweek 31,Sat,Away,L,0,1,Mallorca,16,9,1,2,2,2,0,0,0,0,0,0,0,0,Match Report,2022-04-09,16:15 (07:15),La Liga,Matchweek 31,Sat,Away,L,0,1,Mallorca,25,12,10,15,0,7,20,35.0,13,7,1,6,4,29,25,1,Match Report,2022-04-09,16:15 (07:15),La Liga,Matchweek 31,Sat,Away,L,0,1,Mallorca,67,775,61,249,403,128,17,775,19,14,73.7,5,26.3,444,2286,1253,20,13,3,15,10,539,38,Match Report,2022-04-09,16:15 (07:15),La Liga,Matchweek 31,Sat,Away,L,0,1,Mallorca,4,0,0,11,14,1,18,4,12,0,1,0,44,31,19,62.0,Match Report
2022-04-13,21:00 (12:00),Champions Lg,Quarter-finals,Wed,Home,D,0,0,eng Manchester City,0,14,3,21.4,0.00,0.00,16.7,1,0,0,0.8,0.8,0.06,-0.8,-0.8,Match Report,2022-04-13,21:00 (12:00),Champions Lg,Quarter-finals,Wed,Home,D,0,0,eng Manchester City,1,0,1,100.0,1,0.5,+0.5,0,0,0,0,4,16,25.0,26,2,57.7,37.0,7,14.3,26.1,6,0,0.0,3,18.5,Match Report,2022-04-13,21:00 (12:00),Champions Lg,Quarter-finals,Wed,Home,D,0,0,eng Manchester City,329,443,74.3,5802,2072,141,159,88.7,120,143,83.9,46,95,48.4,0,0.6,0.5,11,18,10,2,29,Match Report,2022-04-13,21:00 (12:00),Champions Lg,Quarter-finals,Wed,Home,D,0,0,eng Manchester City,443,395,44,7,1,9,11,27,2,2,0,0,329,4,13,Match Report,2022-04-13,21:00 (12:00),Champions Lg,Quarter-finals,Wed,Home,D,0,0,eng Manchester City,23,18,0,0,3,1,1,0,0,0,0,0,0,0,Match Report,2022-04-13,21:00 (12:00),Champions Lg,Quarter-finals,Wed,Home,D,0,0,eng Manchester City,19,12,9,8,2,8,20,40.0,12,10,5,5,8,27,11,0,Match Report,2022-04-13,21:00 (12:00),Champions Lg,Quarter-finals,Wed,Home,D,0,0,eng Manchester City,41,542,55,197,242,107,26,542,18,9,50.0,9,50.0,293,1665,812,19,13,4,9,7,324,29,Match Report,2022-04-13,21:00 (12:00),Champions Lg,Quarter-finals,Wed,Home,D,0,0,eng Manchester City,4,1,1,8,6,4,11,8,12,0,0,0,59,13,19,40.6,Match Report
2022-04-17,16:15 (07:15),La Liga,Matchweek 32,Sun,Home,W,2,1,Espanyol,2,9,2,22.2,0.11,0.50,19.7,0,1,1,1.2,0.5,0.05,+0.8,+0.5,Match Report,2022-04-17,16:15 (07:15),La Liga,Matchweek 32,Sun,Home,W,2,1,Espanyol,5,1,4,80.0,0,0.8,-0.2,0,0,0,0,3,10,30.0,16,5,37.5,34.5,8,50.0,42.6,8,0,0.0,0,1.0,Match Report,2022-04-17,16:15 (07:15),La Liga,Matchweek 32,Sun,Home,W,2,1,Espanyol,431,550,78.4,7044,2495,202,226,89.4,156,189,82.5,40,79,50.6,1,0.4,0.6,6,26,11,2,47,Match Report,2022-04-17,16:15 (07:15),La Liga,Matchweek 32,Sun,Home,W,2,1,Espanyol,550,495,53,13,4,3,31,24,6,2,2,0,431,2,12,Match Report,2022-04-17,16:15 (07:15),La Liga,Matchweek 32,Sun,Home,W,2,1,Espanyol,18,14,3,1,0,0,0,3,2,1,0,0,0,0,Match Report,2022-04-17,16:15 (07:15),La Liga,Matchweek 32,Sun,Home,W,2,1,Espanyol,10,6,5,5,0,2,10,20.0,8,10,3,7,4,14,12,1,Match Report,2022-04-17,16:15 (07:15),La Liga,Matchweek 32,Sun,Home,W,2,1,Espanyol,52,631,48,189,255,191,31,630,13,11,84.6,2,15.4,339,1760,1060,23,16,5,16,7,427,47,Match Report,2022-04-17,16:15 (07:15),La Liga,Matchweek 32,Sun,Home,W,2,1,Espanyol,5,1,1,18,10,2,31,4,6,0,0,0,41,10,13,43.5,Match Report
2022-04-20,19:00 (10:00),La Liga,Matchweek 33,Wed,Home,D,0,0,Granada,0,22,1,4.5,0.00,0.00,18.9,1,0,0,1.1,1.1,0.05,-1.1,-1.1,Match Report,2022-04-20,19:00 (10:00),La Liga,Matchweek 33,Wed,Home,D,0,0,Granada,2,0,2,100.0,1,0.1,+0.1,0,0,0,0,2,8,25.0,21,7,28.6,30.9,7,28.6,30.1,6,0,0.0,0,4.0,Match Report,2022-04-20,19:00 (10:00),La Liga,Matchweek 33,Wed,Home,D,0,0,Granada,567,703,80.7,9165,2982,292,321,91.0,194,236,82.2,53,90,58.9,0,0.8,1.6,16,39,14,3,60,Match Report,2022-04-20,19:00 (10:00),La Liga,Matchweek 33,Wed,Home,D,0,0,Granada,703,647,55,11,4,7,30,25,11,3,6,0,567,1,17,Match Report,2022-04-20,19:00 (10:00),La Liga,Matchweek 33,Wed,Home,D,0,0,Granada,39,20,6,5,7,1,0,0,0,0,0,0,0,0,Match Report,2022-04-20,19:00 (10:00),La Liga,Matchweek 33,Wed,Home,D,0,0,Granada,16,8,11,5,0,10,17,58.8,7,8,1,7,13,29,12,1,Match Report,2022-04-20,19:00 (10:00),La Liga,Matchweek 33,Wed,Home,D,0,0,Granada,64,806,56,207,363,239,39,806,15,10,66.7,5,33.3,479,2208,1268,32,20,8,12,13,563,60,Match Report,2022-04-20,19:00 (10:00),La Liga,Matchweek 33,Wed,Home,D,0,0,Granada,4,0,0,9,12,1,30,13,8,0,0,0,65,23,16,59.0,Match Report
2022-04-30,21:00 (12:00),La Liga,Matchweek 34,Sat,Away,L,0,2,Athletic Club,0,9,3,33.3,0.00,0.00,19.7,1,0,0,0.7,0.7,0.07,-0.7,-0.7,Match Report,2022-04-30,21:00 (12:00),La Liga,Matchweek 34,Sat,Away,L,0,2,Athletic Club,4,2,3,75.0,0,1.6,+0.6,1,1,0,0,4,16,25.0,24,4,37.5,34.0,12,58.3,42.3,12,0,0.0,0,,Match Report,2022-04-30,21:00 (12:00),La Liga,Matchweek 34,Sat,Away,L,0,2,Athletic Club,414,526,78.7,7564,2472,169,191,88.5,191,224,85.3,41,83,49.4,0,0.6,0.9,8,20,3,1,31,Match Report,2022-04-30,21:00 (12:00),La Liga,Matchweek 34,Sat,Away,L,0,2,Athletic Club,526,463,62,19,1,10,14,25,3,1,0,0,414,1,9,Match Report,2022-04-30,21:00 (12:00),La Liga,Matchweek 34,Sat,Away,L,0,2,Athletic Club,18,14,1,2,0,1,0,0,0,0,0,0,0,0,Match Report,2022-04-30,21:00 (12:00),La Liga,Matchweek 34,Sat,Away,L,0,2,Athletic Club,18,12,9,9,0,8,12,66.7,4,9,1,8,6,24,8,1,Match Report,2022-04-30,21:00 (12:00),La Liga,Matchweek 34,Sat,Away,L,0,2,Athletic Club,57,607,67,233,272,107,12,607,15,8,53.3,7,46.7,393,1869,903,14,10,2,10,2,410,31,Match Report,2022-04-30,21:00 (12:00),La Liga,Matchweek 34,Sat,Away,L,0,2,Athletic Club,3,0,0,15,18,1,14,6,12,0,1,1,49,6,13,31.6,Match Report
2022-05-08,21:00 (12:00),La Liga,Matchweek 35,Sun,Home,W,1,0,Real Madrid,1,15,1,6.7,0.00,0.00,19.3,0,1,1,2.3,1.5,0.10,-1.3,-1.5,Match Report,2022-05-08,21:00 (12:00),La Liga,Matchweek 35,Sun,Home,W,1,0,Real Madrid,6,0,6,100.0,1,1.1,+1.1,0,0,0,0,6,22,27.3,21,4,57.1,42.1,12,83.3,57.5,12,1,8.3,1,12.7,Match Report,2022-05-08,21:00 (12:00),La Liga,Matchweek 35,Sun,Home,W,1,0,Real Madrid,354,442,80.1,6598,2421,154,171,90.1,146,166,88.0,44,77,57.1,0,1.4,1.3,12,25,10,0,45,Match Report,2022-05-08,21:00 (12:00),La Liga,Matchweek 35,Sun,Home,W,1,0,Real Madrid,442,398,42,6,0,4,17,19,4,3,1,0,354,2,5,Match Report,2022-05-08,21:00 (12:00),La Liga,Matchweek 35,Sun,Home,W,1,0,Real Madrid,27,19,1,2,1,2,2,2,1,0,0,0,1,0,Match Report,2022-05-08,21:00 (12:00),La Liga,Matchweek 35,Sun,Home,W,1,0,Real Madrid,17,11,8,5,4,7,13,53.8,6,10,3,7,7,24,13,0,Match Report,2022-05-08,21:00 (12:00),La Liga,Matchweek 35,Sun,Home,W,1,0,Real Madrid,42,541,48,140,271,138,35,540,8,6,75.0,2,25.0,291,1529,852,17,14,8,17,16,351,44,Match Report,2022-05-08,21:00 (12:00),La Liga,Matchweek 35,Sun,Home,W,1,0,Real Madrid,2,0,0,17,7,2,17,7,11,1,0,0,51,10,19,34.5,Match Report
2022-05-11,21:30 (12:30),La Liga,Matchweek 36,Wed,Away,W,2,0,Elche,2,11,5,45.5,0.18,0.40,19.1,0,0,0,1.9,1.9,0.17,+0.1,+0.1,Match Report,2022-05-11,21:30 (12:30),La Liga,Matchweek 36,Wed,Away,W,2,0,Elche,0,0,0,,1,0.0,0.0,0,0,0,0,8,30,26.7,26,4,84.6,47.9,8,100.0,63.4,18,2,11.1,0,4.7,Match Report,2022-05-11,21:30 (12:30),La Liga,Matchweek 36,Wed,Away,W,2,0,Elche,368,480,76.7,5681,2147,209,223,93.7,101,130,77.7,34,81,42.0,2,1.9,2.2,10,16,11,2,25,Match Report,2022-05-11,21:30 (12:30),La Liga,Matchweek 36,Wed,Away,W,2,0,Elche,480,432,40,15,5,4,10,13,3,0,1,0,368,8,6,Match Report,2022-05-11,21:30 (12:30),La Liga,Matchweek 36,Wed,Away,W,2,0,Elche,22,22,0,0,0,0,0,4,4,0,0,0,0,0,Match Report,2022-05-11,21:30 (12:30),La Liga,Matchweek 36,Wed,Away,W,2,0,Elche,17,9,8,9,0,8,18,44.4,10,14,5,9,17,34,18,0,Match Report,2022-05-11,21:30 (12:30),La Liga,Matchweek 36,Wed,Away,W,2,0,Elche,44,583,65,208,264,114,21,583,11,6,54.5,5,45.5,295,1439,677,8,13,4,14,12,365,25,Match Report,2022-05-11,21:30 (12:30),La Liga,Matchweek 36,Wed,Away,W,2,0,Elche,2,0,0,7,15,8,10,17,9,0,0,0,69,10,19,34.5,Match Report
2022-05-15,19:30 (10:30),La Liga,Matchweek 37,Sun,Home,D,1,1,Sevilla,1,12,3,25.0,0.08,0.33,16.3,0,0,0,1.2,1.2,0.10,-0.2,-0.2,Match Report,2022-05-15,19:30 (10:30),La Liga,Matchweek 37,Sun,Home,D,1,1,Sevilla,4,1,3,75.0,0,0.6,-0.4,0,0,0,0,7,26,26.9,22,3,68.2,45.8,11,100.0,63.4,17,0,0.0,1,15.7,Match Report,2022-05-15,19:30 (10:30),La Liga,Matchweek 37,Sun,Home,D,1,1,Sevilla,292,386,75.6,4831,1843,141,164,86.0,101,116,87.1,32,80,40.0,1,1.0,1.1,9,15,8,1,26,Match Report,2022-05-15,19:30 (10:30),La Liga,Matchweek 37,Sun,Home,D,1,1,Sevilla,386,332,53,18,5,4,16,18,4,4,0,0,292,1,3,Match Report,2022-05-15,19:30 (10:30),La Liga,Matchweek 37,Sun,Home,D,1,1,Sevilla,20,13,3,1,0,2,1,1,0,1,0,0,0,0,Match Report,2022-05-15,19:30 (10:30),La Liga,Matchweek 37,Sun,Home,D,1,1,Sevilla,17,12,8,5,4,9,16,56.3,7,6,1,5,11,28,17,0,Match Report,2022-05-15,19:30 (10:30),La Liga,Matchweek 37,Sun,Home,D,1,1,Sevilla,41,481,53,139,222,123,15,481,12,3,25.0,9,75.0,271,1333,666,10,11,1,10,9,290,26,Match Report,2022-05-15,19:30 (10:30),La Liga,Matchweek 37,Sun,Home,D,1,1,Sevilla,2,0,0,14,18,1,16,11,12,0,0,0,47,12,19,38.7,Match Report
2022-05-22,22:00 (13:00),La Liga,Matchweek 38,Sun,Away,W,2,1,Real Sociedad,2,6,5,83.3,0.33,0.40,18.7,0,0,0,0.7,0.7,0.12,+1.3,+1.3,Match Report,2022-05-22,22:00 (13:00),La Liga,Matchweek 38,Sun,Away,W,2,1,Real Sociedad,3,1,2,66.7,0,0.7,-0.3,0,0,0,0,7,30,23.3,25,2,84.0,48.2,9,100.0,57.8,7,0,0.0,0,,Match Report,2022-05-22,22:00 (13:00),La Liga,Matchweek 38,Sun,Away,W,2,1,Real Sociedad,271,384,70.6,4144,1532,116,131,88.5,82,112,73.2,28,78,35.9,2,0.7,0.5,6,18,3,1,18,Match Report,2022-05-22,22:00 (13:00),La Liga,Matchweek 38,Sun,Away,W,2,1,Real Sociedad,384,334,48,16,1,3,13,19,2,2,0,0,271,2,8,Match Report,2022-05-22,22:00 (13:00),La Liga,Matchweek 38,Sun,Away,W,2,1,Real Sociedad,11,8,1,1,0,1,0,4,4,0,0,0,0,0,Match Report,2022-05-22,22:00 (13:00),La Liga,Matchweek 38,Sun,Away,W,2,1,Real Sociedad,29,13,12,14,3,19,27,70.4,8,10,2,8,15,44,13,1,Match Report,2022-05-22,22:00 (13:00),La Liga,Matchweek 38,Sun,Away,W,2,1,Real Sociedad,38,502,45,177,223,107,10,502,17,11,64.7,6,35.3,246,1168,449,10,4,2,12,13,268,17,Match Report,2022-05-22,22:00 (13:00),La Liga,Matchweek 38,Sun,Away,W,2,1,Real Sociedad,2,0,0,11,15,2,13,15,13,0,0,0,63,8,23,25.8,Match Report
,,,,,,--,,,,77,593,190,32.0,0.12,0.38,17.6,12,5,6,,,0.12,+77.0,+72.0,,,,,,,,--,,,,156,57,101,69.2,16,45.6,-4.4,10,9,1,0,215,776,27.7,1004,191,51.9,39.4,380,67.4,47.7,593,36,6.1,36,13.7,,,,,,,,--,,,,18029,23053,78.2,303965,108352,8796,9914,88.7,6307,7533,83.7,1978,3775,52.4,53,,,415,1186,381,77,1747,,,,,,,,--,,,,23053,20542,2403,659,95,304,855,1031,233,83,97,0,18029,108,384,,,,,,,,--,,,,982,706,95,66,54,46,15,126,97,7,6,10,3,3,,,,,,,,--,,,,812,487,383,346,83,385,837,46.0,452,458,125,333,513,1287,829,15,,,,,,,,--,,,,,28003,2579,8504,12936,6794,1045,27997,734,461,62.8,273,37.2,15209,79282,42025,866,642,204,690,443,17903,1739,,,,,,,,--,,,,139,12,4,645,657,115,855,513,487,4,10,3,2506,680,684,49.9,
