Date,Time,Comp,Round,Day,Venue,Result,GF,GA,Opponent,Standard_Gls,Standard_Sh,Standard_SoT,Standard_SoT%,Standard_G/Sh,Standard_G/SoT,Standard_Dist,Standard_FK,Standard_PK,Standard_PKatt,Expected_xG,Expected_npxG,Expected_npxG/Sh,Expected_G-xG,Expected_np:G-xG,Match Report,Date,Time,Comp,Round,Day,Venue,Result,GF,GA,Opponent,Performance_SoTA,Performance_GA,Performance_Saves,Performance_Save%,Performance_CS,Performance_PSxG,Performance_PSxG+/-,Penalty Kicks_PKatt,Penalty Kicks_PKA,Penalty Kicks_PKsv,Penalty Kicks_PKm,Launched_Cmp,Launched_Att,Launched_Cmp%,Passes_Att (GK),Passes_Thr,Passes_Launch%,Passes_AvgLen,Goal Kicks_Att,Goal Kicks_Launch%,Goal Kicks_AvgLen,Crosses_Opp,Crosses_Stp,Crosses_Stp%,Sweeper_#OPA,Sweeper_AvgDist,Match Report,Date,Time,Comp,Round,Day,Venue,Result,GF,GA,Opponent,Total_Cmp,Total_Att,Total_Cmp%,Total_TotDist,Total_PrgDist,Short_Cmp,Short_Att,Short_Cmp%,Medium_Cmp,Medium_Att,Medium_Cmp%,Long_Cmp,Long_Att,Long_Cmp%,Ast,xAG,xA,KP,1/3,PPA,CrsPA,PrgP,Match Report,Date,Time,Comp,Round,Day,Venue,Result,GF,GA,Opponent,Att,Pass Types_Live,Pass Types_Dead,Pass Types_FK,Pass Types_TB,Pass Types_Sw,Pass Types_Crs,Pass Types_TI,Pass Types_CK,Corner Kicks_In,Corner Kicks_Out,Corner Kicks_Str,Outcomes_Cmp,Outcomes_Off,Outcomes_Blocks,Match Report,Date,Time,Comp,Round,Day,Venue,Result,GF,GA,Opponent,SCA Types_SCA,SCA Types_PassLive,SCA Types_PassDead,SCA Types_TO,SCA Types_Sh,SCA Types_Fld,SCA Types_Def,GCA Types_GCA,GCA Types_PassLive,GCA Types_PassDead,GCA Types_TO,GCA Types_Sh,GCA Types_Fld,GCA Types_Def,Match Report,Date,Time,Comp,Round,Day,Venue,Result,GF,GA,Opponent,Tackles_Tkl,Tackles_TklW,Tackles_Def 3rd,Tackles_Mid 3rd,Tackles_Att 3rd,Challenges_Tkl,Challenges_Att,Challenges_Tkl%,Challenges_Lost,Blocks_Blocks,Blocks_Sh,Blocks_Pass,Int,Tkl+Int,Clr,Err,Match Report,Date,Time,Comp,Round,Day,Venue,Result,GF,GA,Opponent,Poss,Touches_Touches,Touches_Def Pen,Touches_Def 3rd,Touches_Mid 3rd,Touches_Att 3rd,Touches_Att Pen,Touches_Live,Take-Ons_Att,Take-Ons_Succ,Take-Ons_Succ%,Take-Ons_Tkld,Take-Ons_Tkld%,Carries_Carries,Carries_TotDist,Carries_PrgDist,Carries_PrgC,Carries_1/3,Carries_CPA,Carries_Mis,Carries_Dis,Receiving_Rec,Receiving_PrgR,Match Report,Date,Time,Comp,Round,Day,Venue,Result,GF,GA,Opponent,Performance_CrdY,Performance_CrdR,Performance_2CrdY,Performance_Fls,Performance_Fld,Performance_Off,Performance_Crs,Performance_Int,Performance_TklW,Performance_PKwon,Performance_PKcon,Performance_OG,Performance_Recov,Aerial Duels_Won,Aerial Duels_Lost,Aerial Duels_Won%,Match Report
2023-08-13,13:00 (04:00),DFB-Pokal,Round of 64,Sun,Away,W,8.0,0.0,Rostocker FC,8,39,21,53.8,0.21,0.38,,,0,0,,,,,,Match Report,2023-08-13,13:00 (04:00),DFB-Pokal,Round of 64,Sun,Away,W,8.0,0.0,Rostocker FC,0,0,0,,1,,,0,0,0,0,,,,,,,,,,,,,,,,Match Report,2023-08-13,13:00 (04:00),DFB-Pokal,Round of 64,Sun,Away,W,8.0,0.0,Rostocker FC,,,,,,,,,,,,,,,4,,,,,,,,Match Report,2023-08-13,13:00 (04:00),DFB-Pokal,Round of 64,Sun,Away,W,8.0,0.0,Rostocker FC,,,,,,,34,,,,,,,,,Match Report,2023-08-13,13:00 (04:00),DFB-Pokal,Round of 64,Sun,Away,W,8.0,0.0,Rostocker FC,,,,,,,,,,,,,,,Match Report,2023-08-13,13:00 (04:00),DFB-Pokal,Round of 64,Sun,Away,W,8.0,0.0,Rostocker FC,,17,,,,,,,,,,,15,0,,,Match Report,2023-08-13,13:00 (04:00),DFB-Pokal,Round of 64,Sun,Away,W,8.0,0.0,Rostocker FC,63.0,,,,,,,,,,,,,,,,,,,,,,,Match Report,2023-08-13,13:00 (04:00),DFB-Pokal,Round of 64,Sun,Away,W,8.0,0.0,Rostocker FC,0,0,0,10,21,2,34,15,17,,,0,,,,,Match Report
2023-08-19,15:30 (06:30),Bundesliga,Matchweek 1,Sat,Away,L,0.0,2.0,Wolfsburg,0,14,1,7.1,0.0,0.0,16.3,0.0,0,0,1.2,1.2,0.08,-1.2,-1.2,Match Report,2023-08-19,15:30 (06:30),Bundesliga,Matchweek 1,Sat,Away,L,0.0,2.0,Wolfsburg,8,2,6,75.0,0,2.4,0.4,0,0,0,0,6.0,14.0,42.9,47.0,9.0,23.4,33.6,8.0,37.5,29.0,6.0,0.0,0.0,0.0,5.0,Match Report,2023-08-19,15:30 (06:30),Bundesliga,Matchweek 1,Sat,Away,L,0.0,2.0,Wolfsburg,420.0,542.0,77.5,8504.0,2976.0,134.0,172.0,77.9,210.0,229.0,91.7,67.0,103.0,65.0,0,1.0,1.4,10.0,32.0,9.0,3.0,41.0,Match Report,2023-08-19,15:30 (06:30),Bundesliga,Matchweek 1,Sat,Away,L,0.0,2.0,Wolfsburg,542.0,487.0,55.0,12.0,0.0,2.0,24,25.0,7.0,4.0,3.0,0.0,420.0,0.0,19.0,Match Report,2023-08-19,15:30 (06:30),Bundesliga,Matchweek 1,Sat,Away,L,0.0,2.0,Wolfsburg,22.0,15.0,2.0,3.0,2.0,0.0,0.0,0.0,0.0,0.0,0.0,0.0,0.0,0.0,Match Report,2023-08-19,15:30 (06:30),Bundesliga,Matchweek 1,Sat,Away,L,0.0,2.0,Wolfsburg,20.0,11,9.0,8.0,3.0,12.0,19.0,63.2,7.0,16.0,3.0,13.0,13,33,7.0,2.0,Match Report,2023-08-19,15:30 (06:30),Bundesliga,Matchweek 1,Sat,Away,L,0.0,2.0,Wolfsburg,52.0,655.0,61.0,214.0,292.0,155.0,20.0,655.0,29.0,13.0,44.8,13.0,44.8,351.0,1816.0,979.0,17.0,12.0,2.0,15.0,4.0,418.0,41.0,Match Report,2023-08-19,15:30 (06:30),Bundesliga,Matchweek 1,Sat,Away,L,0.0,2.0,Wolfsburg,0,0,0,9,10,0,24,13,11,0.0,0.0,0,51.0,21.0,18.0,53.8,Match Report
2023-08-26,15:30 (06:30),Bundesliga,Matchweek 2,Sat,Home,L,2.0,3.0,Hoffenheim,2,19,7,36.8,0.11,0.29,18.2,1.0,0,1,2.4,1.7,0.09,-0.4,0.3,Match Report,2023-08-26,15:30 (06:30),Bundesliga,Matchweek 2,Sat,Home,L,2.0,3.0,Hoffenheim,6,3,3,66.7,0,2.3,-0.7,1,1,0,0,10.0,18.0,55.6,26.0,2.0,50.0,42.8,10.0,50.0,48.8,19.0,0.0,0.0,2.0,16.4,Match Report,2023-08-26,15:30 (06:30),Bundesliga,Matchweek 2,Sat,Home,L,2.0,3.0,Hoffenheim,226.0,340.0,66.5,4752.0,2228.0,81.0,108.0,75.0,89.0,119.0,74.8,47.0,89.0,52.8,1,1.3,1.5,14.0,13.0,10.0,4.0,32.0,Match Report,2023-08-26,15:30 (06:30),Bundesliga,Matchweek 2,Sat,Home,L,2.0,3.0,Hoffenheim,340.0,278.0,62.0,8.0,0.0,2.0,27,30.0,10.0,8.0,0.0,0.0,226.0,0.0,12.0,Match Report,2023-08-26,15:30 (06:30),Bundesliga,Matchweek 2,Sat,Home,L,2.0,3.0,Hoffenheim,33.0,18.0,7.0,0.0,6.0,2.0,0.0,4.0,1.0,1.0,0.0,1.0,1.0,0.0,Match Report,2023-08-26,15:30 (06:30),Bundesliga,Matchweek 2,Sat,Home,L,2.0,3.0,Hoffenheim,14.0,7,10.0,3.0,1.0,11.0,20.0,55.0,9.0,13.0,4.0,9.0,8,22,32.0,0.0,Match Report,2023-08-26,15:30 (06:30),Bundesliga,Matchweek 2,Sat,Home,L,2.0,3.0,Hoffenheim,38.0,459.0,71.0,191.0,120.0,156.0,35.0,458.0,15.0,6.0,40.0,7.0,46.7,189.0,1134.0,602.0,18.0,10.0,3.0,7.0,4.0,225.0,32.0,Match Report,2023-08-26,15:30 (06:30),Bundesliga,Matchweek 2,Sat,Home,L,2.0,3.0,Hoffenheim,1,0,0,13,7,0,27,8,7,0.0,1.0,0,46.0,15.0,21.0,41.7,Match Report
2023-09-01,20:30 (11:30),Bundesliga,Matchweek 3,Fri,Away,D,2.0,2.0,Dortmund,2,13,5,38.5,0.08,0.2,19.6,1.0,1,1,2.1,1.4,0.12,-0.1,-0.4,Match Report,2023-09-01,20:30 (11:30),Bundesliga,Matchweek 3,Fri,Away,D,2.0,2.0,Dortmund,8,2,6,87.5,0,2.4,0.4,1,1,0,0,9.0,17.0,52.9,23.0,4.0,47.8,36.3,10.0,60.0,43.8,14.0,0.0,0.0,3.0,18.8,Match Report,2023-09-01,20:30 (11:30),Bundesliga,Matchweek 3,Fri,Away,D,2.0,2.0,Dortmund,235.0,346.0,67.9,4867.0,2442.0,76.0,102.0,74.5,114.0,140.0,81.4,38.0,71.0,53.5,1,0.5,0.8,6.0,21.0,4.0,0.0,36.0,Match Report,2023-09-01,20:30 (11:30),Bundesliga,Matchweek 3,Fri,Away,D,2.0,2.0,Dortmund,346.0,293.0,50.0,9.0,1.0,3.0,19,22.0,6.0,3.0,3.0,0.0,235.0,3.0,18.0,Match Report,2023-09-01,20:30 (11:30),Bundesliga,Matchweek 3,Fri,Away,D,2.0,2.0,Dortmund,23.0,13.0,1.0,2.0,3.0,4.0,0.0,3.0,2.0,0.0,0.0,0.0,1.0,0.0,Match Report,2023-09-01,20:30 (11:30),Bundesliga,Matchweek 3,Fri,Away,D,2.0,2.0,Dortmund,13.0,8,5.0,6.0,2.0,4.0,15.0,26.7,11.0,13.0,2.0,11.0,8,21,26.0,0.0,Match Report,2023-09-01,20:30 (11:30),Bundesliga,Matchweek 3,Fri,Away,D,2.0,2.0,Dortmund,38.0,460.0,68.0,165.0,191.0,110.0,22.0,459.0,15.0,11.0,73.3,4.0,26.7,242.0,1444.0,777.0,18.0,12.0,6.0,11.0,8.0,232.0,36.0,Match Report,2023-09-01,20:30 (11:30),Bundesliga,Matchweek 3,Fri,Away,D,2.0,2.0,Dortmund,3,0,0,22,8,3,19,8,8,1.0,1.0,0,54.0,11.0,9.0,55.0,Match Report
2023-09-17,15:30 (06:30),Bundesliga,Matchweek 4,Sun,Home,W,4.0,2.0,Werder Bremen,4,17,4,23.5,0.18,0.75,18.2,1.0,1,1,2.2,1.5,0.09,1.8,1.5,Match Report,2023-09-17,15:30 (06:30),Bundesliga,Matchweek 4,Sun,Home,W,4.0,2.0,Werder Bremen,4,2,1,50.0,0,1.9,-0.1,1,0,1,0,11.0,25.0,44.0,38.0,7.0,55.3,40.0,10.0,40.0,39.3,12.0,1.0,8.3,0.0,8.0,Match Report,2023-09-17,15:30 (06:30),Bundesliga,Matchweek 4,Sun,Home,W,4.0,2.0,Werder Bremen,263.0,371.0,70.9,5495.0,2476.0,97.0,119.0,81.5,104.0,127.0,81.9,52.0,98.0,53.1,3,1.2,0.6,12.0,17.0,4.0,2.0,26.0,Match Report,2023-09-17,15:30 (06:30),Bundesliga,Matchweek 4,Sun,Home,W,4.0,2.0,Werder Bremen,371.0,325.0,45.0,7.0,0.0,3.0,24,15.0,10.0,4.0,5.0,0.0,263.0,1.0,7.0,Match Report,2023-09-17,15:30 (06:30),Bundesliga,Matchweek 4,Sun,Home,W,4.0,2.0,Werder Bremen,32.0,20.0,3.0,3.0,2.0,1.0,3.0,7.0,4.0,0.0,1.0,1.0,0.0,1.0,Match Report,2023-09-17,15:30 (06:30),Bundesliga,Matchweek 4,Sun,Home,W,4.0,2.0,Werder Bremen,11.0,6,9.0,1.0,1.0,5.0,17.0,29.4,12.0,8.0,2.0,6.0,15,26,17.0,0.0,Match Report,2023-09-17,15:30 (06:30),Bundesliga,Matchweek 4,Sun,Home,W,4.0,2.0,Werder Bremen,41.0,487.0,63.0,184.0,199.0,113.0,18.0,486.0,17.0,7.0,41.2,10.0,58.8,265.0,1466.0,794.0,18.0,16.0,3.0,21.0,13.0,257.0,25.0,Match Report,2023-09-17,15:30 (06:30),Bundesliga,Matchweek 4,Sun,Home,W,4.0,2.0,Werder Bremen,1,0,0,20,7,1,24,15,6,0.0,1.0,0,57.0,31.0,16.0,66.0,Match Report
2023-09-24,15:30 (06:30),Bundesliga,Matchweek 5,Sun,Away,L,1.0,4.0,Leverkusen,1,2,2,100.0,0.5,0.5,13.8,0.0,0,0,0.5,0.5,0.26,0.5,0.5,Match Report,2023-09-24,15:30 (06:30),Bundesliga,Matchweek 5,Sun,Away,L,1.0,4.0,Leverkusen,10,4,6,70.0,0,3.8,-0.2,1,1,0,0,5.0,16.0,31.3,33.0,5.0,36.4,33.1,8.0,50.0,40.9,10.0,0.0,0.0,0.0,8.7,Match Report,2023-09-24,15:30 (06:30),Bundesliga,Matchweek 5,Sun,Away,L,1.0,4.0,Leverkusen,264.0,357.0,73.9,4651.0,1735.0,122.0,140.0,87.1,107.0,134.0,79.9,28.0,62.0,45.2,1,0.1,0.4,1.0,9.0,1.0,0.0,15.0,Match Report,2023-09-24,15:30 (06:30),Bundesliga,Matchweek 5,Sun,Away,L,1.0,4.0,Leverkusen,357.0,309.0,48.0,11.0,2.0,2.0,9,22.0,2.0,2.0,0.0,0.0,264.0,0.0,11.0,Match Report,2023-09-24,15:30 (06:30),Bundesliga,Matchweek 5,Sun,Away,L,1.0,4.0,Leverkusen,4.0,4.0,0.0,0.0,0.0,0.0,0.0,2.0,2.0,0.0,0.0,0.0,0.0,0.0,Match Report,2023-09-24,15:30 (06:30),Bundesliga,Matchweek 5,Sun,Away,L,1.0,4.0,Leverkusen,16.0,7,8.0,5.0,3.0,6.0,20.0,30.0,14.0,17.0,5.0,12.0,14,30,23.0,0.0,Match Report,2023-09-24,15:30 (06:30),Bundesliga,Matchweek 5,Sun,Away,L,1.0,4.0,Leverkusen,29.0,464.0,88.0,244.0,174.0,51.0,5.0,464.0,10.0,4.0,40.0,6.0,60.0,222.0,1276.0,630.0,10.0,8.0,2.0,11.0,8.0,261.0,15.0,Match Report,2023-09-24,15:30 (06:30),Bundesliga,Matchweek 5,Sun,Away,L,1.0,4.0,Leverkusen,1,0,0,10,8,0,9,14,7,0.0,1.0,0,48.0,6.0,14.0,30.0,Match Report
2023-09-30,15:30 (06:30),Bundesliga,Matchweek 6,Sat,Home,W,1.0,0.0,Union Berlin,1,10,4,40.0,0.1,0.25,20.6,1.0,0,0,0.8,0.8,0.08,0.2,0.2,Match Report,2023-09-30,15:30 (06:30),Bundesliga,Matchweek 6,Sat,Home,W,1.0,0.0,Union Berlin,8,0,8,100.0,1,1.6,1.6,0,0,0,0,10.0,22.0,45.5,37.0,7.0,35.1,39.3,14.0,64.3,47.7,27.0,3.0,11.1,1.0,13.0,Match Report,2023-09-30,15:30 (06:30),Bundesliga,Matchweek 6,Sat,Home,W,1.0,0.0,Union Berlin,336.0,460.0,73.0,7480.0,2881.0,89.0,114.0,78.1,184.0,218.0,84.4,60.0,109.0,55.0,0,0.6,0.6,7.0,20.0,1.0,1.0,22.0,Match Report,2023-09-30,15:30 (06:30),Bundesliga,Matchweek 6,Sat,Home,W,1.0,0.0,Union Berlin,460.0,396.0,63.0,14.0,0.0,5.0,18,29.0,5.0,1.0,4.0,0.0,336.0,1.0,13.0,Match Report,2023-09-30,15:30 (06:30),Bundesliga,Matchweek 6,Sat,Home,W,1.0,0.0,Union Berlin,16.0,10.0,1.0,1.0,1.0,3.0,0.0,2.0,1.0,0.0,0.0,0.0,1.0,0.0,Match Report,2023-09-30,15:30 (06:30),Bundesliga,Matchweek 6,Sat,Home,W,1.0,0.0,Union Berlin,18.0,11,14.0,4.0,0.0,6.0,12.0,50.0,6.0,9.0,4.0,5.0,7,25,30.0,0.0,Match Report,2023-09-30,15:30 (06:30),Bundesliga,Matchweek 6,Sat,Home,W,1.0,0.0,Union Berlin,50.0,571.0,87.0,246.0,226.0,104.0,13.0,571.0,8.0,4.0,50.0,4.0,50.0,279.0,1823.0,1058.0,17.0,11.0,5.0,14.0,9.0,336.0,22.0,Match Report,2023-09-30,15:30 (06:30),Bundesliga,Matchweek 6,Sat,Home,W,1.0,0.0,Union Berlin,1,0,0,11,14,1,18,7,11,0.0,0.0,0,48.0,18.0,21.0,46.2,Match Report
2023-10-08,19:30 (10:30),Bundesliga,Matchweek 7,Sun,Away,L,0.0,2.0,Eint Frankfurt,0,7,2,28.6,0.0,0.0,17.9,0.0,0,0,1.2,1.2,0.17,-1.2,-1.2,Match Report,2023-10-08,19:30 (10:30),Bundesliga,Matchweek 7,Sun,Away,L,0.0,2.0,Eint Frankfurt,6,2,4,66.7,0,0.8,-1.2,1,0,0,1,4.0,13.0,30.8,55.0,2.0,18.2,31.9,8.0,37.5,36.6,12.0,1.0,8.3,0.0,14.5,Match Report,2023-10-08,19:30 (10:30),Bundesliga,Matchweek 7,Sun,Away,L,0.0,2.0,Eint Frankfurt,416.0,556.0,74.8,9459.0,3188.0,90.0,129.0,69.8,238.0,273.0,87.2,86.0,131.0,65.6,0,1.1,0.7,5.0,18.0,10.0,2.0,31.0,Match Report,2023-10-08,19:30 (10:30),Bundesliga,Matchweek 7,Sun,Away,L,0.0,2.0,Eint Frankfurt,556.0,490.0,63.0,16.0,1.0,4.0,25,30.0,6.0,2.0,4.0,0.0,416.0,3.0,16.0,Match Report,2023-10-08,19:30 (10:30),Bundesliga,Matchweek 7,Sun,Away,L,0.0,2.0,Eint Frankfurt,10.0,8.0,2.0,0.0,0.0,0.0,0.0,0.0,0.0,0.0,0.0,0.0,0.0,0.0,Match Report,2023-10-08,19:30 (10:30),Bundesliga,Matchweek 7,Sun,Away,L,0.0,2.0,Eint Frankfurt,23.0,11,11.0,8.0,4.0,13.0,21.0,61.9,8.0,8.0,2.0,6.0,7,30,13.0,0.0,Match Report,2023-10-08,19:30 (10:30),Bundesliga,Matchweek 7,Sun,Away,L,0.0,2.0,Eint Frankfurt,51.0,674.0,80.0,272.0,297.0,112.0,20.0,674.0,18.0,4.0,22.2,12.0,66.7,289.0,1633.0,642.0,9.0,11.0,1.0,23.0,16.0,412.0,31.0,Match Report,2023-10-08,19:30 (10:30),Bundesliga,Matchweek 7,Sun,Away,L,0.0,2.0,Eint Frankfurt,3,0,0,10,12,3,25,7,11,0.0,1.0,0,71.0,29.0,17.0,63.0,Match Report
2023-10-22,17:30 (08:30),Bundesliga,Matchweek 8,Sun,Home,L,2.0,5.0,Augsburg,2,15,5,33.3,0.13,0.4,14.3,0.0,0,0,1.5,1.5,0.11,0.5,0.5,Match Report,2023-10-22,17:30 (08:30),Bundesliga,Matchweek 8,Sun,Home,L,2.0,5.0,Augsburg,6,5,1,33.3,0,3.1,-1.9,1,1,0,0,7.0,9.0,77.8,27.0,5.0,25.9,32.3,5.0,40.0,39.8,10.0,0.0,0.0,1.0,19.5,Match Report,2023-10-22,17:30 (08:30),Bundesliga,Matchweek 8,Sun,Home,L,2.0,5.0,Augsburg,501.0,603.0,83.1,9895.0,3339.0,193.0,218.0,88.5,228.0,255.0,89.4,75.0,105.0,71.4,2,1.4,0.8,9.0,32.0,7.0,2.0,52.0,Match Report,2023-10-22,17:30 (08:30),Bundesliga,Matchweek 8,Sun,Home,L,2.0,5.0,Augsburg,603.0,549.0,53.0,12.0,0.0,6.0,19,24.0,6.0,5.0,1.0,0.0,501.0,1.0,13.0,Match Report,2023-10-22,17:30 (08:30),Bundesliga,Matchweek 8,Sun,Home,L,2.0,5.0,Augsburg,22.0,14.0,3.0,0.0,5.0,0.0,0.0,3.0,2.0,0.0,0.0,1.0,0.0,0.0,Match Report,2023-10-22,17:30 (08:30),Bundesliga,Matchweek 8,Sun,Home,L,2.0,5.0,Augsburg,10.0,6,7.0,2.0,1.0,4.0,6.0,66.7,2.0,7.0,1.0,6.0,8,18,21.0,0.0,Match Report,2023-10-22,17:30 (08:30),Bundesliga,Matchweek 8,Sun,Home,L,2.0,5.0,Augsburg,59.0,706.0,49.0,193.0,375.0,146.0,22.0,706.0,13.0,7.0,53.8,6.0,46.2,440.0,2409.0,1175.0,17.0,9.0,1.0,14.0,6.0,498.0,52.0,Match Report,2023-10-22,17:30 (08:30),Bundesliga,Matchweek 8,Sun,Home,L,2.0,5.0,Augsburg,3,0,0,11,11,1,19,8,6,0.0,1.0,0,53.0,23.0,16.0,59.0,Match Report
2023-10-28,15:30 (06:30),Bundesliga,Matchweek 9,Sat,Away,L,1.0,2.0,Gladbach,1,9,4,44.4,0.11,0.25,18.0,0.0,0,0,0.4,0.4,0.04,0.6,0.6,Match Report,2023-10-28,15:30 (06:30),Bundesliga,Matchweek 9,Sat,Away,L,1.0,2.0,Gladbach,5,2,4,60.0,0,1.0,0.0,0,0,0,0,2.0,11.0,18.2,33.0,3.0,30.3,35.1,4.0,25.0,38.3,12.0,1.0,8.3,0.0,9.5,Match Report,2023-10-28,15:30 (06:30),Bundesliga,Matchweek 9,Sat,Away,L,1.0,2.0,Gladbach,454.0,557.0,81.5,9075.0,2991.0,149.0,182.0,81.9,235.0,268.0,87.7,61.0,81.0,75.3,0,0.2,0.7,8.0,35.0,9.0,3.0,49.0,Match Report,2023-10-28,15:30 (06:30),Bundesliga,Matchweek 9,Sat,Away,L,1.0,2.0,Gladbach,557.0,510.0,47.0,6.0,0.0,7.0,23,30.0,4.0,1.0,3.0,0.0,454.0,0.0,9.0,Match Report,2023-10-28,15:30 (06:30),Bundesliga,Matchweek 9,Sat,Away,L,1.0,2.0,Gladbach,17.0,13.0,2.0,1.0,1.0,0.0,0.0,2.0,1.0,0.0,1.0,0.0,0.0,0.0,Match Report,2023-10-28,15:30 (06:30),Bundesliga,Matchweek 9,Sat,Away,L,1.0,2.0,Gladbach,14.0,8,7.0,6.0,1.0,8.0,23.0,34.8,15.0,17.0,4.0,13.0,8,22,12.0,0.0,Match Report,2023-10-28,15:30 (06:30),Bundesliga,Matchweek 9,Sat,Away,L,1.0,2.0,Gladbach,47.0,663.0,46.0,182.0,323.0,164.0,18.0,663.0,15.0,6.0,40.0,8.0,53.3,404.0,2353.0,1147.0,13.0,16.0,1.0,22.0,10.0,450.0,48.0,Match Report,2023-10-28,15:30 (06:30),Bundesliga,Matchweek 9,Sat,Away,L,1.0,2.0,Gladbach,3,0,0,17,4,0,23,8,8,0.0,0.0,1,57.0,17.0,21.0,44.7,Match Report
2023-10-31,20:45 (12:45),DFB-Pokal,Round of 32,Tue,Away,L,1.0,3.0,Gladbach,1,5,1,20.0,0.2,1.0,,,0,0,,,,,,Match Report,2023-10-31,20:45 (12:45),DFB-Pokal,Round of 32,Tue,Away,L,1.0,3.0,Gladbach,4,3,1,25.0,0,,,0,0,0,0,,,,,,,,,,,,,,,,Match Report,2023-10-31,20:45 (12:45),DFB-Pokal,Round of 32,Tue,Away,L,1.0,3.0,Gladbach,,,,,,,,,,,,,,,1,,,,,,,,Match Report,2023-10-31,20:45 (12:45),DFB-Pokal,Round of 32,Tue,Away,L,1.0,3.0,Gladbach,,,,,,,15,,,,,,,,,Match Report,2023-10-31,20:45 (12:45),DFB-Pokal,Round of 32,Tue,Away,L,1.0,3.0,Gladbach,,,,,,,,,,,,,,,Match Report,2023-10-31,20:45 (12:45),DFB-Pokal,Round of 32,Tue,Away,L,1.0,3.0,Gladbach,,11,,,,,,,,,,,12,0,,,Match Report,2023-10-31,20:45 (12:45),DFB-Pokal,Round of 32,Tue,Away,L,1.0,3.0,Gladbach,52.0,,,,,,,,,,,,,,,,,,,,,,,Match Report,2023-10-31,20:45 (12:45),DFB-Pokal,Round of 32,Tue,Away,L,1.0,3.0,Gladbach,0,0,0,8,9,1,15,12,11,,,0,,,,,Match Report
2023-11-05,17:30 (08:30),Bundesliga,Matchweek 10,Sun,Home,W,2.0,0.0,Stuttgart,2,19,3,15.8,0.11,0.67,19.0,1.0,0,0,1.2,1.2,0.06,0.8,0.8,Match Report,2023-11-05,17:30 (08:30),Bundesliga,Matchweek 10,Sun,Home,W,2.0,0.0,Stuttgart,1,0,1,100.0,1,0.2,0.2,1,0,0,1,12.0,28.0,42.9,41.0,4.0,51.2,40.8,9.0,77.8,48.6,15.0,0.0,0.0,1.0,16.0,Match Report,2023-11-05,17:30 (08:30),Bundesliga,Matchweek 10,Sun,Home,W,2.0,0.0,Stuttgart,196.0,313.0,62.6,4144.0,2021.0,67.0,93.0,72.0,84.0,111.0,75.7,38.0,79.0,48.1,1,0.5,0.5,12.0,5.0,2.0,1.0,14.0,Match Report,2023-11-05,17:30 (08:30),Bundesliga,Matchweek 10,Sun,Home,W,2.0,0.0,Stuttgart,313.0,254.0,58.0,14.0,1.0,4.0,25,25.0,9.0,4.0,4.0,0.0,196.0,1.0,19.0,Match Report,2023-11-05,17:30 (08:30),Bundesliga,Matchweek 10,Sun,Home,W,2.0,0.0,Stuttgart,28.0,12.0,7.0,0.0,6.0,2.0,1.0,2.0,1.0,1.0,0.0,0.0,0.0,0.0,Match Report,2023-11-05,17:30 (08:30),Bundesliga,Matchweek 10,Sun,Home,W,2.0,0.0,Stuttgart,20.0,11,11.0,9.0,0.0,8.0,19.0,42.1,11.0,16.0,9.0,7.0,7,27,26.0,0.0,Match Report,2023-11-05,17:30 (08:30),Bundesliga,Matchweek 10,Sun,Home,W,2.0,0.0,Stuttgart,32.0,446.0,71.0,181.0,144.0,123.0,22.0,446.0,15.0,7.0,46.7,7.0,46.7,177.0,959.0,477.0,10.0,12.0,2.0,10.0,14.0,192.0,14.0,Match Report,2023-11-05,17:30 (08:30),Bundesliga,Matchweek 10,Sun,Home,W,2.0,0.0,Stuttgart,2,0,0,7,12,1,25,7,11,0.0,1.0,0,44.0,14.0,12.0,53.8,Match Report
2023-11-11,15:30 (06:30),Bundesliga,Matchweek 11,Sat,Away,L,2.0,4.0,Bayern Munich,2,8,2,25.0,0.25,1.0,12.3,0.0,0,0,0.9,0.9,0.12,1.1,1.1,Match Report,2023-11-11,15:30 (06:30),Bundesliga,Matchweek 11,Sat,Away,L,2.0,4.0,Bayern Munich,8,4,4,50.0,0,2.1,-1.9,0,0,0,0,8.0,21.0,38.1,26.0,5.0,53.8,42.3,7.0,100.0,55.4,10.0,0.0,0.0,1.0,17.3,Match Report,2023-11-11,15:30 (06:30),Bundesliga,Matchweek 11,Sat,Away,L,2.0,4.0,Bayern Munich,232.0,327.0,70.9,4002.0,2013.0,106.0,124.0,85.5,85.0,112.0,75.9,27.0,58.0,46.6,0,0.4,0.6,5.0,11.0,4.0,2.0,17.0,Match Report,2023-11-11,15:30 (06:30),Bundesliga,Matchweek 11,Sat,Away,L,2.0,4.0,Bayern Munich,327.0,287.0,39.0,8.0,1.0,1.0,11,17.0,2.0,1.0,1.0,0.0,232.0,1.0,11.0,Match Report,2023-11-11,15:30 (06:30),Bundesliga,Matchweek 11,Sat,Away,L,2.0,4.0,Bayern Munich,14.0,9.0,2.0,3.0,0.0,0.0,0.0,2.0,2.0,0.0,0.0,0.0,0.0,0.0,Match Report,2023-11-11,15:30 (06:30),Bundesliga,Matchweek 11,Sat,Away,L,2.0,4.0,Bayern Munich,23.0,12,9.0,11.0,3.0,13.0,27.0,48.1,14.0,15.0,4.0,11.0,13,36,20.0,0.0,Match Report,2023-11-11,15:30 (06:30),Bundesliga,Matchweek 11,Sat,Away,L,2.0,4.0,Bayern Munich,28.0,459.0,59.0,155.0,223.0,85.0,16.0,459.0,16.0,6.0,37.5,9.0,56.3,220.0,1177.0,577.0,17.0,11.0,3.0,27.0,5.0,230.0,17.0,Match Report,2023-11-11,15:30 (06:30),Bundesliga,Matchweek 11,Sat,Away,L,2.0,4.0,Bayern Munich,0,0,0,8,7,1,11,13,12,0.0,0.0,0,58.0,18.0,10.0,64.3,Match Report
2023-11-26,15:30 (06:30),Bundesliga,Matchweek 12,Sun,Home,D,0.0,0.0,Bochum,0,9,3,33.3,0.0,0.0,17.6,0.0,0,0,0.8,0.8,0.08,-0.8,-0.8,Match Report,2023-11-26,15:30 (06:30),Bundesliga,Matchweek 12,Sun,Home,D,0.0,0.0,Bochum,2,0,2,100.0,1,0.7,0.7,0,0,0,0,10.0,27.0,37.0,49.0,9.0,36.7,36.9,12.0,75.0,51.0,17.0,3.0,17.6,0.0,8.8,Match Report,2023-11-26,15:30 (06:30),Bundesliga,Matchweek 12,Sun,Home,D,0.0,0.0,Bochum,316.0,456.0,69.3,5845.0,2436.0,151.0,183.0,82.5,122.0,159.0,76.7,40.0,87.0,46.0,0,0.4,0.4,7.0,16.0,2.0,0.0,28.0,Match Report,2023-11-26,15:30 (06:30),Bundesliga,Matchweek 12,Sun,Home,D,0.0,0.0,Bochum,456.0,396.0,56.0,10.0,0.0,7.0,14,27.0,6.0,4.0,2.0,0.0,316.0,4.0,7.0,Match Report,2023-11-26,15:30 (06:30),Bundesliga,Matchweek 12,Sun,Home,D,0.0,0.0,Bochum,14.0,10.0,2.0,0.0,1.0,1.0,0.0,0.0,0.0,0.0,0.0,0.0,0.0,0.0,Match Report,2023-11-26,15:30 (06:30),Bundesliga,Matchweek 12,Sun,Home,D,0.0,0.0,Bochum,11.0,6,6.0,2.0,3.0,3.0,10.0,30.0,7.0,15.0,0.0,15.0,5,16,34.0,0.0,Match Report,2023-11-26,15:30 (06:30),Bundesliga,Matchweek 12,Sun,Home,D,0.0,0.0,Bochum,49.0,584.0,89.0,237.0,233.0,119.0,17.0,584.0,22.0,10.0,45.5,10.0,45.5,338.0,1821.0,764.0,14.0,9.0,3.0,22.0,8.0,313.0,28.0,Match Report,2023-11-26,15:30 (06:30),Bundesliga,Matchweek 12,Sun,Home,D,0.0,0.0,Bochum,4,0,0,14,7,4,14,5,6,0.0,0.0,0,52.0,21.0,25.0,45.7,Match Report
2023-12-02,15:30 (06:30),Bundesliga,Matchweek 13,Sat,Away,L,1.0,2.0,RB Leipzig,1,7,1,14.3,0.14,1.0,17.9,0.0,0,0,1.0,1.0,0.16,0.0,0.0,Match Report,2023-12-02,15:30 (06:30),Bundesliga,Matchweek 13,Sat,Away,L,1.0,2.0,RB Leipzig,8,2,6,87.5,0,3.7,1.7,1,1,0,0,16.0,28.0,57.1,28.0,3.0,64.3,44.6,11.0,90.9,59.1,16.0,1.0,6.3,0.0,11.3,Match Report,2023-12-02,15:30 (06:30),Bundesliga,Matchweek 13,Sat,Away,L,1.0,2.0,RB Leipzig,208.0,328.0,63.4,4437.0,2559.0,77.0,109.0,70.6,90.0,122.0,73.8,37.0,79.0,46.8,1,0.9,0.8,5.0,20.0,2.0,1.0,24.0,Match Report,2023-12-02,15:30 (06:30),Bundesliga,Matchweek 13,Sat,Away,L,1.0,2.0,RB Leipzig,328.0,275.0,53.0,16.0,1.0,1.0,10,20.0,3.0,1.0,2.0,0.0,208.0,0.0,15.0,Match Report,2023-12-02,15:30 (06:30),Bundesliga,Matchweek 13,Sat,Away,L,1.0,2.0,RB Leipzig,12.0,8.0,1.0,0.0,0.0,1.0,2.0,2.0,1.0,1.0,0.0,0.0,0.0,0.0,Match Report,2023-12-02,15:30 (06:30),Bundesliga,Matchweek 13,Sat,Away,L,1.0,2.0,RB Leipzig,17.0,12,10.0,5.0,2.0,12.0,28.0,42.9,16.0,12.0,5.0,7.0,11,28,18.0,0.0,Match Report,2023-12-02,15:30 (06:30),Bundesliga,Matchweek 13,Sat,Away,L,1.0,2.0,RB Leipzig,30.0,433.0,79.0,166.0,176.0,95.0,11.0,433.0,11.0,6.0,54.5,5.0,45.5,153.0,1031.0,452.0,4.0,4.0,1.0,11.0,12.0,206.0,24.0,Match Report,2023-12-02,15:30 (06:30),Bundesliga,Matchweek 13,Sat,Away,L,1.0,2.0,RB Leipzig,2,0,0,16,12,0,10,11,12,0.0,1.0,0,54.0,16.0,10.0,61.5,Match Report
2023-12-09,15:30 (06:30),Bundesliga,Matchweek 14,Sat,Home,W,3.0,2.0,Darmstadt 98,3,16,7,43.8,0.19,0.43,17.0,1.0,0,0,1.4,1.4,0.09,1.6,1.6,Match Report,2023-12-09,15:30 (06:30),Bundesliga,Matchweek 14,Sat,Home,W,3.0,2.0,Darmstadt 98,7,2,6,71.4,0,1.6,0.6,0,0,0,0,11.0,25.0,44.0,33.0,2.0,51.5,41.4,10.0,80.0,51.7,16.0,3.0,18.8,0.0,8.7,Match Report,2023-12-09,15:30 (06:30),Bundesliga,Matchweek 14,Sat,Home,W,3.0,2.0,Darmstadt 98,238.0,376.0,63.3,4913.0,2457.0,86.0,127.0,67.7,106.0,140.0,75.7,41.0,87.0,47.1,3,1.3,1.4,12.0,18.0,7.0,0.0,27.0,Match Report,2023-12-09,15:30 (06:30),Bundesliga,Matchweek 14,Sat,Home,W,3.0,2.0,Darmstadt 98,376.0,318.0,57.0,12.0,2.0,2.0,21,24.0,8.0,3.0,3.0,0.0,238.0,1.0,7.0,Match Report,2023-12-09,15:30 (06:30),Bundesliga,Matchweek 14,Sat,Home,W,3.0,2.0,Darmstadt 98,26.0,15.0,6.0,1.0,2.0,2.0,0.0,6.0,1.0,3.0,0.0,1.0,1.0,0.0,Match Report,2023-12-09,15:30 (06:30),Bundesliga,Matchweek 14,Sat,Home,W,3.0,2.0,Darmstadt 98,14.0,10,6.0,5.0,3.0,7.0,9.0,77.8,2.0,11.0,3.0,8.0,10,24,16.0,0.0,Match Report,2023-12-09,15:30 (06:30),Bundesliga,Matchweek 14,Sat,Home,W,3.0,2.0,Darmstadt 98,44.0,497.0,66.0,170.0,180.0,153.0,31.0,497.0,19.0,5.0,26.3,10.0,52.6,205.0,1226.0,667.0,14.0,15.0,2.0,14.0,9.0,234.0,27.0,Match Report,2023-12-09,15:30 (06:30),Bundesliga,Matchweek 14,Sat,Home,W,3.0,2.0,Darmstadt 98,2,0,0,17,13,1,21,10,10,0.0,0.0,1,52.0,22.0,32.0,40.7,Match Report
2023-12-16,15:30 (06:30),Bundesliga,Matchweek 15,Sat,Away,W,1.0,0.0,Mainz 05,1,6,2,33.3,0.17,0.5,18.4,0.0,0,0,0.5,0.5,0.09,0.5,0.5,Match Report,2023-12-16,15:30 (06:30),Bundesliga,Matchweek 15,Sat,Away,W,1.0,0.0,Mainz 05,3,0,3,100.0,1,0.2,0.2,0,0,0,0,11.0,28.0,39.3,22.0,1.0,81.8,49.4,12.0,83.3,54.4,32.0,2.0,6.3,2.0,16.6,Match Report,2023-12-16,15:30 (06:30),Bundesliga,Matchweek 15,Sat,Away,W,1.0,0.0,Mainz 05,165.0,306.0,53.9,2977.0,2021.0,87.0,136.0,64.0,45.0,86.0,52.3,24.0,59.0,40.7,1,0.5,0.6,5.0,23.0,2.0,1.0,19.0,Match Report,2023-12-16,15:30 (06:30),Bundesliga,Matchweek 15,Sat,Away,W,1.0,0.0,Mainz 05,306.0,259.0,46.0,10.0,1.0,0.0,7,22.0,1.0,1.0,0.0,0.0,165.0,1.0,10.0,Match Report,2023-12-16,15:30 (06:30),Bundesliga,Matchweek 15,Sat,Away,W,1.0,0.0,Mainz 05,12.0,10.0,1.0,0.0,0.0,1.0,0.0,2.0,2.0,0.0,0.0,0.0,0.0,0.0,Match Report,2023-12-16,15:30 (06:30),Bundesliga,Matchweek 15,Sat,Away,W,1.0,0.0,Mainz 05,15.0,8,8.0,5.0,2.0,5.0,16.0,31.3,11.0,14.0,5.0,9.0,12,27,38.0,0.0,Match Report,2023-12-16,15:30 (06:30),Bundesliga,Matchweek 15,Sat,Away,W,1.0,0.0,Mainz 05,35.0,453.0,68.0,178.0,197.0,87.0,9.0,453.0,13.0,5.0,38.5,8.0,61.5,174.0,924.0,345.0,8.0,5.0,4.0,27.0,4.0,161.0,19.0,Match Report,2023-12-16,15:30 (06:30),Bundesliga,Matchweek 15,Sat,Away,W,1.0,0.0,Mainz 05,3,0,0,20,6,1,7,12,8,0.0,0.0,0,58.0,43.0,30.0,58.9,Match Report
2023-12-20,20:30 (11:30),Bundesliga,Matchweek 16,Wed,Home,W,3.0,2.0,Freiburg,2,15,3,20.0,0.13,0.67,14.5,1.0,0,0,1.9,1.9,0.13,0.1,0.1,Match Report,2023-12-20,20:30 (11:30),Bundesliga,Matchweek 16,Wed,Home,W,3.0,2.0,Freiburg,4,2,2,75.0,0,1.8,-0.2,1,1,0,0,4.0,9.0,44.4,40.0,3.0,22.5,29.7,6.0,0.0,20.8,13.0,0.0,0.0,1.0,20.0,Match Report,2023-12-20,20:30 (11:30),Bundesliga,Matchweek 16,Wed,Home,W,3.0,2.0,Freiburg,389.0,499.0,78.0,7504.0,2915.0,148.0,177.0,83.6,177.0,212.0,83.5,56.0,82.0,68.3,2,1.6,1.4,11.0,32.0,11.0,1.0,39.0,Match Report,2023-12-20,20:30 (11:30),Bundesliga,Matchweek 16,Wed,Home,W,3.0,2.0,Freiburg,499.0,451.0,46.0,11.0,0.0,3.0,19,19.0,7.0,2.0,2.0,0.0,389.0,2.0,9.0,Match Report,2023-12-20,20:30 (11:30),Bundesliga,Matchweek 16,Wed,Home,W,3.0,2.0,Freiburg,24.0,19.0,2.0,0.0,2.0,1.0,0.0,4.0,4.0,0.0,0.0,0.0,0.0,0.0,Match Report,2023-12-20,20:30 (11:30),Bundesliga,Matchweek 16,Wed,Home,W,3.0,2.0,Freiburg,15.0,9,5.0,7.0,3.0,7.0,12.0,58.3,5.0,15.0,4.0,11.0,8,23,24.0,0.0,Match Report,2023-12-20,20:30 (11:30),Bundesliga,Matchweek 16,Wed,Home,W,3.0,2.0,Freiburg,53.0,617.0,60.0,233.0,245.0,144.0,25.0,617.0,10.0,2.0,20.0,7.0,70.0,365.0,2112.0,1049.0,19.0,12.0,4.0,21.0,10.0,385.0,39.0,Match Report,2023-12-20,20:30 (11:30),Bundesliga,Matchweek 16,Wed,Home,W,3.0,2.0,Freiburg,3,0,0,20,11,2,19,8,9,0.0,1.0,0,53.0,30.0,24.0,55.6,Match Report
2024-01-13,15:30 (06:30),Bundesliga,Matchweek 17,Sat,Away,D,1.0,1.0,Köln,1,9,2,22.2,0.11,0.5,16.2,1.0,0,0,0.9,0.9,0.11,0.1,0.1,Match Report,2024-01-13,15:30 (06:30),Bundesliga,Matchweek 17,Sat,Away,D,1.0,1.0,Köln,5,1,4,80.0,0,0.7,-0.3,0,0,0,0,5.0,16.0,31.3,39.0,5.0,20.5,30.0,10.0,80.0,55.5,28.0,1.0,3.6,0.0,7.0,Match Report,2024-01-13,15:30 (06:30),Bundesliga,Matchweek 17,Sat,Away,D,1.0,1.0,Köln,346.0,463.0,74.7,6806.0,2484.0,118.0,144.0,81.9,162.0,189.0,85.7,52.0,92.0,56.5,0,0.3,0.7,3.0,19.0,4.0,2.0,23.0,Match Report,2024-01-13,15:30 (06:30),Bundesliga,Matchweek 17,Sat,Away,D,1.0,1.0,Köln,463.0,412.0,51.0,12.0,0.0,4.0,16,21.0,6.0,2.0,4.0,0.0,346.0,0.0,13.0,Match Report,2024-01-13,15:30 (06:30),Bundesliga,Matchweek 17,Sat,Away,D,1.0,1.0,Köln,16.0,7.0,2.0,1.0,2.0,2.0,2.0,2.0,1.0,1.0,0.0,0.0,0.0,0.0,Match Report,2024-01-13,15:30 (06:30),Bundesliga,Matchweek 17,Sat,Away,D,1.0,1.0,Köln,22.0,15,10.0,9.0,3.0,9.0,24.0,37.5,15.0,13.0,4.0,9.0,6,28,29.0,0.0,Match Report,2024-01-13,15:30 (06:30),Bundesliga,Matchweek 17,Sat,Away,D,1.0,1.0,Köln,49.0,572.0,71.0,225.0,254.0,98.0,13.0,572.0,17.0,5.0,29.4,8.0,47.1,338.0,1653.0,770.0,6.0,6.0,3.0,7.0,10.0,342.0,23.0,Match Report,2024-01-13,15:30 (06:30),Bundesliga,Matchweek 17,Sat,Away,D,1.0,1.0,Köln,1,0,0,11,12,0,16,6,15,0.0,0.0,0,47.0,19.0,23.0,45.2,Match Report
2024-01-20,15:30 (06:30),Bundesliga,Matchweek 18,Sat,Home,D,1.0,1.0,Wolfsburg,0,12,3,25.0,0.0,0.0,15.2,1.0,0,0,1.1,1.1,0.09,-1.1,-1.1,Match Report,2024-01-20,15:30 (06:30),Bundesliga,Matchweek 18,Sat,Home,D,1.0,1.0,Wolfsburg,3,1,2,66.7,0,1.1,0.1,0,0,0,0,8.0,15.0,53.3,54.0,7.0,18.5,28.7,9.0,55.6,46.3,14.0,0.0,0.0,1.0,12.3,Match Report,2024-01-20,15:30 (06:30),Bundesliga,Matchweek 18,Sat,Home,D,1.0,1.0,Wolfsburg,422.0,563.0,75.0,7752.0,3167.0,163.0,201.0,81.1,198.0,242.0,81.8,43.0,76.0,56.6,0,0.9,1.7,8.0,28.0,9.0,4.0,43.0,Match Report,2024-01-20,15:30 (06:30),Bundesliga,Matchweek 18,Sat,Home,D,1.0,1.0,Wolfsburg,563.0,506.0,55.0,10.0,2.0,1.0,24,30.0,4.0,1.0,2.0,0.0,422.0,2.0,15.0,Match Report,2024-01-20,15:30 (06:30),Bundesliga,Matchweek 18,Sat,Home,D,1.0,1.0,Wolfsburg,20.0,14.0,3.0,0.0,1.0,1.0,1.0,0.0,0.0,0.0,0.0,0.0,0.0,0.0,Match Report,2024-01-20,15:30 (06:30),Bundesliga,Matchweek 18,Sat,Home,D,1.0,1.0,Wolfsburg,24.0,15,10.0,12.0,2.0,10.0,14.0,71.4,4.0,13.0,4.0,9.0,5,29,18.0,0.0,Match Report,2024-01-20,15:30 (06:30),Bundesliga,Matchweek 18,Sat,Home,D,1.0,1.0,Wolfsburg,53.0,680.0,75.0,240.0,259.0,188.0,30.0,680.0,22.0,9.0,40.9,11.0,50.0,314.0,1959.0,1006.0,20.0,10.0,1.0,18.0,10.0,417.0,42.0,Match Report,2024-01-20,15:30 (06:30),Bundesliga,Matchweek 18,Sat,Home,D,1.0,1.0,Wolfsburg,0,0,0,11,10,2,24,5,15,0.0,0.0,0,64.0,16.0,16.0,50.0,Match Report
2024-01-27,15:30 (06:30),Bundesliga,Matchweek 19,Sat,Away,D,1.0,1.0,Hoffenheim,1,14,3,21.4,0.07,0.33,21.4,0.0,0,0,1.1,1.1,0.08,-0.1,-0.1,Match Report,2024-01-27,15:30 (06:30),Bundesliga,Matchweek 19,Sat,Away,D,1.0,1.0,Hoffenheim,7,1,6,100.0,0,2.7,1.7,1,1,0,0,6.0,17.0,35.3,22.0,4.0,45.5,42.1,8.0,87.5,56.3,17.0,0.0,0.0,0.0,13.0,Match Report,2024-01-27,15:30 (06:30),Bundesliga,Matchweek 19,Sat,Away,D,1.0,1.0,Hoffenheim,231.0,349.0,66.2,4551.0,2099.0,101.0,134.0,75.4,85.0,120.0,70.8,38.0,70.0,54.3,1,1.1,0.8,13.0,17.0,5.0,2.0,20.0,Match Report,2024-01-27,15:30 (06:30),Bundesliga,Matchweek 19,Sat,Away,D,1.0,1.0,Hoffenheim,349.0,304.0,44.0,13.0,1.0,5.0,14,17.0,5.0,2.0,2.0,0.0,231.0,1.0,8.0,Match Report,2024-01-27,15:30 (06:30),Bundesliga,Matchweek 19,Sat,Away,D,1.0,1.0,Hoffenheim,23.0,18.0,4.0,1.0,0.0,0.0,0.0,2.0,2.0,0.0,0.0,0.0,0.0,0.0,Match Report,2024-01-27,15:30 (06:30),Bundesliga,Matchweek 19,Sat,Away,D,1.0,1.0,Hoffenheim,15.0,10,13.0,2.0,0.0,8.0,18.0,44.4,10.0,18.0,9.0,9.0,8,23,35.0,1.0,Match Report,2024-01-27,15:30 (06:30),Bundesliga,Matchweek 19,Sat,Away,D,1.0,1.0,Hoffenheim,33.0,495.0,80.0,192.0,204.0,108.0,12.0,495.0,28.0,13.0,46.4,11.0,39.3,238.0,1423.0,693.0,18.0,13.0,3.0,14.0,8.0,227.0,20.0,Match Report,2024-01-27,15:30 (06:30),Bundesliga,Matchweek 19,Sat,Away,D,1.0,1.0,Hoffenheim,0,0,0,13,11,1,14,8,10,0.0,1.0,0,50.0,17.0,32.0,34.7,Match Report
2024-02-02,20:30 (11:30),Bundesliga,Matchweek 20,Fri,Home,D,0.0,0.0,Dortmund,0,12,0,0.0,0.0,,14.5,0.0,0,0,1.2,1.2,0.1,-1.2,-1.2,Match Report,2024-02-02,20:30 (11:30),Bundesliga,Matchweek 20,Fri,Home,D,0.0,0.0,Dortmund,5,0,5,100.0,1,0.3,0.3,0,0,0,0,8.0,21.0,38.1,29.0,1.0,51.7,40.3,7.0,85.7,61.3,13.0,0.0,0.0,0.0,,Match Report,2024-02-02,20:30 (11:30),Bundesliga,Matchweek 20,Fri,Home,D,0.0,0.0,Dortmund,226.0,333.0,67.9,4626.0,2287.0,85.0,113.0,75.2,102.0,128.0,79.7,36.0,72.0,50.0,0,0.6,0.6,6.0,18.0,6.0,4.0,29.0,Match Report,2024-02-02,20:30 (11:30),Bundesliga,Matchweek 20,Fri,Home,D,0.0,0.0,Dortmund,333.0,291.0,40.0,10.0,2.0,0.0,20,18.0,4.0,2.0,2.0,0.0,226.0,2.0,7.0,Match Report,2024-02-02,20:30 (11:30),Bundesliga,Matchweek 20,Fri,Home,D,0.0,0.0,Dortmund,17.0,10.0,4.0,0.0,2.0,1.0,0.0,0.0,0.0,0.0,0.0,0.0,0.0,0.0,Match Report,2024-02-02,20:30 (11:30),Bundesliga,Matchweek 20,Fri,Home,D,0.0,0.0,Dortmund,34.0,19,19.0,15.0,0.0,16.0,24.0,66.7,8.0,14.0,4.0,10.0,16,50,31.0,0.0,Match Report,2024-02-02,20:30 (11:30),Bundesliga,Matchweek 20,Fri,Home,D,0.0,0.0,Dortmund,31.0,474.0,71.0,188.0,197.0,97.0,16.0,474.0,15.0,5.0,33.3,10.0,66.7,185.0,1387.0,748.0,16.0,12.0,0.0,18.0,8.0,224.0,28.0,Match Report,2024-02-02,20:30 (11:30),Bundesliga,Matchweek 20,Fri,Home,D,0.0,0.0,Dortmund,0,0,0,7,6,2,20,16,19,0.0,0.0,0,66.0,18.0,9.0,66.7,Match Report
2024-02-10,15:30 (06:30),Bundesliga,Matchweek 21,Sat,Away,W,2.0,1.0,Werder Bremen,2,11,3,27.3,0.18,0.67,13.4,0.0,0,0,1.8,1.8,0.18,0.2,0.2,Match Report,2024-02-10,15:30 (06:30),Bundesliga,Matchweek 21,Sat,Away,W,2.0,1.0,Werder Bremen,3,1,2,66.7,0,1.1,0.1,0,0,0,0,10.0,23.0,43.5,25.0,2.0,68.0,51.8,10.0,60.0,48.9,18.0,0.0,0.0,0.0,11.0,Match Report,2024-02-10,15:30 (06:30),Bundesliga,Matchweek 21,Sat,Away,W,2.0,1.0,Werder Bremen,222.0,355.0,62.5,4308.0,2155.0,93.0,118.0,78.8,80.0,122.0,65.6,34.0,76.0,44.7,2,0.9,1.1,7.0,17.0,7.0,1.0,26.0,Match Report,2024-02-10,15:30 (06:30),Bundesliga,Matchweek 21,Sat,Away,W,2.0,1.0,Werder Bremen,355.0,298.0,55.0,14.0,0.0,2.0,16,19.0,10.0,5.0,5.0,0.0,222.0,2.0,12.0,Match Report,2024-02-10,15:30 (06:30),Bundesliga,Matchweek 21,Sat,Away,W,2.0,1.0,Werder Bremen,15.0,8.0,5.0,0.0,2.0,0.0,0.0,2.0,0.0,1.0,0.0,1.0,0.0,0.0,Match Report,2024-02-10,15:30 (06:30),Bundesliga,Matchweek 21,Sat,Away,W,2.0,1.0,Werder Bremen,16.0,9,6.0,10.0,0.0,9.0,19.0,47.4,10.0,21.0,4.0,17.0,11,27,30.0,1.0,Match Report,2024-02-10,15:30 (06:30),Bundesliga,Matchweek 21,Sat,Away,W,2.0,1.0,Werder Bremen,35.0,486.0,62.0,181.0,219.0,90.0,23.0,486.0,6.0,0.0,0.0,6.0,100.0,213.0,1004.0,547.0,16.0,8.0,3.0,13.0,6.0,222.0,26.0,Match Report,2024-02-10,15:30 (06:30),Bundesliga,Matchweek 21,Sat,Away,W,2.0,1.0,Werder Bremen,2,0,0,13,9,2,16,11,9,0.0,0.0,0,46.0,26.0,15.0,63.4,Match Report
2024-02-17,15:30 (06:30),Bundesliga,Matchweek 22,Sat,Home,L,1.0,2.0,Leverkusen,1,6,3,50.0,0.17,0.33,20.5,0.0,0,0,0.4,0.4,0.07,0.6,0.6,Match Report,2024-02-17,15:30 (06:30),Bundesliga,Matchweek 22,Sat,Home,L,1.0,2.0,Leverkusen,3,2,1,33.3,0,1.2,-0.8,0,0,0,0,9.0,21.0,42.9,26.0,2.0,46.2,39.5,12.0,75.0,55.5,14.0,2.0,14.3,0.0,10.0,Match Report,2024-02-17,15:30 (06:30),Bundesliga,Matchweek 22,Sat,Home,L,1.0,2.0,Leverkusen,289.0,424.0,68.2,5948.0,2426.0,109.0,146.0,74.7,128.0,177.0,72.3,48.0,86.0,55.8,1,0.4,0.7,5.0,31.0,6.0,0.0,31.0,Match Report,2024-02-17,15:30 (06:30),Bundesliga,Matchweek 22,Sat,Home,L,1.0,2.0,Leverkusen,424.0,366.0,58.0,6.0,0.0,3.0,22,34.0,4.0,3.0,1.0,0.0,289.0,0.0,11.0,Match Report,2024-02-17,15:30 (06:30),Bundesliga,Matchweek 22,Sat,Home,L,1.0,2.0,Leverkusen,11.0,8.0,1.0,1.0,0.0,1.0,0.0,2.0,1.0,0.0,0.0,0.0,1.0,0.0,Match Report,2024-02-17,15:30 (06:30),Bundesliga,Matchweek 22,Sat,Home,L,1.0,2.0,Leverkusen,24.0,13,4.0,16.0,4.0,10.0,28.0,35.7,18.0,17.0,7.0,10.0,5,29,18.0,0.0,Match Report,2024-02-17,15:30 (06:30),Bundesliga,Matchweek 22,Sat,Home,L,1.0,2.0,Leverkusen,39.0,550.0,68.0,189.0,210.0,155.0,16.0,550.0,18.0,9.0,50.0,9.0,50.0,257.0,1301.0,571.0,7.0,5.0,3.0,23.0,8.0,284.0,30.0,Match Report,2024-02-17,15:30 (06:30),Bundesliga,Matchweek 22,Sat,Home,L,1.0,2.0,Leverkusen,2,0,0,15,5,0,22,5,13,0.0,0.0,0,44.0,19.0,11.0,63.3,Match Report
2024-02-24,15:30 (06:30),Bundesliga,Matchweek 23,Sat,Away,D,2.0,2.0,Union Berlin,2,10,4,40.0,0.2,0.5,20.2,0.0,0,0,1.1,1.1,0.11,0.9,0.9,Match Report,2024-02-24,15:30 (06:30),Bundesliga,Matchweek 23,Sat,Away,D,2.0,2.0,Union Berlin,3,2,1,33.3,0,0.7,-1.3,0,0,0,0,7.0,18.0,38.9,33.0,4.0,33.3,35.4,9.0,77.8,55.6,16.0,1.0,6.3,0.0,9.0,Match Report,2024-02-24,15:30 (06:30),Bundesliga,Matchweek 23,Sat,Away,D,2.0,2.0,Union Berlin,281.0,419.0,67.1,5570.0,2454.0,97.0,125.0,77.6,137.0,176.0,77.8,39.0,79.0,49.4,1,0.4,0.3,7.0,22.0,6.0,3.0,28.0,Match Report,2024-02-24,15:30 (06:30),Bundesliga,Matchweek 23,Sat,Away,D,2.0,2.0,Union Berlin,419.0,365.0,54.0,13.0,0.0,4.0,18,27.0,2.0,0.0,2.0,0.0,281.0,0.0,18.0,Match Report,2024-02-24,15:30 (06:30),Bundesliga,Matchweek 23,Sat,Away,D,2.0,2.0,Union Berlin,14.0,12.0,1.0,1.0,0.0,0.0,0.0,2.0,2.0,0.0,0.0,0.0,0.0,0.0,Match Report,2024-02-24,15:30 (06:30),Bundesliga,Matchweek 23,Sat,Away,D,2.0,2.0,Union Berlin,18.0,12,7.0,9.0,2.0,6.0,17.0,35.3,11.0,14.0,2.0,12.0,9,27,25.0,0.0,Match Report,2024-02-24,15:30 (06:30),Bundesliga,Matchweek 23,Sat,Away,D,2.0,2.0,Union Berlin,42.0,546.0,65.0,197.0,259.0,96.0,10.0,546.0,12.0,6.0,50.0,5.0,41.7,233.0,1781.0,836.0,20.0,11.0,0.0,25.0,8.0,281.0,28.0,Match Report,2024-02-24,15:30 (06:30),Bundesliga,Matchweek 23,Sat,Away,D,2.0,2.0,Union Berlin,1,0,0,12,9,0,18,9,12,0.0,0.0,0,59.0,24.0,21.0,53.3,Match Report
2024-03-02,15:30 (06:30),Bundesliga,Matchweek 24,Sat,Home,L,1.0,2.0,Eint Frankfurt,1,15,3,20.0,0.07,0.33,15.7,0.0,0,0,1.0,1.0,0.07,0.0,0.0,Match Report,2024-03-02,15:30 (06:30),Bundesliga,Matchweek 24,Sat,Home,L,1.0,2.0,Eint Frankfurt,5,2,4,60.0,0,0.9,-0.1,0,0,0,0,3.0,10.0,30.0,36.0,8.0,25.0,35.3,5.0,20.0,28.4,5.0,0.0,0.0,2.0,22.5,Match Report,2024-03-02,15:30 (06:30),Bundesliga,Matchweek 24,Sat,Home,L,1.0,2.0,Eint Frankfurt,374.0,510.0,73.3,7841.0,3235.0,121.0,152.0,79.6,192.0,230.0,83.5,60.0,100.0,60.0,1,1.0,0.8,12.0,32.0,6.0,3.0,48.0,Match Report,2024-03-02,15:30 (06:30),Bundesliga,Matchweek 24,Sat,Home,L,1.0,2.0,Eint Frankfurt,510.0,454.0,55.0,11.0,1.0,2.0,29,29.0,7.0,3.0,3.0,0.0,374.0,1.0,23.0,Match Report,2024-03-02,15:30 (06:30),Bundesliga,Matchweek 24,Sat,Home,L,1.0,2.0,Eint Frankfurt,26.0,18.0,6.0,1.0,0.0,1.0,0.0,2.0,2.0,0.0,0.0,0.0,0.0,0.0,Match Report,2024-03-02,15:30 (06:30),Bundesliga,Matchweek 24,Sat,Home,L,1.0,2.0,Eint Frankfurt,13.0,8,5.0,6.0,2.0,6.0,11.0,54.5,5.0,7.0,1.0,6.0,5,18,6.0,0.0,Match Report,2024-03-02,15:30 (06:30),Bundesliga,Matchweek 24,Sat,Home,L,1.0,2.0,Eint Frankfurt,58.0,620.0,52.0,201.0,268.0,159.0,20.0,620.0,14.0,10.0,71.4,4.0,28.6,343.0,2076.0,955.0,23.0,15.0,5.0,18.0,10.0,370.0,48.0,Match Report,2024-03-02,15:30 (06:30),Bundesliga,Matchweek 24,Sat,Home,L,1.0,2.0,Eint Frankfurt,1,0,0,7,10,1,29,5,8,0.0,0.0,1,61.0,27.0,19.0,58.7,Match Report
2024-03-09,15:30 (06:30),Bundesliga,Matchweek 25,Sat,Away,L,0.0,1.0,Augsburg,0,6,1,16.7,0.0,0.0,18.9,0.0,0,0,0.4,0.4,0.06,-0.4,-0.4,Match Report,2024-03-09,15:30 (06:30),Bundesliga,Matchweek 25,Sat,Away,L,0.0,1.0,Augsburg,3,1,2,66.7,0,0.5,-0.5,0,0,0,0,4.0,21.0,19.0,29.0,7.0,55.2,39.0,14.0,35.7,40.4,10.0,1.0,10.0,0.0,6.5,Match Report,2024-03-09,15:30 (06:30),Bundesliga,Matchweek 25,Sat,Away,L,0.0,1.0,Augsburg,228.0,374.0,61.0,4542.0,1863.0,82.0,123.0,66.7,117.0,154.0,76.0,29.0,82.0,35.4,0,0.4,0.4,6.0,10.0,2.0,2.0,17.0,Match Report,2024-03-09,15:30 (06:30),Bundesliga,Matchweek 25,Sat,Away,L,0.0,1.0,Augsburg,374.0,321.0,52.0,15.0,0.0,6.0,16,19.0,2.0,1.0,1.0,0.0,228.0,1.0,12.0,Match Report,2024-03-09,15:30 (06:30),Bundesliga,Matchweek 25,Sat,Away,L,0.0,1.0,Augsburg,12.0,11.0,0.0,1.0,0.0,0.0,0.0,0.0,0.0,0.0,0.0,0.0,0.0,0.0,Match Report,2024-03-09,15:30 (06:30),Bundesliga,Matchweek 25,Sat,Away,L,0.0,1.0,Augsburg,13.0,11,9.0,4.0,0.0,7.0,15.0,46.7,8.0,13.0,2.0,11.0,15,28,30.0,0.0,Match Report,2024-03-09,15:30 (06:30),Bundesliga,Matchweek 25,Sat,Away,L,0.0,1.0,Augsburg,42.0,495.0,91.0,256.0,175.0,66.0,7.0,495.0,9.0,6.0,66.7,3.0,33.3,181.0,1021.0,537.0,13.0,10.0,2.0,16.0,8.0,224.0,17.0,Match Report,2024-03-09,15:30 (06:30),Bundesliga,Matchweek 25,Sat,Away,L,0.0,1.0,Augsburg,3,0,0,20,13,1,16,15,11,0.0,0.0,0,37.0,23.0,33.0,41.1,Match Report
2024-03-16,15:30 (07:30),Bundesliga,Matchweek 26,Sat,Home,D,1.0,1.0,Gladbach,1,19,3,15.8,0.05,0.33,13.7,0.0,0,0,1.1,1.1,0.06,-0.1,-0.1,Match Report,2024-03-16,15:30 (07:30),Bundesliga,Matchweek 26,Sat,Home,D,1.0,1.0,Gladbach,2,1,1,50.0,0,0.9,-0.1,0,0,0,0,0.0,0.0,,20.0,4.0,0.0,24.3,9.0,0.0,19.7,12.0,0.0,0.0,0.0,5.0,Match Report,2024-03-16,15:30 (07:30),Bundesliga,Matchweek 26,Sat,Home,D,1.0,1.0,Gladbach,394.0,519.0,75.9,7133.0,2646.0,164.0,198.0,82.8,170.0,203.0,83.7,43.0,77.0,55.8,1,0.9,1.5,13.0,35.0,15.0,5.0,47.0,Match Report,2024-03-16,15:30 (07:30),Bundesliga,Matchweek 26,Sat,Home,D,1.0,1.0,Gladbach,519.0,465.0,52.0,8.0,0.0,5.0,32,23.0,10.0,5.0,4.0,0.0,394.0,2.0,9.0,Match Report,2024-03-16,15:30 (07:30),Bundesliga,Matchweek 26,Sat,Home,D,1.0,1.0,Gladbach,34.0,21.0,5.0,1.0,5.0,2.0,0.0,2.0,2.0,0.0,0.0,0.0,0.0,0.0,Match Report,2024-03-16,15:30 (07:30),Bundesliga,Matchweek 26,Sat,Home,D,1.0,1.0,Gladbach,24.0,16,8.0,9.0,7.0,9.0,18.0,50.0,9.0,10.0,2.0,8.0,6,30,16.0,0.0,Match Report,2024-03-16,15:30 (07:30),Bundesliga,Matchweek 26,Sat,Home,D,1.0,1.0,Gladbach,53.0,636.0,42.0,144.0,326.0,176.0,33.0,636.0,14.0,4.0,28.6,9.0,64.3,384.0,2509.0,1369.0,25.0,17.0,2.0,14.0,6.0,389.0,47.0,Match Report,2024-03-16,15:30 (07:30),Bundesliga,Matchweek 26,Sat,Home,D,1.0,1.0,Gladbach,1,0,0,16,8,2,32,6,16,0.0,0.0,0,55.0,16.0,15.0,51.6,Match Report
2024-03-31,17:30 (08:30),Bundesliga,Matchweek 27,Sun,Away,D,3.0,3.0,Stuttgart,2,6,3,50.0,0.33,0.67,9.5,0.0,0,0,1.3,1.3,0.22,0.7,0.7,Match Report,2024-03-31,17:30 (08:30),Bundesliga,Matchweek 27,Sun,Away,D,3.0,3.0,Stuttgart,6,3,3,50.0,0,3.0,0.0,0,0,0,0,8.0,12.0,66.7,20.0,6.0,30.0,33.1,13.0,46.2,40.2,8.0,0.0,0.0,1.0,23.0,Match Report,2024-03-31,17:30 (08:30),Bundesliga,Matchweek 27,Sun,Away,D,3.0,3.0,Stuttgart,212.0,326.0,65.0,3910.0,2169.0,98.0,126.0,77.8,80.0,113.0,70.8,26.0,58.0,44.8,2,1.3,1.4,6.0,22.0,3.0,2.0,19.0,Match Report,2024-03-31,17:30 (08:30),Bundesliga,Matchweek 27,Sun,Away,D,3.0,3.0,Stuttgart,326.0,270.0,56.0,6.0,1.0,2.0,20,26.0,7.0,4.0,3.0,0.0,212.0,0.0,13.0,Match Report,2024-03-31,17:30 (08:30),Bundesliga,Matchweek 27,Sun,Away,D,3.0,3.0,Stuttgart,12.0,7.0,2.0,1.0,1.0,0.0,1.0,4.0,4.0,0.0,0.0,0.0,0.0,0.0,Match Report,2024-03-31,17:30 (08:30),Bundesliga,Matchweek 27,Sun,Away,D,3.0,3.0,Stuttgart,23.0,12,17.0,5.0,1.0,13.0,26.0,50.0,13.0,21.0,5.0,16.0,15,38,13.0,0.0,Match Report,2024-03-31,17:30 (08:30),Bundesliga,Matchweek 27,Sun,Away,D,3.0,3.0,Stuttgart,28.0,441.0,63.0,186.0,163.0,98.0,14.0,441.0,15.0,7.0,46.7,6.0,40.0,213.0,1239.0,543.0,11.0,8.0,3.0,12.0,10.0,210.0,19.0,Match Report,2024-03-31,17:30 (08:30),Bundesliga,Matchweek 27,Sun,Away,D,3.0,3.0,Stuttgart,0,1,0,9,5,0,20,15,12,0.0,0.0,0,48.0,12.0,8.0,60.0,Match Report
2024-04-06,15:30 (06:30),Bundesliga,Matchweek 28,Sat,Home,W,3.0,2.0,Bayern Munich,3,9,4,44.4,0.33,0.75,15.9,1.0,0,0,1.4,1.4,0.16,1.6,1.6,Match Report,2024-04-06,15:30 (06:30),Bundesliga,Matchweek 28,Sat,Home,W,3.0,2.0,Bayern Munich,7,2,5,71.4,0,3.6,1.6,0,0,0,0,9.0,22.0,40.9,37.0,6.0,40.5,39.2,10.0,70.0,55.6,14.0,0.0,0.0,0.0,11.3,Match Report,2024-04-06,15:30 (06:30),Bundesliga,Matchweek 28,Sat,Home,W,3.0,2.0,Bayern Munich,254.0,352.0,72.2,5261.0,2292.0,102.0,122.0,83.6,109.0,137.0,79.6,43.0,77.0,55.8,3,1.3,1.4,6.0,24.0,8.0,4.0,17.0,Match Report,2024-04-06,15:30 (06:30),Bundesliga,Matchweek 28,Sat,Home,W,3.0,2.0,Bayern Munich,352.0,305.0,47.0,9.0,2.0,0.0,14,22.0,3.0,2.0,0.0,0.0,254.0,0.0,18.0,Match Report,2024-04-06,15:30 (06:30),Bundesliga,Matchweek 28,Sat,Home,W,3.0,2.0,Bayern Munich,14.0,11.0,1.0,1.0,0.0,1.0,0.0,6.0,6.0,0.0,0.0,0.0,0.0,0.0,Match Report,2024-04-06,15:30 (06:30),Bundesliga,Matchweek 28,Sat,Home,W,3.0,2.0,Bayern Munich,23.0,13,16.0,6.0,1.0,13.0,28.0,46.4,15.0,17.0,5.0,12.0,3,26,21.0,0.0,Match Report,2024-04-06,15:30 (06:30),Bundesliga,Matchweek 28,Sat,Home,W,3.0,2.0,Bayern Munich,33.0,467.0,78.0,217.0,157.0,102.0,19.0,467.0,17.0,10.0,58.8,7.0,41.2,238.0,1211.0,669.0,10.0,5.0,3.0,14.0,11.0,250.0,17.0,Match Report,2024-04-06,15:30 (06:30),Bundesliga,Matchweek 28,Sat,Home,W,3.0,2.0,Bayern Munich,2,0,0,9,8,0,14,3,13,0.0,0.0,0,45.0,15.0,14.0,51.7,Match Report
2024-04-13,15:30 (06:30),Bundesliga,Matchweek 29,Sat,Away,D,1.0,1.0,Bochum,0,11,3,27.3,0.0,0.0,18.2,0.0,0,0,1.1,1.1,0.1,-1.1,-1.1,Match Report,2024-04-13,15:30 (06:30),Bundesliga,Matchweek 29,Sat,Away,D,1.0,1.0,Bochum,5,1,4,80.0,0,0.3,-0.7,0,0,0,0,7.0,17.0,41.2,30.0,10.0,33.3,34.1,15.0,46.7,41.7,15.0,1.0,6.7,0.0,14.7,Match Report,2024-04-13,15:30 (06:30),Bundesliga,Matchweek 29,Sat,Away,D,1.0,1.0,Bochum,202.0,325.0,62.2,4335.0,2367.0,60.0,80.0,75.0,90.0,130.0,69.2,41.0,78.0,52.6,0,1.0,0.7,10.0,15.0,4.0,3.0,19.0,Match Report,2024-04-13,15:30 (06:30),Bundesliga,Matchweek 29,Sat,Away,D,1.0,1.0,Bochum,325.0,275.0,50.0,13.0,0.0,4.0,15,18.0,2.0,2.0,0.0,0.0,202.0,0.0,16.0,Match Report,2024-04-13,15:30 (06:30),Bundesliga,Matchweek 29,Sat,Away,D,1.0,1.0,Bochum,22.0,14.0,4.0,2.0,1.0,1.0,0.0,0.0,0.0,0.0,0.0,0.0,0.0,0.0,Match Report,2024-04-13,15:30 (06:30),Bundesliga,Matchweek 29,Sat,Away,D,1.0,1.0,Bochum,16.0,8,9.0,7.0,0.0,6.0,16.0,37.5,10.0,19.0,6.0,13.0,8,24,33.0,0.0,Match Report,2024-04-13,15:30 (06:30),Bundesliga,Matchweek 29,Sat,Away,D,1.0,1.0,Bochum,39.0,444.0,72.0,212.0,152.0,82.0,16.0,444.0,15.0,9.0,60.0,5.0,33.3,187.0,1106.0,594.0,15.0,10.0,4.0,14.0,5.0,199.0,19.0,Match Report,2024-04-13,15:30 (06:30),Bundesliga,Matchweek 29,Sat,Away,D,1.0,1.0,Bochum,1,0,0,21,11,0,15,8,8,0.0,0.0,0,36.0,30.0,12.0,71.4,Match Report
2024-04-20,15:30 (06:30),Bundesliga,Matchweek 30,Sat,Home,L,1.0,2.0,RB Leipzig,1,10,4,40.0,0.1,0.25,14.9,1.0,0,0,1.0,1.0,0.1,0.0,0.0,Match Report,2024-04-20,15:30 (06:30),Bundesliga,Matchweek 30,Sat,Home,L,1.0,2.0,RB Leipzig,4,2,2,50.0,0,1.1,-0.9,0,0,0,0,7.0,13.0,53.8,35.0,8.0,25.7,32.1,9.0,44.4,38.3,12.0,1.0,8.3,0.0,10.8,Match Report,2024-04-20,15:30 (06:30),Bundesliga,Matchweek 30,Sat,Home,L,1.0,2.0,RB Leipzig,294.0,410.0,71.7,6361.0,2741.0,80.0,112.0,71.4,164.0,198.0,82.8,48.0,90.0,53.3,1,1.0,0.9,8.0,19.0,7.0,4.0,24.0,Match Report,2024-04-20,15:30 (06:30),Bundesliga,Matchweek 30,Sat,Home,L,1.0,2.0,RB Leipzig,410.0,362.0,47.0,11.0,1.0,3.0,16,22.0,2.0,1.0,1.0,0.0,294.0,1.0,15.0,Match Report,2024-04-20,15:30 (06:30),Bundesliga,Matchweek 30,Sat,Home,L,1.0,2.0,RB Leipzig,18.0,13.0,1.0,1.0,1.0,2.0,0.0,2.0,1.0,1.0,0.0,0.0,0.0,0.0,Match Report,2024-04-20,15:30 (06:30),Bundesliga,Matchweek 30,Sat,Home,L,1.0,2.0,RB Leipzig,27.0,17,16.0,10.0,1.0,9.0,23.0,39.1,14.0,13.0,2.0,11.0,7,34,19.0,1.0,Match Report,2024-04-20,15:30 (06:30),Bundesliga,Matchweek 30,Sat,Home,L,1.0,2.0,RB Leipzig,39.0,525.0,65.0,207.0,222.0,102.0,15.0,525.0,11.0,3.0,27.3,8.0,72.7,253.0,1369.0,667.0,14.0,11.0,1.0,9.0,3.0,292.0,24.0,Match Report,2024-04-20,15:30 (06:30),Bundesliga,Matchweek 30,Sat,Home,L,1.0,2.0,RB Leipzig,3,0,0,13,8,1,16,7,17,0.0,0.0,0,44.0,14.0,10.0,58.3,Match Report
2024-04-28,19:30 (10:30),Bundesliga,Matchweek 31,Sun,Away,W,1.0,0.0,Darmstadt 98,1,17,5,29.4,0.06,0.2,16.2,0.0,0,0,1.6,1.6,0.09,-0.6,-0.6,Match Report,2024-04-28,19:30 (10:30),Bundesliga,Matchweek 31,Sun,Away,W,1.0,0.0,Darmstadt 98,3,0,3,100.0,1,0.6,0.6,0,0,0,0,5.0,15.0,33.3,46.0,3.0,26.1,33.8,7.0,42.9,44.1,7.0,0.0,0.0,0.0,9.7,Match Report,2024-04-28,19:30 (10:30),Bundesliga,Matchweek 31,Sun,Away,W,1.0,0.0,Darmstadt 98,385.0,509.0,75.6,8104.0,2904.0,139.0,167.0,83.2,177.0,220.0,80.5,67.0,109.0,61.5,1,1.4,1.7,12.0,36.0,10.0,5.0,34.0,Match Report,2024-04-28,19:30 (10:30),Bundesliga,Matchweek 31,Sun,Away,W,1.0,0.0,Darmstadt 98,509.0,448.0,59.0,14.0,2.0,8.0,34,29.0,8.0,4.0,3.0,0.0,385.0,2.0,8.0,Match Report,2024-04-28,19:30 (10:30),Bundesliga,Matchweek 31,Sun,Away,W,1.0,0.0,Darmstadt 98,29.0,22.0,4.0,1.0,2.0,0.0,0.0,2.0,2.0,0.0,0.0,0.0,0.0,0.0,Match Report,2024-04-28,19:30 (10:30),Bundesliga,Matchweek 31,Sun,Away,W,1.0,0.0,Darmstadt 98,11.0,7,5.0,4.0,2.0,7.0,13.0,53.8,6.0,6.0,1.0,5.0,7,18,14.0,0.0,Match Report,2024-04-28,19:30 (10:30),Bundesliga,Matchweek 31,Sun,Away,W,1.0,0.0,Darmstadt 98,55.0,610.0,50.0,224.0,247.0,145.0,28.0,610.0,17.0,3.0,17.6,10.0,58.8,306.0,1713.0,821.0,17.0,15.0,4.0,14.0,5.0,376.0,33.0,Match Report,2024-04-28,19:30 (10:30),Bundesliga,Matchweek 31,Sun,Away,W,1.0,0.0,Darmstadt 98,1,0,0,12,14,2,34,7,7,0.0,0.0,0,47.0,26.0,23.0,53.1,Match Report
2024-05-05,19:30 (10:30),Bundesliga,Matchweek 32,Sun,Home,D,1.0,1.0,Mainz 05,1,15,5,33.3,0.07,0.2,19.4,0.0,0,0,0.9,0.9,0.06,0.1,0.1,Match Report,2024-05-05,19:30 (10:30),Bundesliga,Matchweek 32,Sun,Home,D,1.0,1.0,Mainz 05,3,1,2,66.7,0,1.0,0.0,0,0,0,0,3.0,13.0,23.1,40.0,4.0,22.5,33.4,6.0,66.7,51.5,14.0,0.0,0.0,1.0,26.5,Match Report,2024-05-05,19:30 (10:30),Bundesliga,Matchweek 32,Sun,Home,D,1.0,1.0,Mainz 05,352.0,481.0,73.2,7004.0,2401.0,108.0,137.0,78.8,191.0,227.0,84.1,45.0,84.0,53.6,1,0.7,0.5,12.0,27.0,7.0,3.0,34.0,Match Report,2024-05-05,19:30 (10:30),Bundesliga,Matchweek 32,Sun,Home,D,1.0,1.0,Mainz 05,481.0,436.0,43.0,10.0,0.0,4.0,27,19.0,6.0,4.0,1.0,0.0,352.0,2.0,16.0,Match Report,2024-05-05,19:30 (10:30),Bundesliga,Matchweek 32,Sun,Home,D,1.0,1.0,Mainz 05,28.0,22.0,2.0,0.0,3.0,0.0,1.0,2.0,2.0,0.0,0.0,0.0,0.0,0.0,Match Report,2024-05-05,19:30 (10:30),Bundesliga,Matchweek 32,Sun,Home,D,1.0,1.0,Mainz 05,17.0,9,8.0,5.0,4.0,6.0,8.0,75.0,2.0,16.0,4.0,12.0,7,24,43.0,0.0,Match Report,2024-05-05,19:30 (10:30),Bundesliga,Matchweek 32,Sun,Home,D,1.0,1.0,Mainz 05,46.0,617.0,81.0,241.0,234.0,149.0,23.0,617.0,14.0,3.0,21.4,8.0,57.1,304.0,1960.0,1082.0,27.0,17.0,4.0,18.0,7.0,351.0,34.0,Match Report,2024-05-05,19:30 (10:30),Bundesliga,Matchweek 32,Sun,Home,D,1.0,1.0,Mainz 05,2,0,0,8,8,2,27,7,9,0.0,0.0,0,53.0,25.0,22.0,53.2,Match Report
2024-05-11,15:30 (06:30),Bundesliga,Matchweek 33,Sat,Away,D,1.0,1.0,Freiburg,1,8,3,37.5,0.13,0.33,18.3,0.0,0,0,0.7,0.7,0.08,0.3,0.3,Match Report,2024-05-11,15:30 (06:30),Bundesliga,Matchweek 33,Sat,Away,D,1.0,1.0,Freiburg,4,1,3,75.0,0,1.2,0.2,0,0,0,0,6.0,13.0,46.2,38.0,6.0,13.2,26.6,15.0,53.3,47.5,17.0,0.0,0.0,0.0,11.3,Match Report,2024-05-11,15:30 (06:30),Bundesliga,Matchweek 33,Sat,Away,D,1.0,1.0,Freiburg,348.0,440.0,79.1,7290.0,2762.0,95.0,129.0,73.6,200.0,223.0,89.7,52.0,83.0,62.7,1,0.6,0.6,6.0,20.0,4.0,2.0,21.0,Match Report,2024-05-11,15:30 (06:30),Bundesliga,Matchweek 33,Sat,Away,D,1.0,1.0,Freiburg,440.0,391.0,48.0,11.0,0.0,2.0,13,16.0,4.0,1.0,3.0,0.0,348.0,1.0,6.0,Match Report,2024-05-11,15:30 (06:30),Bundesliga,Matchweek 33,Sat,Away,D,1.0,1.0,Freiburg,16.0,12.0,3.0,0.0,0.0,1.0,0.0,2.0,2.0,0.0,0.0,0.0,0.0,0.0,Match Report,2024-05-11,15:30 (06:30),Bundesliga,Matchweek 33,Sat,Away,D,1.0,1.0,Freiburg,14.0,6,9.0,4.0,1.0,7.0,13.0,53.8,6.0,11.0,5.0,6.0,11,25,12.0,0.0,Match Report,2024-05-11,15:30 (06:30),Bundesliga,Matchweek 33,Sat,Away,D,1.0,1.0,Freiburg,44.0,541.0,83.0,253.0,208.0,89.0,16.0,541.0,11.0,3.0,27.3,8.0,72.7,309.0,1812.0,909.0,13.0,8.0,4.0,20.0,8.0,342.0,21.0,Match Report,2024-05-11,15:30 (06:30),Bundesliga,Matchweek 33,Sat,Away,D,1.0,1.0,Freiburg,1,0,0,11,9,1,13,11,6,0.0,0.0,0,40.0,10.0,18.0,35.7,Match Report
2024-05-18,15:30 (06:30),Bundesliga,Matchweek 34,Sat,Home,W,4.0,1.0,Köln,4,16,7,43.8,0.25,0.57,19.9,1.0,0,0,1.0,1.0,0.06,3.0,3.0,Match Report,2024-05-18,15:30 (06:30),Bundesliga,Matchweek 34,Sat,Home,W,4.0,1.0,Köln,9,1,8,88.9,0,2.7,1.7,0,0,0,0,8.0,17.0,47.1,47.0,9.0,27.7,33.5,6.0,66.7,45.8,20.0,2.0,10.0,0.0,4.0,Match Report,2024-05-18,15:30 (06:30),Bundesliga,Matchweek 34,Sat,Home,W,4.0,1.0,Köln,345.0,450.0,76.7,6698.0,2806.0,131.0,153.0,85.6,141.0,164.0,86.0,57.0,94.0,60.6,2,0.6,0.9,10.0,16.0,7.0,1.0,31.0,Match Report,2024-05-18,15:30 (06:30),Bundesliga,Matchweek 34,Sat,Home,W,4.0,1.0,Köln,450.0,388.0,60.0,19.0,0.0,5.0,22,28.0,5.0,2.0,1.0,0.0,345.0,2.0,11.0,Match Report,2024-05-18,15:30 (06:30),Bundesliga,Matchweek 34,Sat,Home,W,4.0,1.0,Köln,30.0,16.0,5.0,3.0,3.0,3.0,0.0,8.0,6.0,0.0,2.0,0.0,0.0,0.0,Match Report,2024-05-18,15:30 (06:30),Bundesliga,Matchweek 34,Sat,Home,W,4.0,1.0,Köln,13.0,9,5.0,5.0,3.0,0.0,2.0,0.0,2.0,14.0,5.0,9.0,4,17,33.0,0.0,Match Report,2024-05-18,15:30 (06:30),Bundesliga,Matchweek 34,Sat,Home,W,4.0,1.0,Köln,49.0,578.0,87.0,223.0,221.0,141.0,22.0,578.0,29.0,15.0,51.7,12.0,41.4,311.0,1626.0,861.0,16.0,7.0,2.0,12.0,8.0,342.0,30.0,Match Report,2024-05-18,15:30 (06:30),Bundesliga,Matchweek 34,Sat,Home,W,4.0,1.0,Köln,1,0,0,9,20,2,22,4,9,0.0,0.0,0,43.0,18.0,15.0,54.5,Match Report
,,,,,,--,,,,55,436,136,31.2,0.12,0.39,17.0,12.0,2,3,,,0.1,55.0,53.0,,,,,,,,--,,,,178,58,122,71.3,7,53.6,1.6,10,7,1,2,249.0,595.0,41.8,1164.0,167.0,35.2,35.9,318.0,58.2,46.0,495.0,24.0,4.8,17.0,13.2,,,,,,,,--,,,,10264.0,14339.0,71.6,206040.0,85936.0,3699.0,4713.0,78.5,4741.0,5858.0,80.9,1578.0,2863.0,55.1,39,,,279.0,730.0,201.0,73.0,983.0,,,,,,,,--,,,,14339.0,12534.0,1767.0,381.0,22.0,112.0,712,798.0,183.0,90.0,75.0,0.0,10264.0,38.0,427.0,,,,,,,,--,,,,666.0,442.0,95.0,30.0,54.0,34.0,11.0,81.0,57.0,9.0,4.0,5.0,5.0,1.0,,,,,,,,--,,,,601.0,380,311.0,225.0,65.0,275.0,591.0,46.5,316.0,463.0,129.0,334.0,329,903,783.0,5.0,,,,,,,,--,,,,,18405.0,2361.0,6987.0,7570.0,4058.0,637.0,18402.0,530.0,223.0,42.1,266.0,50.2,9120.0,52754.0,26313.0,510.0,361.0,90.0,549.0,279.0,10152.0,976.0,,,,,,,,--,,,,54,1,0,460,355,41,712,329,380,1.0,10.0,3,1741.0,690.0,612.0,53.0,
