For Mönchengladbach_Date,For Mönchengladbach_Time,For Mönchengladbach_Comp,For Mönchengladbach_Round,For Mönchengladbach_Day,For Mönchengladbach_Venue,For Mönchengladbach_Result,For Mönchengladbach_GF,For Mönchengladbach_GA,For Mönchengladbach_Opponent,Standard_Gls,Standard_Sh,Standard_SoT,Standard_SoT%,Standard_G/Sh,Standard_G/SoT,Standard_Dist,Standard_FK,Standard_PK,Standard_PKatt,Expected_xG,Expected_npxG,Expected_npxG/Sh,Expected_G-xG,Expected_np:G-xG,Match Report,For Mönchengladbach_Date,For Mönchengladbach_Time,For Mönchengladbach_Comp,For Mönchengladbach_Round,For Mönchengladbach_Day,For Mönchengladbach_Venue,For Mönchengladbach_Result,For Mönchengladbach_GF,For Mönchengladbach_GA,For Mönchengladbach_Opponent,Performance_SoTA,Performance_GA,Performance_Saves,Performance_Save%,Performance_CS,Performance_PSxG,Performance_PSxG+/-,Penalty Kicks_PKatt,Penalty Kicks_PKA,Penalty Kicks_PKsv,Penalty Kicks_PKm,Launched_Cmp,Launched_Att,Launched_Cmp%,Passes_Att (GK),Passes_Thr,Passes_Launch%,Passes_AvgLen,Goal Kicks_Att,Goal Kicks_Launch%,Goal Kicks_AvgLen,Crosses_Opp,Crosses_Stp,Crosses_Stp%,Sweeper_#OPA,Sweeper_AvgDist,Match Report,For Mönchengladbach_Date,For Mönchengladbach_Time,For Mönchengladbach_Comp,For Mönchengladbach_Round,For Mönchengladbach_Day,For Mönchengladbach_Venue,For Mönchengladbach_Result,For Mönchengladbach_GF,For Mönchengladbach_GA,For Mönchengladbach_Opponent,Total_Cmp,Total_Att,Total_Cmp%,Total_TotDist,Total_PrgDist,Short_Cmp,Short_Att,Short_Cmp%,Medium_Cmp,Medium_Att,Medium_Cmp%,Long_Cmp,Long_Att,Long_Cmp%,Ast,xAG,xA,KP,1/3,PPA,CrsPA,PrgP,Match Report,For Mönchengladbach_Date,For Mönchengladbach_Time,For Mönchengladbach_Comp,For Mönchengladbach_Round,For Mönchengladbach_Day,For Mönchengladbach_Venue,For Mönchengladbach_Result,For Mönchengladbach_GF,For Mönchengladbach_GA,For Mönchengladbach_Opponent,For Mönchengladbach_Att,Pass Types_Live,Pass Types_Dead,Pass Types_FK,Pass Types_TB,Pass Types_Sw,Pass Types_Crs,Pass Types_TI,Pass Types_CK,Corner Kicks_In,Corner Kicks_Out,Corner Kicks_Str,Outcomes_Cmp,Outcomes_Off,Outcomes_Blocks,Match Report,For Mönchengladbach_Date,For Mönchengladbach_Time,For Mönchengladbach_Comp,For Mönchengladbach_Round,For Mönchengladbach_Day,For Mönchengladbach_Venue,For Mönchengladbach_Result,For Mönchengladbach_GF,For Mönchengladbach_GA,For Mönchengladbach_Opponent,SCA Types_SCA,SCA Types_PassLive,SCA Types_PassDead,SCA Types_TO,SCA Types_Sh,SCA Types_Fld,SCA Types_Def,GCA Types_GCA,GCA Types_PassLive,GCA Types_PassDead,GCA Types_TO,GCA Types_Sh,GCA Types_Fld,GCA Types_Def,Match Report,For Mönchengladbach_Date,For Mönchengladbach_Time,For Mönchengladbach_Comp,For Mönchengladbach_Round,For Mönchengladbach_Day,For Mönchengladbach_Venue,For Mönchengladbach_Result,For Mönchengladbach_GF,For Mönchengladbach_GA,For Mönchengladbach_Opponent,Tackles_Tkl,Tackles_TklW,Tackles_Def 3rd,Tackles_Mid 3rd,Tackles_Att 3rd,Challenges_Tkl,Challenges_Att,Challenges_Tkl%,Challenges_Lost,Blocks_Blocks,Blocks_Sh,Blocks_Pass,Int,Tkl+Int,Clr,Err,Match Report,For Mönchengladbach_Date,For Mönchengladbach_Time,For Mönchengladbach_Comp,For Mönchengladbach_Round,For Mönchengladbach_Day,For Mönchengladbach_Venue,For Mönchengladbach_Result,For Mönchengladbach_GF,For Mönchengladbach_GA,For Mönchengladbach_Opponent,For Mönchengladbach_Poss,Touches_Touches,Touches_Def Pen,Touches_Def 3rd,Touches_Mid 3rd,Touches_Att 3rd,Touches_Att Pen,Touches_Live,Take-Ons_Att,Take-Ons_Succ,Take-Ons_Succ%,Take-Ons_Tkld,Take-Ons_Tkld%,Carries_Carries,Carries_TotDist,Carries_PrgDist,Carries_PrgC,Carries_1/3,Carries_CPA,Carries_Mis,Carries_Dis,Receiving_Rec,Receiving_PrgR,Match Report,For Mönchengladbach_Date,For Mönchengladbach_Time,For Mönchengladbach_Comp,For Mönchengladbach_Round,For Mönchengladbach_Day,For Mönchengladbach_Venue,For Mönchengladbach_Result,For Mönchengladbach_GF,For Mönchengladbach_GA,For Mönchengladbach_Opponent,Performance_CrdY,Performance_CrdR,Performance_2CrdY,Performance_Fls,Performance_Fld,Performance_Off,Performance_Crs,Performance_Int,Performance_TklW,Performance_PKwon,Performance_PKcon,Performance_OG,Performance_Recov,Aerial Duels_Won,Aerial Duels_Lost,Aerial Duels_Won%,Match Report
2023-08-11,18:00 (09:00),DFB-Pokal,Round of 64,Fri,Away,W,7.0,0.0,TuS Bersenbrück,7,23,10,43.5,0.3,0.7,,,0,0,,,,,,Match Report,2023-08-11,18:00 (09:00),DFB-Pokal,Round of 64,Fri,Away,W,7.0,0.0,TuS Bersenbrück,2,0,2,100.0,1,,,0,0,0,0,,,,,,,,,,,,,,,,Match Report,2023-08-11,18:00 (09:00),DFB-Pokal,Round of 64,Fri,Away,W,7.0,0.0,TuS Bersenbrück,,,,,,,,,,,,,,,6,,,,,,,,Match Report,2023-08-11,18:00 (09:00),DFB-Pokal,Round of 64,Fri,Away,W,7.0,0.0,TuS Bersenbrück,,,,,,,10,,,,,,,,,Match Report,2023-08-11,18:00 (09:00),DFB-Pokal,Round of 64,Fri,Away,W,7.0,0.0,TuS Bersenbrück,,,,,,,,,,,,,,,Match Report,2023-08-11,18:00 (09:00),DFB-Pokal,Round of 64,Fri,Away,W,7.0,0.0,TuS Bersenbrück,,8,,,,,,,,,,,12,0,,,Match Report,2023-08-11,18:00 (09:00),DFB-Pokal,Round of 64,Fri,Away,W,7.0,0.0,TuS Bersenbrück,59.0,,,,,,,,,,,,,,,,,,,,,,,Match Report,2023-08-11,18:00 (09:00),DFB-Pokal,Round of 64,Fri,Away,W,7.0,0.0,TuS Bersenbrück,1,0,0,8,8,6,10,12,8,,,0,,,,,Match Report
2023-08-19,15:30 (06:30),Bundesliga,Matchweek 1,Sat,Away,D,4.0,4.0,Augsburg,4,9,4,44.4,0.33,0.75,17.0,0.0,1,1,1.7,0.9,0.1,2.3,2.1,Match Report,2023-08-19,15:30 (06:30),Bundesliga,Matchweek 1,Sat,Away,D,4.0,4.0,Augsburg,7,4,3,57.1,0,2.7,-1.3,1,1,0,0,5.0,20.0,25.0,33.0,3.0,48.5,40.7,9.0,44.4,36.4,20.0,0.0,0.0,1.0,11.8,Match Report,2023-08-19,15:30 (06:30),Bundesliga,Matchweek 1,Sat,Away,D,4.0,4.0,Augsburg,305.0,406.0,75.1,5666.0,2153.0,143.0,167.0,85.6,124.0,150.0,82.7,36.0,79.0,45.6,3,0.9,0.6,9.0,25.0,7.0,3.0,23.0,Match Report,2023-08-19,15:30 (06:30),Bundesliga,Matchweek 1,Sat,Away,D,4.0,4.0,Augsburg,406.0,360.0,45.0,12.0,1.0,1.0,19,12.0,7.0,4.0,3.0,0.0,305.0,1.0,5.0,Match Report,2023-08-19,15:30 (06:30),Bundesliga,Matchweek 1,Sat,Away,D,4.0,4.0,Augsburg,18.0,12.0,2.0,2.0,1.0,1.0,0.0,7.0,5.0,1.0,0.0,0.0,1.0,0.0,Match Report,2023-08-19,15:30 (06:30),Bundesliga,Matchweek 1,Sat,Away,D,4.0,4.0,Augsburg,10.0,6,3.0,6.0,1.0,5.0,7.0,71.4,2.0,18.0,6.0,12.0,7,17,19.0,0.0,Match Report,2023-08-19,15:30 (06:30),Bundesliga,Matchweek 1,Sat,Away,D,4.0,4.0,Augsburg,44.0,506.0,72.0,193.0,195.0,125.0,21.0,505.0,16.0,7.0,43.8,6.0,37.5,304.0,1567.0,743.0,19.0,12.0,9.0,13.0,7.0,304.0,23.0,Match Report,2023-08-19,15:30 (06:30),Bundesliga,Matchweek 1,Sat,Away,D,4.0,4.0,Augsburg,2,0,0,13,9,1,19,7,6,1.0,1.0,0,46.0,15.0,22.0,40.5,Match Report
2023-08-26,18:30 (09:30),Bundesliga,Matchweek 2,Sat,Home,L,0.0,3.0,Leverkusen,0,12,2,16.7,0.0,0.0,19.4,0.0,0,0,0.9,0.9,0.08,-0.9,-0.9,Match Report,2023-08-26,18:30 (09:30),Bundesliga,Matchweek 2,Sat,Home,L,0.0,3.0,Leverkusen,11,3,8,72.7,0,3.3,0.3,0,0,0,0,6.0,12.0,50.0,34.0,10.0,32.4,33.5,7.0,14.3,18.7,7.0,1.0,14.3,1.0,15.3,Match Report,2023-08-26,18:30 (09:30),Bundesliga,Matchweek 2,Sat,Home,L,0.0,3.0,Leverkusen,402.0,494.0,81.4,7080.0,2624.0,177.0,192.0,92.2,193.0,223.0,86.5,30.0,64.0,46.9,0,0.8,1.3,10.0,35.0,11.0,1.0,42.0,Match Report,2023-08-26,18:30 (09:30),Bundesliga,Matchweek 2,Sat,Home,L,0.0,3.0,Leverkusen,494.0,456.0,37.0,9.0,2.0,1.0,18,12.0,5.0,3.0,2.0,0.0,402.0,1.0,7.0,Match Report,2023-08-26,18:30 (09:30),Bundesliga,Matchweek 2,Sat,Home,L,0.0,3.0,Leverkusen,22.0,20.0,1.0,0.0,0.0,1.0,0.0,0.0,0.0,0.0,0.0,0.0,0.0,0.0,Match Report,2023-08-26,18:30 (09:30),Bundesliga,Matchweek 2,Sat,Home,L,0.0,3.0,Leverkusen,20.0,12,12.0,4.0,4.0,7.0,14.0,50.0,7.0,14.0,7.0,7.0,16,36,22.0,0.0,Match Report,2023-08-26,18:30 (09:30),Bundesliga,Matchweek 2,Sat,Home,L,0.0,3.0,Leverkusen,40.0,624.0,89.0,213.0,265.0,153.0,20.0,624.0,10.0,0.0,0.0,9.0,90.0,258.0,1487.0,825.0,18.0,17.0,4.0,13.0,7.0,399.0,42.0,Match Report,2023-08-26,18:30 (09:30),Bundesliga,Matchweek 2,Sat,Home,L,0.0,3.0,Leverkusen,2,0,0,7,8,1,18,16,12,0.0,0.0,0,57.0,7.0,5.0,58.3,Match Report
2023-09-02,18:30 (09:30),Bundesliga,Matchweek 3,Sat,Home,L,1.0,2.0,Bayern Munich,1,7,3,42.9,0.14,0.33,24.5,1.0,0,0,0.3,0.3,0.05,0.7,0.7,Match Report,2023-09-02,18:30 (09:30),Bundesliga,Matchweek 3,Sat,Home,L,1.0,2.0,Bayern Munich,7,2,5,71.4,0,1.5,-0.5,0,0,0,0,6.0,15.0,40.0,34.0,9.0,35.3,33.4,11.0,27.3,32.6,27.0,0.0,0.0,0.0,5.8,Match Report,2023-09-02,18:30 (09:30),Bundesliga,Matchweek 3,Sat,Home,L,1.0,2.0,Bayern Munich,270.0,371.0,72.8,5191.0,2130.0,111.0,130.0,85.4,116.0,143.0,81.1,38.0,70.0,54.3,1,0.3,0.5,6.0,19.0,1.0,0.0,20.0,Match Report,2023-09-02,18:30 (09:30),Bundesliga,Matchweek 3,Sat,Home,L,1.0,2.0,Bayern Munich,371.0,324.0,47.0,20.0,2.0,4.0,10,12.0,1.0,0.0,1.0,0.0,270.0,0.0,13.0,Match Report,2023-09-02,18:30 (09:30),Bundesliga,Matchweek 3,Sat,Home,L,1.0,2.0,Bayern Munich,13.0,4.0,6.0,0.0,0.0,3.0,0.0,2.0,1.0,1.0,0.0,0.0,0.0,0.0,Match Report,2023-09-02,18:30 (09:30),Bundesliga,Matchweek 3,Sat,Home,L,1.0,2.0,Bayern Munich,25.0,15,16.0,8.0,1.0,16.0,36.0,44.4,20.0,19.0,11.0,8.0,8,33,41.0,0.0,Match Report,2023-09-02,18:30 (09:30),Bundesliga,Matchweek 3,Sat,Home,L,1.0,2.0,Bayern Munich,35.0,505.0,115.0,273.0,179.0,58.0,7.0,505.0,13.0,4.0,30.8,8.0,61.5,240.0,1141.0,531.0,8.0,2.0,1.0,7.0,7.0,270.0,20.0,Match Report,2023-09-02,18:30 (09:30),Bundesliga,Matchweek 3,Sat,Home,L,1.0,2.0,Bayern Munich,0,0,0,5,19,0,10,8,15,0.0,0.0,0,48.0,14.0,16.0,46.7,Match Report
2023-09-17,17:30 (08:30),Bundesliga,Matchweek 4,Sun,Away,D,3.0,3.0,Darmstadt 98,3,21,9,42.9,0.14,0.33,16.0,0.0,0,1,3.9,3.1,0.15,-0.9,-0.1,Match Report,2023-09-17,17:30 (08:30),Bundesliga,Matchweek 4,Sun,Away,D,3.0,3.0,Darmstadt 98,8,3,5,62.5,0,2.5,-0.5,0,0,0,0,0.0,3.0,0.0,27.0,5.0,11.1,25.2,6.0,0.0,21.2,10.0,1.0,10.0,3.0,22.2,Match Report,2023-09-17,17:30 (08:30),Bundesliga,Matchweek 4,Sun,Away,D,3.0,3.0,Darmstadt 98,517.0,608.0,85.0,8519.0,2905.0,253.0,274.0,92.3,222.0,247.0,89.9,33.0,65.0,50.8,2,2.8,2.3,17.0,43.0,12.0,9.0,49.0,Match Report,2023-09-17,17:30 (08:30),Bundesliga,Matchweek 4,Sun,Away,D,3.0,3.0,Darmstadt 98,608.0,559.0,48.0,15.0,5.0,1.0,29,17.0,6.0,4.0,1.0,0.0,517.0,1.0,8.0,Match Report,2023-09-17,17:30 (08:30),Bundesliga,Matchweek 4,Sun,Away,D,3.0,3.0,Darmstadt 98,40.0,35.0,2.0,2.0,0.0,1.0,0.0,4.0,3.0,0.0,1.0,0.0,0.0,0.0,Match Report,2023-09-17,17:30 (08:30),Bundesliga,Matchweek 4,Sun,Away,D,3.0,3.0,Darmstadt 98,11.0,8,2.0,9.0,0.0,7.0,10.0,70.0,3.0,9.0,3.0,6.0,4,15,12.0,0.0,Match Report,2023-09-17,17:30 (08:30),Bundesliga,Matchweek 4,Sun,Away,D,3.0,3.0,Darmstadt 98,63.0,711.0,48.0,165.0,351.0,199.0,30.0,710.0,23.0,6.0,26.1,16.0,69.6,388.0,2143.0,1315.0,29.0,23.0,5.0,7.0,7.0,515.0,49.0,Match Report,2023-09-17,17:30 (08:30),Bundesliga,Matchweek 4,Sun,Away,D,3.0,3.0,Darmstadt 98,1,0,0,8,11,1,29,4,8,0.0,0.0,0,52.0,14.0,12.0,53.8,Match Report
2023-09-23,15:30 (06:30),Bundesliga,Matchweek 5,Sat,Home,L,0.0,1.0,RB Leipzig,0,14,1,7.1,0.0,0.0,16.0,1.0,0,0,0.8,0.8,0.06,-0.8,-0.8,Match Report,2023-09-23,15:30 (06:30),Bundesliga,Matchweek 5,Sat,Home,L,0.0,1.0,RB Leipzig,4,1,3,75.0,0,0.6,-0.4,0,0,0,0,6.0,16.0,37.5,26.0,3.0,50.0,36.6,4.0,75.0,49.3,11.0,1.0,9.1,0.0,11.8,Match Report,2023-09-23,15:30 (06:30),Bundesliga,Matchweek 5,Sat,Home,L,0.0,1.0,RB Leipzig,382.0,487.0,78.4,6744.0,2360.0,164.0,184.0,89.1,155.0,179.0,86.6,46.0,80.0,57.5,0,0.6,0.8,13.0,25.0,3.0,1.0,35.0,Match Report,2023-09-23,15:30 (06:30),Bundesliga,Matchweek 5,Sat,Home,L,0.0,1.0,RB Leipzig,487.0,442.0,43.0,8.0,2.0,2.0,20,18.0,11.0,5.0,5.0,0.0,382.0,2.0,19.0,Match Report,2023-09-23,15:30 (06:30),Bundesliga,Matchweek 5,Sat,Home,L,0.0,1.0,RB Leipzig,25.0,13.0,6.0,2.0,2.0,2.0,0.0,0.0,0.0,0.0,0.0,0.0,0.0,0.0,Match Report,2023-09-23,15:30 (06:30),Bundesliga,Matchweek 5,Sat,Home,L,0.0,1.0,RB Leipzig,12.0,9,4.0,8.0,0.0,2.0,11.0,18.2,9.0,21.0,4.0,17.0,11,23,16.0,0.0,Match Report,2023-09-23,15:30 (06:30),Bundesliga,Matchweek 5,Sat,Home,L,0.0,1.0,RB Leipzig,45.0,597.0,46.0,187.0,301.0,118.0,15.0,597.0,18.0,7.0,38.9,9.0,50.0,294.0,1759.0,857.0,17.0,15.0,2.0,12.0,13.0,381.0,35.0,Match Report,2023-09-23,15:30 (06:30),Bundesliga,Matchweek 5,Sat,Home,L,0.0,1.0,RB Leipzig,1,0,0,14,7,2,20,11,9,0.0,0.0,0,60.0,16.0,19.0,45.7,Match Report
2023-09-30,15:30 (06:30),Bundesliga,Matchweek 6,Sat,Away,W,3.0,1.0,Bochum,3,27,8,29.6,0.11,0.38,15.3,0.0,0,0,2.9,2.9,0.12,0.1,0.1,Match Report,2023-09-30,15:30 (06:30),Bundesliga,Matchweek 6,Sat,Away,W,3.0,1.0,Bochum,4,1,3,75.0,0,1.0,0.0,0,0,0,0,6.0,28.0,21.4,22.0,2.0,63.6,45.6,19.0,73.7,56.6,30.0,0.0,0.0,0.0,14.0,Match Report,2023-09-30,15:30 (06:30),Bundesliga,Matchweek 6,Sat,Away,W,3.0,1.0,Bochum,225.0,355.0,63.4,4563.0,2527.0,90.0,118.0,76.3,90.0,122.0,73.8,41.0,101.0,40.6,3,2.3,1.8,20.0,14.0,9.0,3.0,35.0,Match Report,2023-09-30,15:30 (06:30),Bundesliga,Matchweek 6,Sat,Away,W,3.0,1.0,Bochum,355.0,292.0,60.0,14.0,1.0,4.0,19,15.0,10.0,2.0,7.0,0.0,225.0,3.0,6.0,Match Report,2023-09-30,15:30 (06:30),Bundesliga,Matchweek 6,Sat,Away,W,3.0,1.0,Bochum,44.0,26.0,7.0,2.0,7.0,2.0,0.0,5.0,4.0,0.0,0.0,1.0,0.0,0.0,Match Report,2023-09-30,15:30 (06:30),Bundesliga,Matchweek 6,Sat,Away,W,3.0,1.0,Bochum,10.0,5,5.0,4.0,1.0,4.0,7.0,57.1,3.0,13.0,8.0,5.0,8,18,46.0,0.0,Match Report,2023-09-30,15:30 (06:30),Bundesliga,Matchweek 6,Sat,Away,W,3.0,1.0,Bochum,42.0,512.0,99.0,220.0,161.0,137.0,37.0,512.0,21.0,9.0,42.9,8.0,38.1,224.0,1037.0,485.0,16.0,9.0,9.0,17.0,4.0,219.0,34.0,Match Report,2023-09-30,15:30 (06:30),Bundesliga,Matchweek 6,Sat,Away,W,3.0,1.0,Bochum,3,0,0,12,12,3,19,8,5,0.0,0.0,0,62.0,29.0,33.0,46.8,Match Report
2023-10-06,20:30 (11:30),Bundesliga,Matchweek 7,Fri,Home,D,2.0,2.0,Mainz 05,2,21,9,42.9,0.1,0.22,14.6,1.0,0,0,2.3,2.3,0.11,-0.3,-0.3,Match Report,2023-10-06,20:30 (11:30),Bundesliga,Matchweek 7,Fri,Home,D,2.0,2.0,Mainz 05,7,2,5,71.4,0,1.8,-0.2,0,0,0,0,3.0,10.0,30.0,38.0,10.0,23.7,27.5,2.0,50.0,42.5,7.0,0.0,0.0,2.0,36.0,Match Report,2023-10-06,20:30 (11:30),Bundesliga,Matchweek 7,Fri,Home,D,2.0,2.0,Mainz 05,515.0,648.0,79.5,9394.0,2909.0,222.0,252.0,88.1,231.0,267.0,86.5,54.0,94.0,57.4,2,1.7,1.5,16.0,50.0,11.0,6.0,59.0,Match Report,2023-10-06,20:30 (11:30),Bundesliga,Matchweek 7,Fri,Home,D,2.0,2.0,Mainz 05,648.0,598.0,49.0,9.0,0.0,5.0,34,25.0,10.0,4.0,4.0,0.0,515.0,1.0,16.0,Match Report,2023-10-06,20:30 (11:30),Bundesliga,Matchweek 7,Fri,Home,D,2.0,2.0,Mainz 05,38.0,26.0,4.0,0.0,7.0,1.0,0.0,4.0,3.0,0.0,0.0,1.0,0.0,0.0,Match Report,2023-10-06,20:30 (11:30),Bundesliga,Matchweek 7,Fri,Home,D,2.0,2.0,Mainz 05,19.0,11,6.0,11.0,2.0,7.0,15.0,46.7,8.0,20.0,5.0,15.0,12,31,16.0,0.0,Match Report,2023-10-06,20:30 (11:30),Bundesliga,Matchweek 7,Fri,Home,D,2.0,2.0,Mainz 05,60.0,762.0,49.0,163.0,394.0,212.0,30.0,762.0,19.0,9.0,47.4,8.0,42.1,443.0,2416.0,1236.0,28.0,22.0,7.0,13.0,6.0,510.0,59.0,Match Report,2023-10-06,20:30 (11:30),Bundesliga,Matchweek 7,Fri,Home,D,2.0,2.0,Mainz 05,3,0,0,9,8,1,34,12,11,0.0,0.0,0,66.0,18.0,20.0,47.4,Match Report
2023-10-22,15:30 (06:30),Bundesliga,Matchweek 8,Sun,Away,L,1.0,3.0,Köln,1,5,2,40.0,0.2,0.5,21.4,1.0,0,0,0.3,0.3,0.05,0.7,0.7,Match Report,2023-10-22,15:30 (06:30),Bundesliga,Matchweek 8,Sun,Away,L,1.0,3.0,Köln,8,3,5,87.5,0,3.5,0.5,2,2,0,0,1.0,6.0,16.7,27.0,6.0,14.8,26.0,10.0,20.0,28.1,18.0,1.0,5.6,2.0,16.2,Match Report,2023-10-22,15:30 (06:30),Bundesliga,Matchweek 8,Sun,Away,L,1.0,3.0,Köln,294.0,403.0,73.0,5157.0,1980.0,113.0,142.0,79.6,146.0,178.0,82.0,25.0,60.0,41.7,1,0.2,0.2,4.0,20.0,1.0,1.0,24.0,Match Report,2023-10-22,15:30 (06:30),Bundesliga,Matchweek 8,Sun,Away,L,1.0,3.0,Köln,403.0,348.0,55.0,13.0,0.0,2.0,10,25.0,3.0,2.0,1.0,0.0,294.0,0.0,10.0,Match Report,2023-10-22,15:30 (06:30),Bundesliga,Matchweek 8,Sun,Away,L,1.0,3.0,Köln,10.0,5.0,2.0,1.0,0.0,1.0,1.0,2.0,0.0,2.0,0.0,0.0,0.0,0.0,Match Report,2023-10-22,15:30 (06:30),Bundesliga,Matchweek 8,Sun,Away,L,1.0,3.0,Köln,19.0,11,12.0,7.0,0.0,6.0,17.0,35.3,11.0,17.0,7.0,10.0,5,24,28.0,1.0,Match Report,2023-10-22,15:30 (06:30),Bundesliga,Matchweek 8,Sun,Away,L,1.0,3.0,Köln,40.0,525.0,84.0,226.0,233.0,68.0,7.0,525.0,16.0,5.0,31.3,9.0,56.3,303.0,1221.0,532.0,6.0,8.0,3.0,8.0,8.0,293.0,24.0,Match Report,2023-10-22,15:30 (06:30),Bundesliga,Matchweek 8,Sun,Away,L,1.0,3.0,Köln,2,1,0,10,12,0,10,5,11,0.0,2.0,0,44.0,14.0,21.0,40.0,Match Report
2023-10-28,15:30 (06:30),Bundesliga,Matchweek 9,Sat,Home,W,2.0,1.0,Heidenheim,1,13,5,38.5,0.08,0.2,14.0,0.0,0,0,1.0,1.0,0.08,0.0,0.0,Match Report,2023-10-28,15:30 (06:30),Bundesliga,Matchweek 9,Sat,Home,W,2.0,1.0,Heidenheim,4,1,3,75.0,0,0.8,-0.2,0,0,0,0,5.0,12.0,41.7,49.0,1.0,22.4,27.0,2.0,50.0,34.5,17.0,1.0,5.9,0.0,12.7,Match Report,2023-10-28,15:30 (06:30),Bundesliga,Matchweek 9,Sat,Home,W,2.0,1.0,Heidenheim,530.0,633.0,83.7,9477.0,3261.0,225.0,254.0,88.6,245.0,265.0,92.5,47.0,78.0,60.3,0,0.9,1.0,11.0,32.0,6.0,1.0,51.0,Match Report,2023-10-28,15:30 (06:30),Bundesliga,Matchweek 9,Sat,Home,W,2.0,1.0,Heidenheim,633.0,588.0,44.0,17.0,0.0,2.0,16,17.0,6.0,3.0,3.0,0.0,530.0,1.0,14.0,Match Report,2023-10-28,15:30 (06:30),Bundesliga,Matchweek 9,Sat,Home,W,2.0,1.0,Heidenheim,23.0,12.0,3.0,6.0,1.0,1.0,0.0,2.0,1.0,0.0,1.0,0.0,0.0,0.0,Match Report,2023-10-28,15:30 (06:30),Bundesliga,Matchweek 9,Sat,Home,W,2.0,1.0,Heidenheim,18.0,10,8.0,8.0,2.0,8.0,14.0,57.1,6.0,9.0,4.0,5.0,15,33,28.0,0.0,Match Report,2023-10-28,15:30 (06:30),Bundesliga,Matchweek 9,Sat,Home,W,2.0,1.0,Heidenheim,53.0,748.0,75.0,253.0,380.0,119.0,21.0,748.0,25.0,15.0,60.0,8.0,32.0,525.0,2401.0,1166.0,23.0,14.0,6.0,9.0,6.0,523.0,50.0,Match Report,2023-10-28,15:30 (06:30),Bundesliga,Matchweek 9,Sat,Home,W,2.0,1.0,Heidenheim,0,0,0,5,17,1,16,15,10,0.0,0.0,0,66.0,21.0,17.0,55.3,Match Report
2023-10-31,20:45 (12:45),DFB-Pokal,Round of 32,Tue,Home,W,3.0,1.0,Heidenheim,3,14,4,28.6,0.21,0.75,,,0,0,,,,,,Match Report,2023-10-31,20:45 (12:45),DFB-Pokal,Round of 32,Tue,Home,W,3.0,1.0,Heidenheim,1,1,0,0.0,0,,,0,0,0,0,,,,,,,,,,,,,,,,Match Report,2023-10-31,20:45 (12:45),DFB-Pokal,Round of 32,Tue,Home,W,3.0,1.0,Heidenheim,,,,,,,,,,,,,,,3,,,,,,,,Match Report,2023-10-31,20:45 (12:45),DFB-Pokal,Round of 32,Tue,Home,W,3.0,1.0,Heidenheim,,,,,,,17,,,,,,,,,Match Report,2023-10-31,20:45 (12:45),DFB-Pokal,Round of 32,Tue,Home,W,3.0,1.0,Heidenheim,,,,,,,,,,,,,,,Match Report,2023-10-31,20:45 (12:45),DFB-Pokal,Round of 32,Tue,Home,W,3.0,1.0,Heidenheim,,7,,,,,,,,,,,6,0,,,Match Report,2023-10-31,20:45 (12:45),DFB-Pokal,Round of 32,Tue,Home,W,3.0,1.0,Heidenheim,48.0,,,,,,,,,,,,,,,,,,,,,,,Match Report,2023-10-31,20:45 (12:45),DFB-Pokal,Round of 32,Tue,Home,W,3.0,1.0,Heidenheim,0,0,0,9,8,1,17,6,7,,,0,,,,,Match Report
2023-11-04,15:30 (07:30),Bundesliga,Matchweek 10,Sat,Away,D,3.0,3.0,Freiburg,3,9,4,44.4,0.22,0.5,24.0,0.0,1,1,2.2,1.4,0.15,0.8,0.6,Match Report,2023-11-04,15:30 (07:30),Bundesliga,Matchweek 10,Sat,Away,D,3.0,3.0,Freiburg,8,3,5,75.0,0,4.2,1.2,1,1,0,0,1.0,8.0,12.5,45.0,5.0,17.8,29.2,2.0,0.0,21.5,30.0,3.0,10.0,0.0,7.3,Match Report,2023-11-04,15:30 (07:30),Bundesliga,Matchweek 10,Sat,Away,D,3.0,3.0,Freiburg,355.0,458.0,77.5,6211.0,2169.0,143.0,173.0,82.7,171.0,199.0,85.9,32.0,64.0,50.0,2,1.4,0.7,9.0,21.0,6.0,1.0,22.0,Match Report,2023-11-04,15:30 (07:30),Bundesliga,Matchweek 10,Sat,Away,D,3.0,3.0,Freiburg,458.0,420.0,34.0,7.0,0.0,1.0,7,19.0,2.0,0.0,2.0,0.0,355.0,4.0,11.0,Match Report,2023-11-04,15:30 (07:30),Bundesliga,Matchweek 10,Sat,Away,D,3.0,3.0,Freiburg,20.0,14.0,0.0,2.0,0.0,1.0,3.0,6.0,4.0,0.0,1.0,0.0,1.0,0.0,Match Report,2023-11-04,15:30 (07:30),Bundesliga,Matchweek 10,Sat,Away,D,3.0,3.0,Freiburg,24.0,17,17.0,6.0,1.0,17.0,21.0,81.0,4.0,10.0,3.0,7.0,4,28,46.0,0.0,Match Report,2023-11-04,15:30 (07:30),Bundesliga,Matchweek 10,Sat,Away,D,3.0,3.0,Freiburg,41.0,581.0,84.0,314.0,203.0,69.0,13.0,580.0,9.0,6.0,66.7,3.0,33.3,333.0,1714.0,911.0,12.0,8.0,5.0,17.0,8.0,354.0,22.0,Match Report,2023-11-04,15:30 (07:30),Bundesliga,Matchweek 10,Sat,Away,D,3.0,3.0,Freiburg,2,0,0,10,7,4,7,4,17,1.0,1.0,0,56.0,12.0,18.0,40.0,Match Report
2023-11-10,20:30 (11:30),Bundesliga,Matchweek 11,Fri,Home,W,4.0,0.0,Wolfsburg,4,15,8,53.3,0.27,0.5,16.4,0.0,0,0,1.5,1.5,0.1,2.5,2.5,Match Report,2023-11-10,20:30 (11:30),Bundesliga,Matchweek 11,Fri,Home,W,4.0,0.0,Wolfsburg,4,0,4,100.0,1,0.4,0.4,0,0,0,0,2.0,9.0,22.2,34.0,6.0,26.5,29.0,4.0,0.0,18.0,17.0,0.0,0.0,0.0,12.0,Match Report,2023-11-10,20:30 (11:30),Bundesliga,Matchweek 11,Fri,Home,W,4.0,0.0,Wolfsburg,432.0,530.0,81.5,7001.0,2478.0,214.0,242.0,88.4,181.0,211.0,85.8,29.0,57.0,50.9,3,1.2,1.7,13.0,15.0,5.0,0.0,31.0,Match Report,2023-11-10,20:30 (11:30),Bundesliga,Matchweek 11,Fri,Home,W,4.0,0.0,Wolfsburg,530.0,481.0,47.0,13.0,4.0,1.0,15,21.0,8.0,1.0,7.0,0.0,432.0,2.0,4.0,Match Report,2023-11-10,20:30 (11:30),Bundesliga,Matchweek 11,Fri,Home,W,4.0,0.0,Wolfsburg,24.0,14.0,4.0,3.0,2.0,0.0,1.0,7.0,4.0,1.0,0.0,1.0,0.0,1.0,Match Report,2023-11-10,20:30 (11:30),Bundesliga,Matchweek 11,Fri,Home,W,4.0,0.0,Wolfsburg,12.0,9,5.0,7.0,0.0,6.0,14.0,42.9,8.0,10.0,4.0,6.0,10,22,18.0,0.0,Match Report,2023-11-10,20:30 (11:30),Bundesliga,Matchweek 11,Fri,Home,W,4.0,0.0,Wolfsburg,47.0,621.0,72.0,307.0,219.0,104.0,25.0,621.0,18.0,13.0,72.2,4.0,22.2,447.0,2042.0,991.0,17.0,9.0,8.0,10.0,8.0,430.0,31.0,Match Report,2023-11-10,20:30 (11:30),Bundesliga,Matchweek 11,Fri,Home,W,4.0,0.0,Wolfsburg,1,0,0,7,12,2,15,10,9,0.0,0.0,0,51.0,7.0,6.0,53.8,Match Report
2023-11-25,15:30 (06:30),Bundesliga,Matchweek 12,Sat,Away,L,2.0,4.0,Dortmund,2,10,3,30.0,0.2,0.67,16.1,0.0,0,0,1.0,1.0,0.1,1.0,1.0,Match Report,2023-11-25,15:30 (06:30),Bundesliga,Matchweek 12,Sat,Away,L,2.0,4.0,Dortmund,13,4,9,69.2,0,4.8,0.8,0,0,0,0,3.0,6.0,50.0,28.0,7.0,21.4,27.5,4.0,0.0,15.3,8.0,1.0,12.5,0.0,5.0,Match Report,2023-11-25,15:30 (06:30),Bundesliga,Matchweek 12,Sat,Away,L,2.0,4.0,Dortmund,452.0,543.0,83.2,7607.0,2687.0,203.0,227.0,89.4,208.0,237.0,87.8,30.0,54.0,55.6,2,0.9,1.2,8.0,24.0,12.0,3.0,48.0,Match Report,2023-11-25,15:30 (06:30),Bundesliga,Matchweek 12,Sat,Away,L,2.0,4.0,Dortmund,543.0,491.0,51.0,12.0,2.0,0.0,20,27.0,4.0,0.0,4.0,0.0,452.0,1.0,8.0,Match Report,2023-11-25,15:30 (06:30),Bundesliga,Matchweek 12,Sat,Away,L,2.0,4.0,Dortmund,17.0,13.0,2.0,0.0,1.0,0.0,1.0,4.0,4.0,0.0,0.0,0.0,0.0,0.0,Match Report,2023-11-25,15:30 (06:30),Bundesliga,Matchweek 12,Sat,Away,L,2.0,4.0,Dortmund,20.0,8,8.0,12.0,0.0,9.0,15.0,60.0,6.0,8.0,3.0,5.0,5,25,19.0,2.0,Match Report,2023-11-25,15:30 (06:30),Bundesliga,Matchweek 12,Sat,Away,L,2.0,4.0,Dortmund,49.0,650.0,59.0,210.0,306.0,139.0,22.0,650.0,24.0,9.0,37.5,15.0,62.5,370.0,1672.0,859.0,16.0,13.0,4.0,17.0,9.0,449.0,48.0,Match Report,2023-11-25,15:30 (06:30),Bundesliga,Matchweek 12,Sat,Away,L,2.0,4.0,Dortmund,2,0,0,11,11,1,20,5,8,0.0,0.0,0,50.0,7.0,8.0,46.7,Match Report
2023-12-02,15:30 (06:30),Bundesliga,Matchweek 13,Sat,Home,W,2.0,1.0,Hoffenheim,2,8,2,25.0,0.13,0.5,21.9,0.0,1,1,1.6,0.9,0.11,0.4,0.1,Match Report,2023-12-02,15:30 (06:30),Bundesliga,Matchweek 13,Sat,Home,W,2.0,1.0,Hoffenheim,5,1,4,80.0,0,1.4,0.4,0,0,0,0,2.0,7.0,28.6,33.0,6.0,15.2,24.3,8.0,25.0,28.3,17.0,1.0,5.9,0.0,12.0,Match Report,2023-12-02,15:30 (06:30),Bundesliga,Matchweek 13,Sat,Home,W,2.0,1.0,Hoffenheim,420.0,513.0,81.9,6348.0,2230.0,224.0,251.0,89.2,146.0,168.0,86.9,26.0,55.0,47.3,1,0.6,1.0,4.0,26.0,5.0,1.0,35.0,Match Report,2023-12-02,15:30 (06:30),Bundesliga,Matchweek 13,Sat,Home,W,2.0,1.0,Hoffenheim,513.0,462.0,50.0,15.0,1.0,3.0,14,19.0,6.0,1.0,3.0,0.0,420.0,1.0,9.0,Match Report,2023-12-02,15:30 (06:30),Bundesliga,Matchweek 13,Sat,Home,W,2.0,1.0,Hoffenheim,15.0,11.0,1.0,1.0,1.0,1.0,0.0,4.0,3.0,0.0,0.0,0.0,1.0,0.0,Match Report,2023-12-02,15:30 (06:30),Bundesliga,Matchweek 13,Sat,Home,W,2.0,1.0,Hoffenheim,17.0,10,13.0,3.0,1.0,8.0,14.0,57.1,6.0,12.0,7.0,5.0,10,27,22.0,1.0,Match Report,2023-12-02,15:30 (06:30),Bundesliga,Matchweek 13,Sat,Home,W,2.0,1.0,Hoffenheim,49.0,617.0,74.0,237.0,252.0,132.0,19.0,616.0,10.0,3.0,30.0,6.0,60.0,424.0,2032.0,854.0,10.0,10.0,4.0,14.0,10.0,419.0,35.0,Match Report,2023-12-02,15:30 (06:30),Bundesliga,Matchweek 13,Sat,Home,W,2.0,1.0,Hoffenheim,2,0,0,11,15,1,14,10,10,1.0,0.0,0,43.0,9.0,11.0,45.0,Match Report
2023-12-05,20:45 (11:45),DFB-Pokal,Round of 16,Tue,Home,W,1.0,0.0,Wolfsburg,1,11,3,27.3,0.09,0.33,,,0,0,,,,,,Match Report,2023-12-05,20:45 (11:45),DFB-Pokal,Round of 16,Tue,Home,W,1.0,0.0,Wolfsburg,3,0,3,100.0,1,,,0,0,0,0,,,,,,,,,,,,,,,,Match Report,2023-12-05,20:45 (11:45),DFB-Pokal,Round of 16,Tue,Home,W,1.0,0.0,Wolfsburg,,,,,,,,,,,,,,,1,,,,,,,,Match Report,2023-12-05,20:45 (11:45),DFB-Pokal,Round of 16,Tue,Home,W,1.0,0.0,Wolfsburg,,,,,,,20,,,,,,,,,Match Report,2023-12-05,20:45 (11:45),DFB-Pokal,Round of 16,Tue,Home,W,1.0,0.0,Wolfsburg,,,,,,,,,,,,,,,Match Report,2023-12-05,20:45 (11:45),DFB-Pokal,Round of 16,Tue,Home,W,1.0,0.0,Wolfsburg,,9,,,,,,,,,,,16,0,,,Match Report,2023-12-05,20:45 (11:45),DFB-Pokal,Round of 16,Tue,Home,W,1.0,0.0,Wolfsburg,50.0,,,,,,,,,,,,,,,,,,,,,,,Match Report,2023-12-05,20:45 (11:45),DFB-Pokal,Round of 16,Tue,Home,W,1.0,0.0,Wolfsburg,0,0,0,12,12,3,20,16,9,,,0,,,,,Match Report
2023-12-09,15:30 (06:30),Bundesliga,Matchweek 14,Sat,Away,L,1.0,3.0,Union Berlin,1,11,3,27.3,0.09,0.33,20.7,0.0,0,0,1.1,1.1,0.1,-0.1,-0.1,Match Report,2023-12-09,15:30 (06:30),Bundesliga,Matchweek 14,Sat,Away,L,1.0,3.0,Union Berlin,6,3,3,66.7,0,1.5,-1.5,1,1,0,0,3.0,9.0,33.3,25.0,4.0,24.0,28.2,9.0,33.3,33.3,10.0,1.0,10.0,4.0,17.0,Match Report,2023-12-09,15:30 (06:30),Bundesliga,Matchweek 14,Sat,Away,L,1.0,3.0,Union Berlin,512.0,643.0,79.6,8547.0,2958.0,250.0,292.0,85.6,218.0,255.0,85.5,35.0,62.0,56.5,1,1.0,1.0,9.0,35.0,8.0,4.0,56.0,Match Report,2023-12-09,15:30 (06:30),Bundesliga,Matchweek 14,Sat,Away,L,1.0,3.0,Union Berlin,643.0,588.0,54.0,12.0,1.0,1.0,27,22.0,7.0,3.0,2.0,0.0,512.0,1.0,15.0,Match Report,2023-12-09,15:30 (06:30),Bundesliga,Matchweek 14,Sat,Away,L,1.0,3.0,Union Berlin,21.0,15.0,1.0,2.0,3.0,0.0,0.0,2.0,2.0,0.0,0.0,0.0,0.0,0.0,Match Report,2023-12-09,15:30 (06:30),Bundesliga,Matchweek 14,Sat,Away,L,1.0,3.0,Union Berlin,15.0,10,7.0,5.0,3.0,8.0,21.0,38.1,13.0,10.0,3.0,7.0,5,20,15.0,1.0,Match Report,2023-12-09,15:30 (06:30),Bundesliga,Matchweek 14,Sat,Away,L,1.0,3.0,Union Berlin,62.0,746.0,53.0,211.0,381.0,157.0,15.0,746.0,16.0,9.0,56.3,7.0,43.8,494.0,2578.0,1353.0,28.0,19.0,3.0,17.0,11.0,509.0,56.0,Match Report,2023-12-09,15:30 (06:30),Bundesliga,Matchweek 14,Sat,Away,L,1.0,3.0,Union Berlin,3,0,0,8,9,1,27,5,10,0.0,1.0,0,57.0,15.0,16.0,48.4,Match Report
2023-12-15,20:30 (11:30),Bundesliga,Matchweek 15,Fri,Home,D,2.0,2.0,Werder Bremen,2,14,4,28.6,0.14,0.5,18.9,0.0,0,0,1.4,1.4,0.1,0.6,0.6,Match Report,2023-12-15,20:30 (11:30),Bundesliga,Matchweek 15,Fri,Home,D,2.0,2.0,Werder Bremen,5,2,3,60.0,0,2.4,0.4,0,0,0,0,5.0,11.0,45.5,42.0,8.0,21.4,27.3,7.0,28.6,24.7,15.0,2.0,13.3,1.0,12.3,Match Report,2023-12-15,20:30 (11:30),Bundesliga,Matchweek 15,Fri,Home,D,2.0,2.0,Werder Bremen,486.0,582.0,83.5,7877.0,2508.0,229.0,252.0,90.9,206.0,224.0,92.0,29.0,60.0,48.3,2,1.3,0.9,12.0,27.0,10.0,1.0,42.0,Match Report,2023-12-15,20:30 (11:30),Bundesliga,Matchweek 15,Fri,Home,D,2.0,2.0,Werder Bremen,582.0,543.0,35.0,10.0,4.0,1.0,13,11.0,4.0,2.0,0.0,1.0,486.0,4.0,7.0,Match Report,2023-12-15,20:30 (11:30),Bundesliga,Matchweek 15,Fri,Home,D,2.0,2.0,Werder Bremen,26.0,19.0,0.0,4.0,2.0,0.0,1.0,4.0,3.0,0.0,1.0,0.0,0.0,0.0,Match Report,2023-12-15,20:30 (11:30),Bundesliga,Matchweek 15,Fri,Home,D,2.0,2.0,Werder Bremen,14.0,7,6.0,7.0,1.0,8.0,16.0,50.0,8.0,12.0,2.0,10.0,8,22,27.0,1.0,Match Report,2023-12-15,20:30 (11:30),Bundesliga,Matchweek 15,Fri,Home,D,2.0,2.0,Werder Bremen,50.0,689.0,73.0,240.0,308.0,149.0,25.0,689.0,20.0,10.0,50.0,8.0,40.0,410.0,1943.0,1094.0,16.0,13.0,4.0,8.0,9.0,485.0,42.0,Match Report,2023-12-15,20:30 (11:30),Bundesliga,Matchweek 15,Fri,Home,D,2.0,2.0,Werder Bremen,4,0,0,10,11,4,13,8,7,0.0,0.0,0,45.0,15.0,17.0,46.9,Match Report
2023-12-20,20:30 (11:30),Bundesliga,Matchweek 16,Wed,Away,L,1.0,2.0,Eint Frankfurt,1,7,2,28.6,0.14,0.5,22.4,0.0,0,0,0.3,0.3,0.05,0.7,0.7,Match Report,2023-12-20,20:30 (11:30),Bundesliga,Matchweek 16,Wed,Away,L,1.0,2.0,Eint Frankfurt,6,2,4,66.7,0,2.0,0.0,0,0,0,0,7.0,17.0,41.2,33.0,7.0,30.3,30.3,10.0,70.0,49.2,21.0,0.0,0.0,0.0,8.7,Match Report,2023-12-20,20:30 (11:30),Bundesliga,Matchweek 16,Wed,Away,L,1.0,2.0,Eint Frankfurt,313.0,399.0,78.4,5457.0,2220.0,149.0,170.0,87.6,141.0,164.0,86.0,21.0,47.0,44.7,1,0.3,0.2,7.0,20.0,3.0,0.0,26.0,Match Report,2023-12-20,20:30 (11:30),Bundesliga,Matchweek 16,Wed,Away,L,1.0,2.0,Eint Frankfurt,399.0,359.0,38.0,12.0,0.0,2.0,3,12.0,2.0,0.0,2.0,0.0,313.0,2.0,9.0,Match Report,2023-12-20,20:30 (11:30),Bundesliga,Matchweek 16,Wed,Away,L,1.0,2.0,Eint Frankfurt,13.0,10.0,1.0,1.0,0.0,0.0,1.0,1.0,0.0,1.0,0.0,0.0,0.0,0.0,Match Report,2023-12-20,20:30 (11:30),Bundesliga,Matchweek 16,Wed,Away,L,1.0,2.0,Eint Frankfurt,23.0,12,12.0,9.0,2.0,14.0,20.0,70.0,6.0,15.0,2.0,13.0,13,36,30.0,1.0,Match Report,2023-12-20,20:30 (11:30),Bundesliga,Matchweek 16,Wed,Away,L,1.0,2.0,Eint Frankfurt,37.0,537.0,83.0,232.0,231.0,77.0,4.0,537.0,17.0,5.0,29.4,11.0,64.7,233.0,1194.0,504.0,13.0,8.0,0.0,16.0,10.0,309.0,26.0,Match Report,2023-12-20,20:30 (11:30),Bundesliga,Matchweek 16,Wed,Away,L,1.0,2.0,Eint Frankfurt,6,1,1,14,10,2,3,13,12,0.0,0.0,0,48.0,9.0,12.0,42.9,Match Report
2024-01-14,17:30 (08:30),Bundesliga,Matchweek 17,Sun,Home,W,3.0,1.0,Stuttgart,3,8,4,50.0,0.38,0.75,12.5,0.0,0,0,1.9,1.9,0.25,1.1,1.1,Match Report,2024-01-14,17:30 (08:30),Bundesliga,Matchweek 17,Sun,Home,W,3.0,1.0,Stuttgart,2,1,1,50.0,0,0.4,-0.6,0,0,0,0,3.0,11.0,27.3,31.0,2.0,19.4,28.8,10.0,50.0,33.3,9.0,0.0,0.0,0.0,11.3,Match Report,2024-01-14,17:30 (08:30),Bundesliga,Matchweek 17,Sun,Home,W,3.0,1.0,Stuttgart,264.0,365.0,72.3,4281.0,1545.0,125.0,158.0,79.1,105.0,126.0,83.3,19.0,46.0,41.3,2,1.3,0.7,7.0,10.0,5.0,1.0,19.0,Match Report,2024-01-14,17:30 (08:30),Bundesliga,Matchweek 17,Sun,Home,W,3.0,1.0,Stuttgart,365.0,327.0,34.0,10.0,2.0,3.0,3,12.0,0.0,0.0,0.0,0.0,264.0,4.0,10.0,Match Report,2024-01-14,17:30 (08:30),Bundesliga,Matchweek 17,Sun,Home,W,3.0,1.0,Stuttgart,14.0,10.0,2.0,0.0,1.0,1.0,0.0,5.0,4.0,0.0,0.0,1.0,0.0,0.0,Match Report,2024-01-14,17:30 (08:30),Bundesliga,Matchweek 17,Sun,Home,W,3.0,1.0,Stuttgart,19.0,13,11.0,6.0,2.0,7.0,18.0,38.9,11.0,15.0,6.0,9.0,18,37,23.0,0.0,Match Report,2024-01-14,17:30 (08:30),Bundesliga,Matchweek 17,Sun,Home,W,3.0,1.0,Stuttgart,29.0,489.0,73.0,276.0,181.0,41.0,13.0,489.0,12.0,6.0,50.0,3.0,25.0,250.0,1169.0,655.0,13.0,7.0,3.0,15.0,12.0,260.0,18.0,Match Report,2024-01-14,17:30 (08:30),Bundesliga,Matchweek 17,Sun,Home,W,3.0,1.0,Stuttgart,3,0,0,7,11,4,3,18,13,0.0,0.0,0,61.0,8.0,14.0,36.4,Match Report
2024-01-21,17:30 (08:30),Bundesliga,Matchweek 18,Sun,Home,L,1.0,2.0,Augsburg,1,18,4,22.2,0.06,0.25,17.3,0.0,0,0,1.7,1.7,0.12,-0.7,-0.7,Match Report,2024-01-21,17:30 (08:30),Bundesliga,Matchweek 18,Sun,Home,L,1.0,2.0,Augsburg,7,2,5,71.4,0,2.0,0.0,0,0,0,0,7.0,12.0,58.3,29.0,3.0,34.5,34.6,7.0,28.6,34.0,14.0,0.0,0.0,0.0,3.0,Match Report,2024-01-21,17:30 (08:30),Bundesliga,Matchweek 18,Sun,Home,L,1.0,2.0,Augsburg,450.0,551.0,81.7,7521.0,2852.0,201.0,235.0,85.5,170.0,198.0,85.9,47.0,67.0,70.1,0,1.3,1.8,17.0,16.0,11.0,2.0,44.0,Match Report,2024-01-21,17:30 (08:30),Bundesliga,Matchweek 18,Sun,Home,L,1.0,2.0,Augsburg,551.0,491.0,58.0,21.0,2.0,8.0,20,22.0,5.0,1.0,3.0,0.0,450.0,2.0,13.0,Match Report,2024-01-21,17:30 (08:30),Bundesliga,Matchweek 18,Sun,Home,L,1.0,2.0,Augsburg,35.0,27.0,3.0,2.0,2.0,1.0,0.0,1.0,0.0,0.0,0.0,1.0,0.0,0.0,Match Report,2024-01-21,17:30 (08:30),Bundesliga,Matchweek 18,Sun,Home,L,1.0,2.0,Augsburg,16.0,10,9.0,6.0,1.0,9.0,16.0,56.3,7.0,11.0,4.0,7.0,9,25,25.0,2.0,Match Report,2024-01-21,17:30 (08:30),Bundesliga,Matchweek 18,Sun,Home,L,1.0,2.0,Augsburg,55.0,668.0,68.0,244.0,278.0,151.0,37.0,668.0,12.0,3.0,25.0,8.0,66.7,427.0,2156.0,1172.0,25.0,21.0,6.0,9.0,7.0,444.0,44.0,Match Report,2024-01-21,17:30 (08:30),Bundesliga,Matchweek 18,Sun,Home,L,1.0,2.0,Augsburg,1,0,0,10,19,2,20,9,10,0.0,0.0,0,44.0,19.0,13.0,59.4,Match Report
2024-01-27,18:30 (09:30),Bundesliga,Matchweek 19,Sat,Away,D,0.0,0.0,Leverkusen,0,4,3,75.0,0.0,0.0,19.4,0.0,0,0,0.3,0.3,0.07,-0.3,-0.3,Match Report,2024-01-27,18:30 (09:30),Bundesliga,Matchweek 19,Sat,Away,D,0.0,0.0,Leverkusen,9,0,9,100.0,1,1.8,1.8,0,0,0,0,7.0,23.0,30.4,29.0,2.0,58.6,41.1,10.0,60.0,40.4,28.0,0.0,0.0,0.0,5.0,Match Report,2024-01-27,18:30 (09:30),Bundesliga,Matchweek 19,Sat,Away,D,0.0,0.0,Leverkusen,259.0,342.0,75.7,4319.0,1639.0,134.0,154.0,87.0,93.0,112.0,83.0,24.0,55.0,43.6,0,0.3,0.5,3.0,8.0,2.0,0.0,10.0,Match Report,2024-01-27,18:30 (09:30),Bundesliga,Matchweek 19,Sat,Away,D,0.0,0.0,Leverkusen,342.0,301.0,39.0,16.0,1.0,0.0,3,10.0,2.0,2.0,0.0,0.0,259.0,2.0,8.0,Match Report,2024-01-27,18:30 (09:30),Bundesliga,Matchweek 19,Sat,Away,D,0.0,0.0,Leverkusen,8.0,8.0,0.0,0.0,0.0,0.0,0.0,0.0,0.0,0.0,0.0,0.0,0.0,0.0,Match Report,2024-01-27,18:30 (09:30),Bundesliga,Matchweek 19,Sat,Away,D,0.0,0.0,Leverkusen,21.0,13,17.0,4.0,0.0,8.0,17.0,47.1,9.0,21.0,9.0,12.0,12,33,52.0,1.0,Match Report,2024-01-27,18:30 (09:30),Bundesliga,Matchweek 19,Sat,Away,D,0.0,0.0,Leverkusen,25.0,494.0,125.0,291.0,162.0,45.0,10.0,494.0,13.0,8.0,61.5,3.0,23.1,234.0,1018.0,469.0,7.0,4.0,2.0,18.0,10.0,256.0,10.0,Match Report,2024-01-27,18:30 (09:30),Bundesliga,Matchweek 19,Sat,Away,D,0.0,0.0,Leverkusen,1,0,0,6,15,2,3,12,13,0.0,0.0,0,46.0,5.0,10.0,33.3,Match Report
2024-02-03,15:30 (06:30),Bundesliga,Matchweek 20,Sat,Away,L,1.0,3.0,Bayern Munich,1,11,2,18.2,0.09,0.5,22.4,0.0,0,0,1.0,1.0,0.09,0.0,0.0,Match Report,2024-02-03,15:30 (06:30),Bundesliga,Matchweek 20,Sat,Away,L,1.0,3.0,Bayern Munich,6,3,3,50.0,0,1.8,-1.2,0,0,0,0,5.0,6.0,83.3,30.0,5.0,16.7,29.7,7.0,14.3,21.7,13.0,4.0,30.8,0.0,8.3,Match Report,2024-02-03,15:30 (06:30),Bundesliga,Matchweek 20,Sat,Away,L,1.0,3.0,Bayern Munich,426.0,508.0,83.9,7508.0,2461.0,186.0,211.0,88.2,191.0,217.0,88.0,38.0,59.0,64.4,1,0.6,0.6,6.0,23.0,4.0,1.0,37.0,Match Report,2024-02-03,15:30 (06:30),Bundesliga,Matchweek 20,Sat,Away,L,1.0,3.0,Bayern Munich,508.0,463.0,45.0,11.0,0.0,3.0,18,18.0,5.0,0.0,3.0,0.0,426.0,0.0,7.0,Match Report,2024-02-03,15:30 (06:30),Bundesliga,Matchweek 20,Sat,Away,L,1.0,3.0,Bayern Munich,18.0,14.0,2.0,1.0,1.0,0.0,0.0,2.0,2.0,0.0,0.0,0.0,0.0,0.0,Match Report,2024-02-03,15:30 (06:30),Bundesliga,Matchweek 20,Sat,Away,L,1.0,3.0,Bayern Munich,16.0,10,7.0,7.0,2.0,6.0,16.0,37.5,10.0,14.0,7.0,7.0,12,28,18.0,2.0,Match Report,2024-02-03,15:30 (06:30),Bundesliga,Matchweek 20,Sat,Away,L,1.0,3.0,Bayern Munich,45.0,611.0,76.0,235.0,277.0,105.0,16.0,611.0,14.0,5.0,35.7,8.0,57.1,395.0,1923.0,996.0,11.0,15.0,4.0,11.0,10.0,424.0,37.0,Match Report,2024-02-03,15:30 (06:30),Bundesliga,Matchweek 20,Sat,Away,L,1.0,3.0,Bayern Munich,1,0,0,9,9,0,18,12,10,0.0,0.0,0,45.0,12.0,4.0,75.0,Match Report
2024-02-10,15:30 (06:30),Bundesliga,Matchweek 21,Sat,Home,D,0.0,0.0,Darmstadt 98,0,24,8,33.3,0.0,0.0,19.1,0.0,0,0,1.5,1.5,0.06,-1.5,-1.5,Match Report,2024-02-10,15:30 (06:30),Bundesliga,Matchweek 21,Sat,Home,D,0.0,0.0,Darmstadt 98,1,0,1,100.0,1,0.0,0.0,0,0,0,0,3.0,7.0,42.9,35.0,6.0,17.1,23.9,6.0,16.7,26.0,10.0,1.0,10.0,0.0,8.0,Match Report,2024-02-10,15:30 (06:30),Bundesliga,Matchweek 21,Sat,Home,D,0.0,0.0,Darmstadt 98,494.0,571.0,86.5,8162.0,3068.0,249.0,266.0,93.6,185.0,210.0,88.1,42.0,67.0,62.7,0,0.9,0.9,19.0,28.0,11.0,4.0,50.0,Match Report,2024-02-10,15:30 (06:30),Bundesliga,Matchweek 21,Sat,Home,D,0.0,0.0,Darmstadt 98,571.0,519.0,52.0,18.0,2.0,0.0,19,20.0,7.0,4.0,3.0,0.0,494.0,0.0,6.0,Match Report,2024-02-10,15:30 (06:30),Bundesliga,Matchweek 21,Sat,Home,D,0.0,0.0,Darmstadt 98,43.0,28.0,4.0,2.0,6.0,1.0,2.0,0.0,0.0,0.0,0.0,0.0,0.0,0.0,Match Report,2024-02-10,15:30 (06:30),Bundesliga,Matchweek 21,Sat,Home,D,0.0,0.0,Darmstadt 98,10.0,5,2.0,8.0,0.0,5.0,10.0,50.0,5.0,13.0,5.0,8.0,11,21,18.0,0.0,Match Report,2024-02-10,15:30 (06:30),Bundesliga,Matchweek 21,Sat,Home,D,0.0,0.0,Darmstadt 98,58.0,692.0,53.0,179.0,332.0,190.0,30.0,692.0,27.0,16.0,59.3,9.0,33.3,416.0,2075.0,1153.0,24.0,20.0,8.0,15.0,20.0,484.0,47.0,Match Report,2024-02-10,15:30 (06:30),Bundesliga,Matchweek 21,Sat,Home,D,0.0,0.0,Darmstadt 98,0,0,0,11,14,0,19,11,5,0.0,0.0,0,52.0,16.0,5.0,76.2,Match Report
2024-02-17,18:30 (09:30),Bundesliga,Matchweek 22,Sat,Away,L,0.0,2.0,RB Leipzig,0,15,0,0.0,0.0,,17.3,0.0,0,0,0.7,0.7,0.05,-0.7,-0.7,Match Report,2024-02-17,18:30 (09:30),Bundesliga,Matchweek 22,Sat,Away,L,0.0,2.0,RB Leipzig,9,2,7,77.8,0,1.8,-0.2,0,0,0,0,4.0,7.0,57.1,28.0,4.0,21.4,28.2,7.0,14.3,21.1,14.0,1.0,7.1,2.0,17.3,Match Report,2024-02-17,18:30 (09:30),Bundesliga,Matchweek 22,Sat,Away,L,0.0,2.0,RB Leipzig,429.0,520.0,82.5,7207.0,2778.0,205.0,233.0,88.0,188.0,209.0,90.0,30.0,50.0,60.0,0,0.6,1.1,11.0,35.0,12.0,4.0,47.0,Match Report,2024-02-17,18:30 (09:30),Bundesliga,Matchweek 22,Sat,Away,L,0.0,2.0,RB Leipzig,520.0,472.0,47.0,13.0,0.0,2.0,20,20.0,4.0,0.0,3.0,0.0,429.0,1.0,17.0,Match Report,2024-02-17,18:30 (09:30),Bundesliga,Matchweek 22,Sat,Away,L,0.0,2.0,RB Leipzig,24.0,17.0,3.0,0.0,2.0,2.0,0.0,0.0,0.0,0.0,0.0,0.0,0.0,0.0,Match Report,2024-02-17,18:30 (09:30),Bundesliga,Matchweek 22,Sat,Away,L,0.0,2.0,RB Leipzig,15.0,8,6.0,9.0,0.0,11.0,19.0,57.9,8.0,10.0,3.0,7.0,7,22,26.0,0.0,Match Report,2024-02-17,18:30 (09:30),Bundesliga,Matchweek 22,Sat,Away,L,0.0,2.0,RB Leipzig,51.0,644.0,66.0,193.0,308.0,148.0,20.0,644.0,17.0,8.0,47.1,7.0,41.2,429.0,2066.0,887.0,17.0,18.0,3.0,15.0,21.0,424.0,47.0,Match Report,2024-02-17,18:30 (09:30),Bundesliga,Matchweek 22,Sat,Away,L,0.0,2.0,RB Leipzig,5,0,0,13,11,1,20,7,8,0.0,0.0,0,50.0,11.0,13.0,45.8,Match Report
2024-02-24,15:30 (06:30),Bundesliga,Matchweek 23,Sat,Home,W,5.0,2.0,Bochum,5,21,5,23.8,0.19,0.8,16.9,0.0,1,1,3.5,2.8,0.14,1.5,1.2,Match Report,2024-02-24,15:30 (06:30),Bundesliga,Matchweek 23,Sat,Home,W,5.0,2.0,Bochum,4,2,2,50.0,0,1.6,-0.4,0,0,0,0,5.0,16.0,31.3,35.0,4.0,42.9,38.6,7.0,14.3,14.7,20.0,1.0,5.0,1.0,21.0,Match Report,2024-02-24,15:30 (06:30),Bundesliga,Matchweek 23,Sat,Home,W,5.0,2.0,Bochum,331.0,442.0,74.9,6135.0,2447.0,147.0,171.0,86.0,134.0,163.0,82.2,44.0,82.0,53.7,3,2.6,2.7,17.0,13.0,12.0,4.0,36.0,Match Report,2024-02-24,15:30 (06:30),Bundesliga,Matchweek 23,Sat,Home,W,5.0,2.0,Bochum,442.0,398.0,41.0,13.0,3.0,2.0,20,13.0,5.0,2.0,1.0,0.0,331.0,3.0,6.0,Match Report,2024-02-24,15:30 (06:30),Bundesliga,Matchweek 23,Sat,Home,W,5.0,2.0,Bochum,38.0,26.0,4.0,2.0,3.0,2.0,1.0,8.0,4.0,0.0,0.0,2.0,1.0,1.0,Match Report,2024-02-24,15:30 (06:30),Bundesliga,Matchweek 23,Sat,Home,W,5.0,2.0,Bochum,22.0,15,13.0,8.0,1.0,10.0,13.0,76.9,3.0,12.0,2.0,10.0,15,37,32.0,0.0,Match Report,2024-02-24,15:30 (06:30),Bundesliga,Matchweek 23,Sat,Home,W,5.0,2.0,Bochum,48.0,597.0,91.0,252.0,218.0,133.0,37.0,596.0,17.0,6.0,35.3,7.0,41.2,254.0,1326.0,669.0,12.0,12.0,3.0,14.0,11.0,325.0,34.0,Match Report,2024-02-24,15:30 (06:30),Bundesliga,Matchweek 23,Sat,Home,W,5.0,2.0,Bochum,2,0,0,13,12,3,20,15,15,1.0,0.0,0,61.0,30.0,26.0,53.6,Match Report
2024-03-02,15:30 (06:30),Bundesliga,Matchweek 24,Sat,Away,D,1.0,1.0,Mainz 05,1,14,5,35.7,0.07,0.2,16.1,0.0,0,0,1.0,1.0,0.07,0.0,0.0,Match Report,2024-03-02,15:30 (06:30),Bundesliga,Matchweek 24,Sat,Away,D,1.0,1.0,Mainz 05,3,1,2,66.7,0,0.9,-0.1,0,0,0,0,6.0,10.0,60.0,38.0,3.0,15.8,25.8,13.0,30.8,27.0,22.0,0.0,0.0,0.0,7.7,Match Report,2024-03-02,15:30 (06:30),Bundesliga,Matchweek 24,Sat,Away,D,1.0,1.0,Mainz 05,386.0,494.0,78.1,6828.0,2391.0,163.0,192.0,84.9,187.0,217.0,86.2,28.0,55.0,50.9,1,1.0,0.9,13.0,20.0,11.0,4.0,41.0,Match Report,2024-03-02,15:30 (06:30),Bundesliga,Matchweek 24,Sat,Away,D,1.0,1.0,Mainz 05,494.0,436.0,53.0,10.0,0.0,1.0,17,22.0,6.0,0.0,5.0,0.0,386.0,5.0,9.0,Match Report,2024-03-02,15:30 (06:30),Bundesliga,Matchweek 24,Sat,Away,D,1.0,1.0,Mainz 05,27.0,23.0,2.0,0.0,2.0,0.0,0.0,2.0,2.0,0.0,0.0,0.0,0.0,0.0,Match Report,2024-03-02,15:30 (06:30),Bundesliga,Matchweek 24,Sat,Away,D,1.0,1.0,Mainz 05,20.0,12,10.0,9.0,1.0,11.0,14.0,78.6,3.0,13.0,8.0,5.0,8,28,40.0,0.0,Match Report,2024-03-02,15:30 (06:30),Bundesliga,Matchweek 24,Sat,Away,D,1.0,1.0,Mainz 05,57.0,627.0,102.0,257.0,267.0,110.0,19.0,627.0,10.0,2.0,20.0,7.0,70.0,339.0,1664.0,896.0,23.0,12.0,3.0,7.0,13.0,377.0,41.0,Match Report,2024-03-02,15:30 (06:30),Bundesliga,Matchweek 24,Sat,Away,D,1.0,1.0,Mainz 05,1,0,0,16,11,5,17,8,12,0.0,0.0,0,43.0,18.0,14.0,56.3,Match Report
2024-03-09,15:30 (06:30),Bundesliga,Matchweek 25,Sat,Home,D,3.0,3.0,Köln,3,17,5,29.4,0.18,0.6,13.9,0.0,0,0,1.8,1.8,0.11,1.2,1.2,Match Report,2024-03-09,15:30 (06:30),Bundesliga,Matchweek 25,Sat,Home,D,3.0,3.0,Köln,5,3,2,40.0,0,1.5,-1.5,0,0,0,0,0.0,0.0,,24.0,7.0,0.0,16.5,7.0,0.0,13.0,14.0,1.0,7.1,0.0,4.3,Match Report,2024-03-09,15:30 (06:30),Bundesliga,Matchweek 25,Sat,Home,D,3.0,3.0,Köln,451.0,539.0,83.7,8097.0,2716.0,175.0,193.0,90.7,236.0,258.0,91.5,34.0,57.0,59.6,3,1.6,2.4,13.0,28.0,11.0,4.0,54.0,Match Report,2024-03-09,15:30 (06:30),Bundesliga,Matchweek 25,Sat,Home,D,3.0,3.0,Köln,539.0,485.0,51.0,16.0,1.0,3.0,28,16.0,8.0,4.0,4.0,0.0,451.0,3.0,12.0,Match Report,2024-03-09,15:30 (06:30),Bundesliga,Matchweek 25,Sat,Home,D,3.0,3.0,Köln,27.0,23.0,2.0,0.0,2.0,0.0,0.0,6.0,5.0,1.0,0.0,0.0,0.0,0.0,Match Report,2024-03-09,15:30 (06:30),Bundesliga,Matchweek 25,Sat,Home,D,3.0,3.0,Köln,19.0,8,8.0,8.0,3.0,9.0,14.0,64.3,5.0,16.0,4.0,12.0,8,27,16.0,1.0,Match Report,2024-03-09,15:30 (06:30),Bundesliga,Matchweek 25,Sat,Home,D,3.0,3.0,Köln,58.0,658.0,56.0,212.0,314.0,136.0,35.0,658.0,17.0,5.0,29.4,8.0,47.1,394.0,2124.0,1244.0,23.0,10.0,7.0,14.0,8.0,450.0,54.0,Match Report,2024-03-09,15:30 (06:30),Bundesliga,Matchweek 25,Sat,Home,D,3.0,3.0,Köln,3,0,0,15,15,3,28,8,8,0.0,0.0,0,39.0,13.0,13.0,50.0,Match Report
2024-03-12,20:30 (12:30),DFB-Pokal,Quarter-finals,Tue,Away,L,1.0,2.0,Saarbrücken,1,21,5,23.8,0.05,0.2,,,0,0,,,,,,Match Report,2024-03-12,20:30 (12:30),DFB-Pokal,Quarter-finals,Tue,Away,L,1.0,2.0,Saarbrücken,2,2,0,0.0,0,,,0,0,0,0,,,,,,,,,,,,,,,,Match Report,2024-03-12,20:30 (12:30),DFB-Pokal,Quarter-finals,Tue,Away,L,1.0,2.0,Saarbrücken,,,,,,,,,,,,,,,1,,,,,,,,Match Report,2024-03-12,20:30 (12:30),DFB-Pokal,Quarter-finals,Tue,Away,L,1.0,2.0,Saarbrücken,,,,,,,28,,,,,,,,,Match Report,2024-03-12,20:30 (12:30),DFB-Pokal,Quarter-finals,Tue,Away,L,1.0,2.0,Saarbrücken,,,,,,,,,,,,,,,Match Report,2024-03-12,20:30 (12:30),DFB-Pokal,Quarter-finals,Tue,Away,L,1.0,2.0,Saarbrücken,,7,,,,,,,,,,,8,0,,,Match Report,2024-03-12,20:30 (12:30),DFB-Pokal,Quarter-finals,Tue,Away,L,1.0,2.0,Saarbrücken,73.0,,,,,,,,,,,,,,,,,,,,,,,Match Report,2024-03-12,20:30 (12:30),DFB-Pokal,Quarter-finals,Tue,Away,L,1.0,2.0,Saarbrücken,1,0,0,13,8,0,28,8,7,,,0,,,,,Match Report
2024-03-16,15:30 (07:30),Bundesliga,Matchweek 26,Sat,Away,D,1.0,1.0,Heidenheim,1,7,2,28.6,0.14,0.5,20.5,0.0,0,0,0.5,0.5,0.07,0.5,0.5,Match Report,2024-03-16,15:30 (07:30),Bundesliga,Matchweek 26,Sat,Away,D,1.0,1.0,Heidenheim,3,1,2,66.7,0,0.4,-0.6,0,0,0,0,6.0,16.0,37.5,34.0,4.0,23.5,30.2,11.0,72.7,45.8,25.0,0.0,0.0,2.0,25.7,Match Report,2024-03-16,15:30 (07:30),Bundesliga,Matchweek 26,Sat,Away,D,1.0,1.0,Heidenheim,353.0,466.0,75.8,6186.0,2296.0,162.0,185.0,87.6,147.0,179.0,82.1,34.0,72.0,47.2,1,0.5,0.4,5.0,15.0,5.0,3.0,22.0,Match Report,2024-03-16,15:30 (07:30),Bundesliga,Matchweek 26,Sat,Away,D,1.0,1.0,Heidenheim,466.0,403.0,63.0,17.0,1.0,2.0,14,29.0,4.0,4.0,0.0,0.0,353.0,0.0,9.0,Match Report,2024-03-16,15:30 (07:30),Bundesliga,Matchweek 26,Sat,Away,D,1.0,1.0,Heidenheim,9.0,8.0,0.0,0.0,1.0,0.0,0.0,2.0,2.0,0.0,0.0,0.0,0.0,0.0,Match Report,2024-03-16,15:30 (07:30),Bundesliga,Matchweek 26,Sat,Away,D,1.0,1.0,Heidenheim,15.0,8,8.0,6.0,1.0,9.0,13.0,69.2,4.0,16.0,9.0,7.0,10,25,37.0,0.0,Match Report,2024-03-16,15:30 (07:30),Bundesliga,Matchweek 26,Sat,Away,D,1.0,1.0,Heidenheim,47.0,610.0,93.0,260.0,252.0,103.0,7.0,610.0,18.0,9.0,50.0,9.0,50.0,321.0,1843.0,990.0,20.0,15.0,1.0,17.0,15.0,351.0,22.0,Match Report,2024-03-16,15:30 (07:30),Bundesliga,Matchweek 26,Sat,Away,D,1.0,1.0,Heidenheim,3,0,0,8,14,0,14,10,8,0.0,0.0,0,50.0,15.0,16.0,48.4,Match Report
2024-03-30,15:30 (07:30),Bundesliga,Matchweek 27,Sat,Home,L,0.0,3.0,Freiburg,0,19,3,15.8,0.0,0.0,13.4,0.0,0,0,1.5,1.5,0.08,-1.5,-1.5,Match Report,2024-03-30,15:30 (07:30),Bundesliga,Matchweek 27,Sat,Home,L,0.0,3.0,Freiburg,8,3,5,62.5,0,2.6,-0.4,0,0,0,0,1.0,3.0,33.3,30.0,5.0,6.7,25.2,5.0,20.0,18.6,4.0,0.0,0.0,4.0,18.2,Match Report,2024-03-30,15:30 (07:30),Bundesliga,Matchweek 27,Sat,Home,L,0.0,3.0,Freiburg,466.0,578.0,80.6,7550.0,2782.0,230.0,254.0,90.6,185.0,222.0,83.3,39.0,67.0,58.2,0,1.5,2.3,18.0,27.0,8.0,4.0,44.0,Match Report,2024-03-30,15:30 (07:30),Bundesliga,Matchweek 27,Sat,Home,L,0.0,3.0,Freiburg,578.0,523.0,54.0,7.0,1.0,2.0,35,24.0,14.0,8.0,5.0,0.0,466.0,1.0,9.0,Match Report,2024-03-30,15:30 (07:30),Bundesliga,Matchweek 27,Sat,Home,L,0.0,3.0,Freiburg,36.0,21.0,7.0,4.0,3.0,1.0,0.0,0.0,0.0,0.0,0.0,0.0,0.0,0.0,Match Report,2024-03-30,15:30 (07:30),Bundesliga,Matchweek 27,Sat,Home,L,0.0,3.0,Freiburg,15.0,6,3.0,8.0,4.0,6.0,10.0,60.0,4.0,14.0,3.0,11.0,7,22,8.0,0.0,Match Report,2024-03-30,15:30 (07:30),Bundesliga,Matchweek 27,Sat,Home,L,0.0,3.0,Freiburg,54.0,691.0,44.0,209.0,307.0,179.0,37.0,691.0,21.0,8.0,38.1,12.0,57.1,435.0,2372.0,1305.0,30.0,15.0,8.0,15.0,11.0,461.0,44.0,Match Report,2024-03-30,15:30 (07:30),Bundesliga,Matchweek 27,Sat,Home,L,0.0,3.0,Freiburg,1,0,0,11,7,1,35,7,6,0.0,0.0,0,51.0,20.0,7.0,74.1,Match Report
2024-04-07,17:30 (08:30),Bundesliga,Matchweek 28,Sun,Away,W,3.0,1.0,Wolfsburg,3,10,6,60.0,0.3,0.5,14.7,0.0,0,0,1.1,1.1,0.11,1.9,1.9,Match Report,2024-04-07,17:30 (08:30),Bundesliga,Matchweek 28,Sun,Away,W,3.0,1.0,Wolfsburg,4,1,3,75.0,0,0.6,-0.4,0,0,0,0,5.0,17.0,29.4,34.0,3.0,38.2,32.5,7.0,57.1,42.7,17.0,3.0,17.6,1.0,11.6,Match Report,2024-04-07,17:30 (08:30),Bundesliga,Matchweek 28,Sun,Away,W,3.0,1.0,Wolfsburg,373.0,473.0,78.9,6175.0,2207.0,177.0,197.0,89.8,153.0,181.0,84.5,32.0,67.0,47.8,2,0.9,0.9,9.0,16.0,7.0,1.0,29.0,Match Report,2024-04-07,17:30 (08:30),Bundesliga,Matchweek 28,Sun,Away,W,3.0,1.0,Wolfsburg,473.0,428.0,43.0,9.0,0.0,1.0,19,21.0,4.0,0.0,3.0,0.0,373.0,2.0,12.0,Match Report,2024-04-07,17:30 (08:30),Bundesliga,Matchweek 28,Sun,Away,W,3.0,1.0,Wolfsburg,17.0,12.0,3.0,1.0,0.0,1.0,0.0,6.0,6.0,0.0,0.0,0.0,0.0,0.0,Match Report,2024-04-07,17:30 (08:30),Bundesliga,Matchweek 28,Sun,Away,W,3.0,1.0,Wolfsburg,16.0,7,8.0,8.0,0.0,8.0,16.0,50.0,8.0,13.0,3.0,10.0,8,24,23.0,0.0,Match Report,2024-04-07,17:30 (08:30),Bundesliga,Matchweek 28,Sun,Away,W,3.0,1.0,Wolfsburg,39.0,568.0,70.0,247.0,207.0,117.0,17.0,568.0,12.0,7.0,58.3,3.0,25.0,316.0,1319.0,599.0,10.0,8.0,3.0,5.0,13.0,367.0,28.0,Match Report,2024-04-07,17:30 (08:30),Bundesliga,Matchweek 28,Sun,Away,W,3.0,1.0,Wolfsburg,2,0,0,12,9,2,19,8,7,0.0,0.0,0,45.0,13.0,13.0,50.0,Match Report
2024-04-13,15:30 (06:30),Bundesliga,Matchweek 29,Sat,Home,L,1.0,2.0,Dortmund,1,18,4,22.2,0.06,0.25,17.1,0.0,0,0,1.1,1.1,0.07,-0.1,-0.1,Match Report,2024-04-13,15:30 (06:30),Bundesliga,Matchweek 29,Sat,Home,L,1.0,2.0,Dortmund,4,2,2,75.0,0,1.5,-0.5,1,1,0,0,1.0,5.0,20.0,28.0,4.0,14.3,25.0,3.0,33.3,30.7,6.0,1.0,16.7,0.0,11.0,Match Report,2024-04-13,15:30 (06:30),Bundesliga,Matchweek 29,Sat,Home,L,1.0,2.0,Dortmund,387.0,472.0,82.0,6502.0,2469.0,161.0,186.0,86.6,181.0,204.0,88.7,26.0,46.0,56.5,1,1.0,1.0,15.0,32.0,14.0,3.0,43.0,Match Report,2024-04-13,15:30 (06:30),Bundesliga,Matchweek 29,Sat,Home,L,1.0,2.0,Dortmund,472.0,434.0,36.0,12.0,0.0,2.0,16,16.0,2.0,0.0,1.0,0.0,387.0,2.0,4.0,Match Report,2024-04-13,15:30 (06:30),Bundesliga,Matchweek 29,Sat,Home,L,1.0,2.0,Dortmund,31.0,22.0,4.0,0.0,2.0,3.0,0.0,2.0,1.0,1.0,0.0,0.0,0.0,0.0,Match Report,2024-04-13,15:30 (06:30),Bundesliga,Matchweek 29,Sat,Home,L,1.0,2.0,Dortmund,18.0,8,10.0,7.0,1.0,10.0,22.0,45.5,12.0,17.0,6.0,11.0,8,26,15.0,0.0,Match Report,2024-04-13,15:30 (06:30),Bundesliga,Matchweek 29,Sat,Home,L,1.0,2.0,Dortmund,46.0,573.0,53.0,196.0,253.0,130.0,31.0,573.0,12.0,5.0,41.7,6.0,50.0,331.0,1977.0,1063.0,30.0,12.0,3.0,11.0,1.0,382.0,43.0,Match Report,2024-04-13,15:30 (06:30),Bundesliga,Matchweek 29,Sat,Home,L,1.0,2.0,Dortmund,1,0,0,13,10,2,16,8,8,0.0,1.0,0,52.0,14.0,6.0,70.0,Match Report
2024-04-20,15:30 (06:30),Bundesliga,Matchweek 30,Sat,Away,L,3.0,4.0,Hoffenheim,3,13,7,53.8,0.23,0.43,12.8,0.0,0,0,1.0,1.0,0.08,2.0,2.0,Match Report,2024-04-20,15:30 (06:30),Bundesliga,Matchweek 30,Sat,Away,L,3.0,4.0,Hoffenheim,9,4,5,55.6,0,2.5,-1.5,0,0,0,0,5.0,14.0,35.7,40.0,7.0,22.5,29.7,15.0,33.3,27.3,18.0,0.0,0.0,2.0,16.0,Match Report,2024-04-20,15:30 (06:30),Bundesliga,Matchweek 30,Sat,Away,L,3.0,4.0,Hoffenheim,367.0,463.0,79.3,6413.0,2528.0,178.0,201.0,88.6,144.0,172.0,83.7,38.0,70.0,54.3,3,1.0,1.1,13.0,26.0,8.0,5.0,35.0,Match Report,2024-04-20,15:30 (06:30),Bundesliga,Matchweek 30,Sat,Away,L,3.0,4.0,Hoffenheim,463.0,416.0,46.0,7.0,1.0,3.0,19,14.0,5.0,0.0,3.0,0.0,367.0,1.0,5.0,Match Report,2024-04-20,15:30 (06:30),Bundesliga,Matchweek 30,Sat,Away,L,3.0,4.0,Hoffenheim,24.0,20.0,2.0,0.0,1.0,0.0,1.0,6.0,6.0,0.0,0.0,0.0,0.0,0.0,Match Report,2024-04-20,15:30 (06:30),Bundesliga,Matchweek 30,Sat,Away,L,3.0,4.0,Hoffenheim,13.0,6,11.0,2.0,0.0,7.0,19.0,36.8,12.0,16.0,7.0,9.0,10,23,21.0,1.0,Match Report,2024-04-20,15:30 (06:30),Bundesliga,Matchweek 30,Sat,Away,L,3.0,4.0,Hoffenheim,41.0,574.0,91.0,272.0,193.0,113.0,19.0,574.0,12.0,6.0,50.0,5.0,41.7,339.0,1406.0,752.0,12.0,5.0,5.0,18.0,5.0,365.0,35.0,Match Report,2024-04-20,15:30 (06:30),Bundesliga,Matchweek 30,Sat,Away,L,3.0,4.0,Hoffenheim,3,0,0,11,6,1,19,10,6,0.0,0.0,0,43.0,17.0,19.0,47.2,Match Report
2024-04-28,15:30 (06:30),Bundesliga,Matchweek 31,Sun,Home,D,0.0,0.0,Union Berlin,0,13,4,30.8,0.0,0.0,15.4,0.0,0,0,0.9,0.9,0.07,-0.9,-0.9,Match Report,2024-04-28,15:30 (06:30),Bundesliga,Matchweek 31,Sun,Home,D,0.0,0.0,Union Berlin,7,0,7,100.0,1,1.0,1.0,0,0,0,0,4.0,19.0,21.1,44.0,8.0,31.8,30.8,7.0,71.4,56.6,16.0,1.0,6.3,2.0,16.3,Match Report,2024-04-28,15:30 (06:30),Bundesliga,Matchweek 31,Sun,Home,D,0.0,0.0,Union Berlin,450.0,600.0,75.0,7723.0,2630.0,208.0,248.0,83.9,188.0,229.0,82.1,38.0,88.0,43.2,0,0.8,0.7,11.0,12.0,9.0,4.0,26.0,Match Report,2024-04-28,15:30 (06:30),Bundesliga,Matchweek 31,Sun,Home,D,0.0,0.0,Union Berlin,600.0,547.0,53.0,12.0,1.0,1.0,20,30.0,3.0,0.0,3.0,0.0,450.0,0.0,18.0,Match Report,2024-04-28,15:30 (06:30),Bundesliga,Matchweek 31,Sun,Home,D,0.0,0.0,Union Berlin,23.0,17.0,2.0,1.0,2.0,1.0,0.0,0.0,0.0,0.0,0.0,0.0,0.0,0.0,Match Report,2024-04-28,15:30 (06:30),Bundesliga,Matchweek 31,Sun,Home,D,0.0,0.0,Union Berlin,21.0,16,8.0,10.0,3.0,11.0,14.0,78.6,3.0,13.0,2.0,11.0,11,32,22.0,1.0,Match Report,2024-04-28,15:30 (06:30),Bundesliga,Matchweek 31,Sun,Home,D,0.0,0.0,Union Berlin,52.0,708.0,71.0,283.0,296.0,137.0,24.0,708.0,14.0,4.0,28.6,9.0,64.3,431.0,2024.0,963.0,16.0,11.0,6.0,11.0,6.0,448.0,26.0,Match Report,2024-04-28,15:30 (06:30),Bundesliga,Matchweek 31,Sun,Home,D,0.0,0.0,Union Berlin,2,0,0,3,13,0,20,11,16,0.0,0.0,0,47.0,19.0,29.0,39.6,Match Report
2024-05-04,15:30 (06:30),Bundesliga,Matchweek 32,Sat,Away,D,2.0,2.0,Werder Bremen,2,16,5,31.3,0.06,0.2,19.3,0.0,1,1,1.9,1.1,0.07,0.1,-0.1,Match Report,2024-05-04,15:30 (06:30),Bundesliga,Matchweek 32,Sat,Away,D,2.0,2.0,Werder Bremen,6,2,4,66.7,0,1.0,-1.0,0,0,0,0,7.0,17.0,41.2,28.0,6.0,35.7,31.4,14.0,50.0,37.5,19.0,0.0,0.0,1.0,29.0,Match Report,2024-05-04,15:30 (06:30),Bundesliga,Matchweek 32,Sat,Away,D,2.0,2.0,Werder Bremen,440.0,524.0,84.0,7006.0,2767.0,237.0,261.0,90.8,153.0,178.0,86.0,36.0,59.0,61.0,1,1.1,1.1,13.0,25.0,8.0,2.0,37.0,Match Report,2024-05-04,15:30 (06:30),Bundesliga,Matchweek 32,Sat,Away,D,2.0,2.0,Werder Bremen,524.0,485.0,38.0,7.0,1.0,0.0,8,12.0,2.0,1.0,0.0,0.0,440.0,1.0,8.0,Match Report,2024-05-04,15:30 (06:30),Bundesliga,Matchweek 32,Sat,Away,D,2.0,2.0,Werder Bremen,27.0,19.0,2.0,3.0,3.0,0.0,0.0,2.0,1.0,0.0,0.0,1.0,0.0,0.0,Match Report,2024-05-04,15:30 (06:30),Bundesliga,Matchweek 32,Sat,Away,D,2.0,2.0,Werder Bremen,16.0,10,8.0,6.0,2.0,7.0,10.0,70.0,3.0,9.0,3.0,6.0,11,27,32.0,0.0,Match Report,2024-05-04,15:30 (06:30),Bundesliga,Matchweek 32,Sat,Away,D,2.0,2.0,Werder Bremen,44.0,632.0,85.0,221.0,286.0,133.0,21.0,631.0,19.0,11.0,57.9,6.0,31.6,368.0,1879.0,1056.0,26.0,21.0,6.0,9.0,6.0,437.0,37.0,Match Report,2024-05-04,15:30 (06:30),Bundesliga,Matchweek 32,Sat,Away,D,2.0,2.0,Werder Bremen,0,0,0,7,4,1,8,11,10,0.0,0.0,0,43.0,18.0,6.0,75.0,Match Report
2024-05-11,15:30 (06:30),Bundesliga,Matchweek 33,Sat,Home,D,1.0,1.0,Eint Frankfurt,1,6,3,50.0,0.17,0.33,20.6,0.0,0,0,0.4,0.4,0.07,0.6,0.6,Match Report,2024-05-11,15:30 (06:30),Bundesliga,Matchweek 33,Sat,Home,D,1.0,1.0,Eint Frankfurt,2,1,1,50.0,0,0.8,-0.2,0,0,0,0,8.0,21.0,38.1,47.0,8.0,31.9,33.0,10.0,60.0,49.7,16.0,1.0,6.3,4.0,20.7,Match Report,2024-05-11,15:30 (06:30),Bundesliga,Matchweek 33,Sat,Home,D,1.0,1.0,Eint Frankfurt,373.0,470.0,79.4,6454.0,2407.0,176.0,199.0,88.4,152.0,179.0,84.9,35.0,63.0,55.6,1,0.4,0.2,5.0,21.0,3.0,1.0,26.0,Match Report,2024-05-11,15:30 (06:30),Bundesliga,Matchweek 33,Sat,Home,D,1.0,1.0,Eint Frankfurt,470.0,425.0,45.0,13.0,0.0,2.0,10,18.0,2.0,1.0,1.0,0.0,373.0,0.0,12.0,Match Report,2024-05-11,15:30 (06:30),Bundesliga,Matchweek 33,Sat,Home,D,1.0,1.0,Eint Frankfurt,11.0,8.0,1.0,0.0,0.0,1.0,1.0,2.0,1.0,1.0,0.0,0.0,0.0,0.0,Match Report,2024-05-11,15:30 (06:30),Bundesliga,Matchweek 33,Sat,Home,D,1.0,1.0,Eint Frankfurt,25.0,11,9.0,13.0,3.0,11.0,18.0,61.1,7.0,18.0,5.0,13.0,18,43,30.0,0.0,Match Report,2024-05-11,15:30 (06:30),Bundesliga,Matchweek 33,Sat,Home,D,1.0,1.0,Eint Frankfurt,44.0,600.0,95.0,229.0,274.0,103.0,12.0,600.0,15.0,5.0,33.3,10.0,66.7,329.0,1507.0,811.0,11.0,14.0,4.0,14.0,10.0,370.0,25.0,Match Report,2024-05-11,15:30 (06:30),Bundesliga,Matchweek 33,Sat,Home,D,1.0,1.0,Eint Frankfurt,1,0,0,9,10,0,10,18,11,0.0,0.0,0,43.0,7.0,12.0,36.8,Match Report
2024-05-18,15:30 (06:30),Bundesliga,Matchweek 34,Sat,Away,L,0.0,4.0,Stuttgart,0,14,5,35.7,0.0,0.0,16.4,0.0,0,0,1.3,1.3,0.1,-1.3,-1.3,Match Report,2024-05-18,15:30 (06:30),Bundesliga,Matchweek 34,Sat,Away,L,0.0,4.0,Stuttgart,11,4,7,63.6,0,1.8,-2.2,0,0,0,0,6.0,12.0,50.0,36.0,4.0,33.3,34.1,6.0,0.0,19.2,8.0,1.0,12.5,1.0,10.3,Match Report,2024-05-18,15:30 (06:30),Bundesliga,Matchweek 34,Sat,Away,L,0.0,4.0,Stuttgart,435.0,495.0,87.9,7361.0,2536.0,198.0,209.0,94.7,200.0,218.0,91.7,26.0,50.0,52.0,0,1.1,1.3,11.0,15.0,10.0,1.0,29.0,Match Report,2024-05-18,15:30 (06:30),Bundesliga,Matchweek 34,Sat,Away,L,0.0,4.0,Stuttgart,495.0,461.0,33.0,4.0,4.0,1.0,11,14.0,4.0,1.0,2.0,0.0,435.0,1.0,4.0,Match Report,2024-05-18,15:30 (06:30),Bundesliga,Matchweek 34,Sat,Away,L,0.0,4.0,Stuttgart,25.0,20.0,0.0,3.0,1.0,0.0,1.0,0.0,0.0,0.0,0.0,0.0,0.0,0.0,Match Report,2024-05-18,15:30 (06:30),Bundesliga,Matchweek 34,Sat,Away,L,0.0,4.0,Stuttgart,16.0,11,7.0,8.0,1.0,10.0,23.0,43.5,13.0,7.0,3.0,4.0,9,25,17.0,0.0,Match Report,2024-05-18,15:30 (06:30),Bundesliga,Matchweek 34,Sat,Away,L,0.0,4.0,Stuttgart,40.0,587.0,72.0,200.0,294.0,99.0,24.0,587.0,13.0,6.0,46.2,6.0,46.2,379.0,1962.0,1004.0,12.0,13.0,4.0,13.0,11.0,433.0,29.0,Match Report,2024-05-18,15:30 (06:30),Bundesliga,Matchweek 34,Sat,Away,L,0.0,4.0,Stuttgart,2,0,0,9,4,1,11,9,11,0.0,0.0,0,35.0,8.0,5.0,61.5,Match Report
,,,,,,--,,,,67,520,166,31.9,0.12,0.37,17.1,4.0,5,6,,,0.1,67.0,62.0,,,,,,,,--,,,,215,70,145,70.2,6,58.4,-8.6,6,6,0,0,144.0,405.0,35.6,1130.0,177.0,26.9,30.2,266.0,38.0,33.6,538.0,28.0,5.2,34.0,13.7,,,,,,,,--,,,,13544.0,16946.0,79.9,232267.0,84618.0,6222.0,7073.0,88.0,5785.0,6704.0,86.3,1162.0,2210.0,52.6,54,,,374.0,801.0,261.0,83.0,1227.0,,,,,,,,--,,,,16946.0,15325.0,1568.0,414.0,45.0,67.0,649,615.0,174.0,62.0,87.0,1.0,13544.0,53.0,330.0,,,,,,,,--,,,,806.0,572.0,85.0,47.0,59.0,29.0,14.0,98.0,71.0,9.0,4.0,8.0,4.0,2.0,,,,,,,,--,,,,582.0,368,291.0,247.0,44.0,287.0,534.0,53.7,247.0,465.0,168.0,297.0,375,915,860.0,15.0,,,,,,,,--,,,,,20954.0,2559.0,7900.0,9058.0,4189.0,720.0,20948.0,550.0,237.0,43.1,261.0,47.5,12077.0,60157.0,30940.0,598.0,435.0,153.0,429.0,320.0,13427.0,1217.0,,,,,,,,--,,,,68,2,1,379,408,63,649,375,368,4.0,6.0,0,1701.0,485.0,478.0,50.4,
