For Alavés_Date,For Alavés_Time,For Alavés_Comp,For Alavés_Round,For Alavés_Day,For Alavés_Venue,For Alavés_Result,For Alavés_GF,For Alavés_GA,For Alavés_Opponent,Standard_Gls,Standard_Sh,Standard_SoT,Standard_SoT%,Standard_G/Sh,Standard_G/SoT,Standard_Dist,Standard_FK,Standard_PK,Standard_PKatt,Expected_xG,Expected_npxG,Expected_npxG/Sh,Expected_G-xG,Expected_np:G-xG,Match Report,For Alavés_Date,For Alavés_Time,For Alavés_Comp,For Alavés_Round,For Alavés_Day,For Alavés_Venue,For Alavés_Result,For Alavés_GF,For Alavés_GA,For Alavés_Opponent,Performance_SoTA,Performance_GA,Performance_Saves,Performance_Save%,Performance_CS,Performance_PSxG,Performance_PSxG+/-,Penalty Kicks_PKatt,Penalty Kicks_PKA,Penalty Kicks_PKsv,Penalty Kicks_PKm,Launched_Cmp,Launched_Att,Launched_Cmp%,Passes_Att (GK),Passes_Thr,Passes_Launch%,Passes_AvgLen,Goal Kicks_Att,Goal Kicks_Launch%,Goal Kicks_AvgLen,Crosses_Opp,Crosses_Stp,Crosses_Stp%,Sweeper_#OPA,Sweeper_AvgDist,Match Report,For Alavés_Date,For Alavés_Time,For Alavés_Comp,For Alavés_Round,For Alavés_Day,For Alavés_Venue,For Alavés_Result,For Alavés_GF,For Alavés_GA,For Alavés_Opponent,Total_Cmp,Total_Att,Total_Cmp%,Total_TotDist,Total_PrgDist,Short_Cmp,Short_Att,Short_Cmp%,Medium_Cmp,Medium_Att,Medium_Cmp%,Long_Cmp,Long_Att,Long_Cmp%,Ast,xAG,xA,KP,1/3,PPA,CrsPA,PrgP,Match Report,For Alavés_Date,For Alavés_Time,For Alavés_Comp,For Alavés_Round,For Alavés_Day,For Alavés_Venue,For Alavés_Result,For Alavés_GF,For Alavés_GA,For Alavés_Opponent,For Alavés_Att,Pass Types_Live,Pass Types_Dead,Pass Types_FK,Pass Types_TB,Pass Types_Sw,Pass Types_Crs,Pass Types_TI,Pass Types_CK,Corner Kicks_In,Corner Kicks_Out,Corner Kicks_Str,Outcomes_Cmp,Outcomes_Off,Outcomes_Blocks,Match Report,For Alavés_Date,For Alavés_Time,For Alavés_Comp,For Alavés_Round,For Alavés_Day,For Alavés_Venue,For Alavés_Result,For Alavés_GF,For Alavés_GA,For Alavés_Opponent,SCA Types_SCA,SCA Types_PassLive,SCA Types_PassDead,SCA Types_TO,SCA Types_Sh,SCA Types_Fld,SCA Types_Def,GCA Types_GCA,GCA Types_PassLive,GCA Types_PassDead,GCA Types_TO,GCA Types_Sh,GCA Types_Fld,GCA Types_Def,Match Report,For Alavés_Date,For Alavés_Time,For Alavés_Comp,For Alavés_Round,For Alavés_Day,For Alavés_Venue,For Alavés_Result,For Alavés_GF,For Alavés_GA,For Alavés_Opponent,Tackles_Tkl,Tackles_TklW,Tackles_Def 3rd,Tackles_Mid 3rd,Tackles_Att 3rd,Challenges_Tkl,Challenges_Att,Challenges_Tkl%,Challenges_Lost,Blocks_Blocks,Blocks_Sh,Blocks_Pass,Int,Tkl+Int,Clr,Err,Match Report,For Alavés_Date,For Alavés_Time,For Alavés_Comp,For Alavés_Round,For Alavés_Day,For Alavés_Venue,For Alavés_Result,For Alavés_GF,For Alavés_GA,For Alavés_Opponent,For Alavés_Poss,Touches_Touches,Touches_Def Pen,Touches_Def 3rd,Touches_Mid 3rd,Touches_Att 3rd,Touches_Att Pen,Touches_Live,Take-Ons_Att,Take-Ons_Succ,Take-Ons_Succ%,Take-Ons_Tkld,Take-Ons_Tkld%,Carries_Carries,Carries_TotDist,Carries_PrgDist,Carries_PrgC,Carries_1/3,Carries_CPA,Carries_Mis,Carries_Dis,Receiving_Rec,Receiving_PrgR,Match Report,For Alavés_Date,For Alavés_Time,For Alavés_Comp,For Alavés_Round,For Alavés_Day,For Alavés_Venue,For Alavés_Result,For Alavés_GF,For Alavés_GA,For Alavés_Opponent,Performance_CrdY,Performance_CrdR,Performance_2CrdY,Performance_Fls,Performance_Fld,Performance_Off,Performance_Crs,Performance_Int,Performance_TklW,Performance_PKwon,Performance_PKcon,Performance_OG,Performance_Recov,Aerial Duels_Won,Aerial Duels_Lost,Aerial Duels_Won%,Match Report
2023-08-14,19:30 (10:30),La Liga,Matchweek 1,Mon,Away,L,0,1,Cádiz,0,10,2,20.0,0.00,0.00,22.1,0,0,0,0.3,0.3,0.03,-0.3,-0.3,Match Report,2023-08-14,19:30 (10:30),La Liga,Matchweek 1,Mon,Away,L,0,1,Cádiz,3,1,2,66.7,0,0.4,-0.6,0,0,0,0,6,19,31.6,23,4,65.2,42.1,7,57.1,44.9,10,3,30.0,0,6.8,Match Report,2023-08-14,19:30 (10:30),La Liga,Matchweek 1,Mon,Away,L,0,1,Cádiz,302,417,72.4,5711,2247,126,154,81.8,118,153,77.1,48,85,56.5,0,0.2,0.4,8,29,6,2,36,Match Report,2023-08-14,19:30 (10:30),La Liga,Matchweek 1,Mon,Away,L,0,1,Cádiz,417,359,56,21,0,5,24,22,4,0,1,0,302,2,9,Match Report,2023-08-14,19:30 (10:30),La Liga,Matchweek 1,Mon,Away,L,0,1,Cádiz,17,12,2,1,1,1,0,0,0,0,0,0,0,0,Match Report,2023-08-14,19:30 (10:30),La Liga,Matchweek 1,Mon,Away,L,0,1,Cádiz,9,6,3,5,1,2,9,22.2,7,6,3,3,11,20,14,0,Match Report,2023-08-14,19:30 (10:30),La Liga,Matchweek 1,Mon,Away,L,0,1,Cádiz,55,495,41,130,226,145,14,495,10,7,70.0,3,30.0,253,1544,805,16,15,1,14,10,299,36,Match Report,2023-08-14,19:30 (10:30),La Liga,Matchweek 1,Mon,Away,L,0,1,Cádiz,2,0,0,15,19,2,24,11,6,0,0,0,54,26,19,57.8,Match Report
2023-08-21,19:00 (10:00),La Liga,Matchweek 2,Mon,Home,W,4,3,Sevilla,4,14,7,50.0,0.29,0.57,16.1,1,0,0,1.8,1.8,0.13,+2.2,+2.2,Match Report,2023-08-21,19:00 (10:00),La Liga,Matchweek 2,Mon,Home,W,4,3,Sevilla,2,3,0,-50.0,0,0.9,-1.1,0,0,0,0,8,16,50.0,16,3,62.5,46.6,10,60.0,42.3,19,0,0.0,0,8.0,Match Report,2023-08-21,19:00 (10:00),La Liga,Matchweek 2,Mon,Home,W,4,3,Sevilla,194,313,62.0,3838,1873,87,118,73.7,69,109,63.3,32,67,47.8,4,1.6,1.0,12,17,9,5,31,Match Report,2023-08-21,19:00 (10:00),La Liga,Matchweek 2,Mon,Home,W,4,3,Sevilla,313,260,53,13,1,5,20,22,4,1,0,0,194,0,3,Match Report,2023-08-21,19:00 (10:00),La Liga,Matchweek 2,Mon,Home,W,4,3,Sevilla,26,21,0,2,1,2,0,8,7,0,1,0,0,0,Match Report,2023-08-21,19:00 (10:00),La Liga,Matchweek 2,Mon,Home,W,4,3,Sevilla,17,9,11,6,0,6,19,31.6,13,10,6,4,2,19,27,0,Match Report,2023-08-21,19:00 (10:00),La Liga,Matchweek 2,Mon,Home,W,4,3,Sevilla,34,426,51,150,162,114,18,426,12,4,33.3,7,58.3,142,711,361,9,3,3,15,7,192,31,Match Report,2023-08-21,19:00 (10:00),La Liga,Matchweek 2,Mon,Home,W,4,3,Sevilla,1,0,0,14,12,0,20,2,9,0,0,1,48,16,18,47.1,Match Report
2023-08-28,19:30 (10:30),La Liga,Matchweek 3,Mon,Away,L,0,1,Getafe,0,16,1,6.3,0.00,0.00,18.9,0,0,0,0.7,0.7,0.04,-0.7,-0.7,Match Report,2023-08-28,19:30 (10:30),La Liga,Matchweek 3,Mon,Away,L,0,1,Getafe,4,1,3,100.0,0,1.2,+0.2,1,1,0,0,7,23,30.4,31,6,54.8,43.4,11,54.5,37.8,11,1,9.1,2,15.5,Match Report,2023-08-28,19:30 (10:30),La Liga,Matchweek 3,Mon,Away,L,0,1,Getafe,270,401,67.3,5209,2264,127,152,83.6,96,131,73.3,43,100,43.0,0,0.5,0.6,11,23,7,3,31,Match Report,2023-08-28,19:30 (10:30),La Liga,Matchweek 3,Mon,Away,L,0,1,Getafe,401,336,62,13,0,2,24,31,5,1,1,0,270,3,6,Match Report,2023-08-28,19:30 (10:30),La Liga,Matchweek 3,Mon,Away,L,0,1,Getafe,29,16,5,0,3,3,2,0,0,0,0,0,0,0,Match Report,2023-08-28,19:30 (10:30),La Liga,Matchweek 3,Mon,Away,L,0,1,Getafe,16,13,6,8,2,10,14,71.4,4,5,2,3,8,24,18,1,Match Report,2023-08-28,19:30 (10:30),La Liga,Matchweek 3,Mon,Away,L,0,1,Getafe,53,510,55,164,217,130,17,510,9,4,44.4,4,44.4,224,1301,695,11,7,4,14,3,267,31,Match Report,2023-08-28,19:30 (10:30),La Liga,Matchweek 3,Mon,Away,L,0,1,Getafe,2,0,0,15,13,3,24,8,13,0,1,0,53,24,28,46.2,Match Report
2023-09-02,18:30 (09:30),La Liga,Matchweek 4,Sat,Home,W,1,0,Valencia,0,6,0,0.0,0.00,,15.9,0,0,1,1.3,0.5,0.09,-1.3,-0.5,Match Report,2023-09-02,18:30 (09:30),La Liga,Matchweek 4,Sat,Home,W,1,0,Valencia,4,0,4,100.0,1,0.9,+0.9,0,0,0,0,11,22,50.0,28,3,53.6,41.4,12,58.3,43.8,10,0,0.0,0,8.7,Match Report,2023-09-02,18:30 (09:30),La Liga,Matchweek 4,Sat,Home,W,1,0,Valencia,246,357,68.9,4514,2245,121,144,84.0,88,120,73.3,30,71,42.3,0,0.5,0.7,6,26,2,2,28,Match Report,2023-09-02,18:30 (09:30),La Liga,Matchweek 4,Sat,Home,W,1,0,Valencia,357,304,50,8,2,3,16,28,1,0,1,0,246,3,9,Match Report,2023-09-02,18:30 (09:30),La Liga,Matchweek 4,Sat,Home,W,1,0,Valencia,12,7,2,1,0,2,0,0,0,0,0,0,0,0,Match Report,2023-09-02,18:30 (09:30),La Liga,Matchweek 4,Sat,Home,W,1,0,Valencia,13,9,6,6,1,7,19,36.8,12,9,2,7,3,16,18,0,Match Report,2023-09-02,18:30 (09:30),La Liga,Matchweek 4,Sat,Home,W,1,0,Valencia,40,455,58,144,186,130,19,454,21,10,47.6,7,33.3,251,1144,555,12,9,6,16,10,243,28,Match Report,2023-09-02,18:30 (09:30),La Liga,Matchweek 4,Sat,Home,W,1,0,Valencia,5,0,0,18,9,3,16,3,9,1,0,0,47,12,9,57.1,Match Report
2023-09-15,21:00 (12:00),La Liga,Matchweek 5,Fri,Away,L,0,2,Rayo Vallecano,0,9,1,11.1,0.00,0.00,16.1,1,0,0,0.7,0.7,0.07,-0.7,-0.7,Match Report,2023-09-15,21:00 (12:00),La Liga,Matchweek 5,Fri,Away,L,0,2,Rayo Vallecano,11,2,9,90.9,0,3.6,+1.6,1,1,0,0,15,25,60.0,24,1,75.0,49.6,9,77.8,53.2,14,0,0.0,0,12.0,Match Report,2023-09-15,21:00 (12:00),La Liga,Matchweek 5,Fri,Away,L,0,2,Rayo Vallecano,290,411,70.6,5855,2790,124,155,80.0,114,149,76.5,46,88,52.3,0,0.5,0.9,8,30,10,7,44,Match Report,2023-09-15,21:00 (12:00),La Liga,Matchweek 5,Fri,Away,L,0,2,Rayo Vallecano,411,352,58,14,0,2,28,29,3,0,2,0,290,1,9,Match Report,2023-09-15,21:00 (12:00),La Liga,Matchweek 5,Fri,Away,L,0,2,Rayo Vallecano,17,10,2,3,1,1,0,0,0,0,0,0,0,0,Match Report,2023-09-15,21:00 (12:00),La Liga,Matchweek 5,Fri,Away,L,0,2,Rayo Vallecano,21,11,9,11,1,6,19,31.6,13,9,3,6,5,26,19,0,Match Report,2023-09-15,21:00 (12:00),La Liga,Matchweek 5,Fri,Away,L,0,2,Rayo Vallecano,49,514,64,141,257,119,18,514,16,10,62.5,5,31.3,204,1260,685,14,10,5,19,10,283,43,Match Report,2023-09-15,21:00 (12:00),La Liga,Matchweek 5,Fri,Away,L,0,2,Rayo Vallecano,3,0,0,14,15,1,28,5,11,0,1,0,60,22,10,68.8,Match Report
2023-09-22,21:00 (12:00),La Liga,Matchweek 6,Fri,Home,L,0,2,Athletic Club,0,15,5,33.3,0.00,0.00,15.4,0,0,0,1.1,1.1,0.08,-1.1,-1.1,Match Report,2023-09-22,21:00 (12:00),La Liga,Matchweek 6,Fri,Home,L,0,2,Athletic Club,3,2,1,33.3,0,1.2,-0.8,0,0,0,0,12,22,54.5,27,3,63.0,43.1,12,41.7,35.2,9,0,0.0,2,26.0,Match Report,2023-09-22,21:00 (12:00),La Liga,Matchweek 6,Fri,Home,L,0,2,Athletic Club,294,422,69.7,5656,2539,127,154,82.5,113,154,73.4,42,82,51.2,0,0.9,0.6,10,23,5,0,29,Match Report,2023-09-22,21:00 (12:00),La Liga,Matchweek 6,Fri,Home,L,0,2,Athletic Club,422,366,52,9,0,3,17,25,3,1,0,0,294,4,13,Match Report,2023-09-22,21:00 (12:00),La Liga,Matchweek 6,Fri,Home,L,0,2,Athletic Club,28,20,2,1,3,0,2,0,0,0,0,0,0,0,Match Report,2023-09-22,21:00 (12:00),La Liga,Matchweek 6,Fri,Home,L,0,2,Athletic Club,18,8,6,11,1,7,14,50.0,7,17,2,15,8,26,19,0,Match Report,2023-09-22,21:00 (12:00),La Liga,Matchweek 6,Fri,Home,L,0,2,Athletic Club,44,542,58,168,247,130,19,542,14,6,42.9,6,42.9,233,1086,595,13,8,3,18,7,291,29,Match Report,2023-09-22,21:00 (12:00),La Liga,Matchweek 6,Fri,Home,L,0,2,Athletic Club,3,0,0,13,9,4,17,8,8,0,0,0,72,16,16,50.0,Match Report
2023-09-28,19:00 (10:00),La Liga,Matchweek 7,Thu,Away,D,1,1,Celta Vigo,1,21,9,42.9,0.05,0.11,14.9,1,0,0,2.6,2.6,0.12,-1.6,-1.6,Match Report,2023-09-28,19:00 (10:00),La Liga,Matchweek 7,Thu,Away,D,1,1,Celta Vigo,0,1,0,,0,0.0,0.0,0,0,0,0,3,9,33.3,19,5,36.8,35.1,6,33.3,29.7,6,1,16.7,4,23.6,Match Report,2023-09-28,19:00 (10:00),La Liga,Matchweek 7,Thu,Away,D,1,1,Celta Vigo,409,497,82.3,7326,2709,185,199,93.0,160,188,85.1,54,82,65.9,1,1.7,1.7,15,42,14,3,49,Match Report,2023-09-28,19:00 (10:00),La Liga,Matchweek 7,Thu,Away,D,1,1,Celta Vigo,497,452,43,8,0,1,28,19,8,2,3,0,409,2,13,Match Report,2023-09-28,19:00 (10:00),La Liga,Matchweek 7,Thu,Away,D,1,1,Celta Vigo,38,29,4,3,2,0,0,2,1,0,1,0,0,0,Match Report,2023-09-28,19:00 (10:00),La Liga,Matchweek 7,Thu,Away,D,1,1,Celta Vigo,12,9,6,5,1,7,15,46.7,8,9,4,5,5,17,15,0,Match Report,2023-09-28,19:00 (10:00),La Liga,Matchweek 7,Thu,Away,D,1,1,Celta Vigo,54,618,40,166,278,181,37,618,26,13,50.0,8,30.8,322,1616,868,22,8,9,19,4,404,49,Match Report,2023-09-28,19:00 (10:00),La Liga,Matchweek 7,Thu,Away,D,1,1,Celta Vigo,3,0,0,11,8,2,28,5,9,0,0,1,51,17,12,58.6,Match Report
2023-10-01,16:15 (07:15),La Liga,Matchweek 8,Sun,Home,L,0,2,Osasuna,0,17,3,17.6,0.00,0.00,18.7,1,0,0,1.5,1.5,0.09,-1.5,-1.5,Match Report,2023-10-01,16:15 (07:15),La Liga,Matchweek 8,Sun,Home,L,0,2,Osasuna,3,2,1,33.3,0,1.5,-0.5,0,0,0,0,7,20,35.0,29,7,62.1,44.0,8,25.0,23.9,10,1,10.0,4,23.4,Match Report,2023-10-01,16:15 (07:15),La Liga,Matchweek 8,Sun,Home,L,0,2,Osasuna,288,410,70.2,5199,2239,143,161,88.8,104,142,73.2,36,81,44.4,0,1.4,1.1,13,25,9,4,30,Match Report,2023-10-01,16:15 (07:15),La Liga,Matchweek 8,Sun,Home,L,0,2,Osasuna,410,357,48,13,1,3,26,20,4,1,2,0,288,5,6,Match Report,2023-10-01,16:15 (07:15),La Liga,Matchweek 8,Sun,Home,L,0,2,Osasuna,32,19,4,6,0,2,1,0,0,0,0,0,0,0,Match Report,2023-10-01,16:15 (07:15),La Liga,Matchweek 8,Sun,Home,L,0,2,Osasuna,12,10,5,4,3,5,13,38.5,8,7,2,5,9,21,18,0,Match Report,2023-10-01,16:15 (07:15),La Liga,Matchweek 8,Sun,Home,L,0,2,Osasuna,46,501,48,150,213,147,20,501,17,10,58.8,5,29.4,284,1528,899,19,8,4,11,1,283,29,Match Report,2023-10-01,16:15 (07:15),La Liga,Matchweek 8,Sun,Home,L,0,2,Osasuna,2,1,0,13,12,5,26,9,10,0,0,0,55,23,18,56.1,Match Report
2023-10-08,18:30 (09:30),La Liga,Matchweek 9,Sun,Home,D,1,1,Betis,0,15,5,33.3,0.00,0.00,16.7,2,0,0,1.3,1.3,0.09,-1.3,-1.3,Match Report,2023-10-08,18:30 (09:30),La Liga,Matchweek 9,Sun,Home,D,1,1,Betis,2,1,1,50.0,0,1.0,0.0,0,0,0,0,2,11,18.2,19,4,47.4,41.8,6,33.3,29.0,12,0,0.0,0,,Match Report,2023-10-08,18:30 (09:30),La Liga,Matchweek 9,Sun,Home,D,1,1,Betis,285,389,73.3,5015,2159,144,171,84.2,104,130,80.0,29,62,46.8,0,0.9,0.9,11,27,11,5,39,Match Report,2023-10-08,18:30 (09:30),La Liga,Matchweek 9,Sun,Home,D,1,1,Betis,389,344,44,8,2,2,23,23,5,1,0,0,285,1,10,Match Report,2023-10-08,18:30 (09:30),La Liga,Matchweek 9,Sun,Home,D,1,1,Betis,30,18,5,3,0,4,0,0,0,0,0,0,0,0,Match Report,2023-10-08,18:30 (09:30),La Liga,Matchweek 9,Sun,Home,D,1,1,Betis,11,6,3,5,3,7,20,35.0,13,13,1,12,11,22,17,0,Match Report,2023-10-08,18:30 (09:30),La Liga,Matchweek 9,Sun,Home,D,1,1,Betis,40,492,60,176,182,144,19,492,20,13,65.0,5,25.0,251,1567,795,18,18,4,14,5,281,39,Match Report,2023-10-08,18:30 (09:30),La Liga,Matchweek 9,Sun,Home,D,1,1,Betis,3,0,0,13,9,1,23,11,6,0,0,0,59,10,5,66.7,Match Report
2023-10-22,18:30 (09:30),La Liga,Matchweek 10,Sun,Away,D,1,1,Villarreal,1,16,7,43.8,0.06,0.14,21.1,1,0,0,1.7,1.7,0.10,-0.7,-0.7,Match Report,2023-10-22,18:30 (09:30),La Liga,Matchweek 10,Sun,Away,D,1,1,Villarreal,3,1,2,100.0,0,1.1,+0.1,1,1,0,0,6,27,22.2,27,2,85.2,56.6,4,100.0,58.3,27,1,3.7,0,2.5,Match Report,2023-10-22,18:30 (09:30),La Liga,Matchweek 10,Sun,Away,D,1,1,Villarreal,200,299,66.9,3759,1649,94,117,80.3,70,93,75.3,27,66,40.9,1,1.0,0.8,10,15,7,1,28,Match Report,2023-10-22,18:30 (09:30),La Liga,Matchweek 10,Sun,Away,D,1,1,Villarreal,299,255,43,16,2,8,15,18,3,2,0,0,200,1,6,Match Report,2023-10-22,18:30 (09:30),La Liga,Matchweek 10,Sun,Away,D,1,1,Villarreal,24,17,1,3,1,1,1,2,2,0,0,0,0,0,Match Report,2023-10-22,18:30 (09:30),La Liga,Matchweek 10,Sun,Away,D,1,1,Villarreal,26,19,15,9,2,12,18,66.7,6,8,5,3,9,35,26,0,Match Report,2023-10-22,18:30 (09:30),La Liga,Matchweek 10,Sun,Away,D,1,1,Villarreal,32,416,62,157,159,109,17,416,10,6,60.0,4,40.0,161,1002,480,15,11,4,15,6,197,28,Match Report,2023-10-22,18:30 (09:30),La Liga,Matchweek 10,Sun,Away,D,1,1,Villarreal,3,0,0,10,13,1,15,9,19,0,1,0,49,7,17,29.2,Match Report
2023-10-29,21:00 (13:00),La Liga,Matchweek 11,Sun,Away,L,1,2,Atlético Madrid,1,8,1,12.5,0.13,1.00,17.4,0,0,0,0.5,0.5,0.06,+0.5,+0.5,Match Report,2023-10-29,21:00 (13:00),La Liga,Matchweek 11,Sun,Away,L,1,2,Atlético Madrid,7,2,5,71.4,0,2.1,+0.1,0,0,0,0,7,20,35.0,29,5,55.2,44.7,8,50.0,40.9,13,0,0.0,5,24.2,Match Report,2023-10-29,21:00 (13:00),La Liga,Matchweek 11,Sun,Away,L,1,2,Atlético Madrid,352,448,78.6,6420,2285,152,164,92.7,168,192,87.5,31,71,43.7,1,0.3,0.4,4,37,4,1,48,Match Report,2023-10-29,21:00 (13:00),La Liga,Matchweek 11,Sun,Away,L,1,2,Atlético Madrid,448,400,47,15,0,3,27,17,4,2,0,0,352,1,11,Match Report,2023-10-29,21:00 (13:00),La Liga,Matchweek 11,Sun,Away,L,1,2,Atlético Madrid,13,9,1,0,1,1,1,2,2,0,0,0,0,0,Match Report,2023-10-29,21:00 (13:00),La Liga,Matchweek 11,Sun,Away,L,1,2,Atlético Madrid,11,6,6,4,1,7,12,58.3,5,7,1,6,6,17,18,0,Match Report,2023-10-29,21:00 (13:00),La Liga,Matchweek 11,Sun,Away,L,1,2,Atlético Madrid,37,546,70,166,251,132,13,546,16,5,31.3,8,50.0,340,1769,867,13,9,3,13,6,349,47,Match Report,2023-10-29,21:00 (13:00),La Liga,Matchweek 11,Sun,Away,L,1,2,Atlético Madrid,2,0,0,11,10,1,27,6,6,0,0,0,52,6,11,35.3,Match Report
2023-11-02,21:00 (13:00),Copa del Rey,First round,Thu,Away,W,10,0,Deportivo Murcia,10,29,16,55.2,0.34,0.63,,,0,0,,,,,,Match Report,2023-11-02,21:00 (13:00),Copa del Rey,First round,Thu,Away,W,10,0,Deportivo Murcia,3,0,3,100.0,1,,,0,0,0,0,,,,,,,,,,,,,,,,Match Report,2023-11-02,21:00 (13:00),Copa del Rey,First round,Thu,Away,W,10,0,Deportivo Murcia,,,,,,,,,,,,,,,8,,,,,,,,Match Report,2023-11-02,21:00 (13:00),Copa del Rey,First round,Thu,Away,W,10,0,Deportivo Murcia,,,,,,,24,,,,,,,,,Match Report,2023-11-02,21:00 (13:00),Copa del Rey,First round,Thu,Away,W,10,0,Deportivo Murcia,,,,,,,,,,,,,,,Match Report,2023-11-02,21:00 (13:00),Copa del Rey,First round,Thu,Away,W,10,0,Deportivo Murcia,,15,,,,,,,,,,,5,0,,,Match Report,2023-11-02,21:00 (13:00),Copa del Rey,First round,Thu,Away,W,10,0,Deportivo Murcia,63,,,,,,,,,,,,,,,,,,,,,,,Match Report,2023-11-02,21:00 (13:00),Copa del Rey,First round,Thu,Away,W,10,0,Deportivo Murcia,3,0,0,17,6,3,24,5,15,,,0,,,,,Match Report
2023-11-05,14:00 (05:00),La Liga,Matchweek 12,Sun,Home,W,1,0,Almería,1,22,3,13.6,0.05,0.33,16.4,0,0,1,2.4,1.6,0.07,-1.4,-0.6,Match Report,2023-11-05,14:00 (05:00),La Liga,Matchweek 12,Sun,Home,W,1,0,Almería,3,0,3,100.0,1,0.5,+0.5,0,0,0,0,6,13,46.2,19,1,52.6,45.4,7,42.9,27.3,12,0,0.0,0,16.0,Match Report,2023-11-05,14:00 (05:00),La Liga,Matchweek 12,Sun,Home,W,1,0,Almería,296,401,73.8,5169,2306,158,180,87.8,99,134,73.9,31,60,51.7,0,1.4,2.0,18,33,16,5,46,Match Report,2023-11-05,14:00 (05:00),La Liga,Matchweek 12,Sun,Home,W,1,0,Almería,401,333,67,14,0,4,32,33,12,2,5,0,296,1,10,Match Report,2023-11-05,14:00 (05:00),La Liga,Matchweek 12,Sun,Home,W,1,0,Almería,41,32,4,1,3,1,0,1,0,0,0,1,0,0,Match Report,2023-11-05,14:00 (05:00),La Liga,Matchweek 12,Sun,Home,W,1,0,Almería,14,12,4,8,2,9,13,69.2,4,9,1,8,11,25,17,0,Match Report,2023-11-05,14:00 (05:00),La Liga,Matchweek 12,Sun,Home,W,1,0,Almería,56,514,43,122,192,204,43,513,9,4,44.4,4,44.4,288,1582,834,23,17,6,10,16,291,46,Match Report,2023-11-05,14:00 (05:00),La Liga,Matchweek 12,Sun,Home,W,1,0,Almería,2,0,0,13,13,1,32,11,12,1,0,0,48,11,17,39.3,Match Report
2023-11-12,16:15 (07:15),La Liga,Matchweek 13,Sun,Away,L,1,2,Barcelona,1,8,1,12.5,0.13,1.00,14.0,0,0,0,1.7,1.7,0.21,-0.7,-0.7,Match Report,2023-11-12,16:15 (07:15),La Liga,Matchweek 13,Sun,Away,L,1,2,Barcelona,6,2,4,83.3,0,2.2,+0.2,1,1,0,0,12,31,38.7,23,3,78.3,48.0,13,100.0,63.8,19,1,5.3,2,21.7,Match Report,2023-11-12,16:15 (07:15),La Liga,Matchweek 13,Sun,Away,L,1,2,Barcelona,209,317,65.9,4034,2175,107,129,82.9,72,92,78.3,26,75,34.7,1,1.1,0.7,6,24,8,2,23,Match Report,2023-11-12,16:15 (07:15),La Liga,Matchweek 13,Sun,Away,L,1,2,Barcelona,317,277,38,13,0,3,9,8,1,0,1,0,209,2,9,Match Report,2023-11-12,16:15 (07:15),La Liga,Matchweek 13,Sun,Away,L,1,2,Barcelona,16,16,0,0,0,0,0,2,2,0,0,0,0,0,Match Report,2023-11-12,16:15 (07:15),La Liga,Matchweek 13,Sun,Away,L,1,2,Barcelona,11,5,6,4,1,8,23,34.8,15,11,0,11,6,17,27,0,Match Report,2023-11-12,16:15 (07:15),La Liga,Matchweek 13,Sun,Away,L,1,2,Barcelona,29,417,70,171,176,80,17,417,19,13,68.4,6,31.6,209,1095,532,8,5,2,7,10,208,23,Match Report,2023-11-12,16:15 (07:15),La Liga,Matchweek 13,Sun,Away,L,1,2,Barcelona,1,0,0,10,10,2,9,6,5,0,1,0,52,17,14,54.8,Match Report
2023-11-24,21:00 (12:00),La Liga,Matchweek 14,Fri,Home,W,3,1,Granada,2,8,5,62.5,0.25,0.40,18.6,0,0,0,0.8,0.8,0.10,+1.2,+1.2,Match Report,2023-11-24,21:00 (12:00),La Liga,Matchweek 14,Fri,Home,W,3,1,Granada,4,1,3,100.0,0,1.5,+0.5,1,1,0,0,4,14,28.6,22,1,59.1,39.8,5,20.0,29.2,12,0,0.0,1,22.0,Match Report,2023-11-24,21:00 (12:00),La Liga,Matchweek 14,Fri,Home,W,3,1,Granada,284,387,73.4,4900,2069,142,168,84.5,103,125,82.4,32,70,45.7,2,0.7,0.4,6,28,3,1,28,Match Report,2023-11-24,21:00 (12:00),La Liga,Matchweek 14,Fri,Home,W,3,1,Granada,387,337,48,14,3,4,17,21,6,4,1,0,284,2,9,Match Report,2023-11-24,21:00 (12:00),La Liga,Matchweek 14,Fri,Home,W,3,1,Granada,16,14,0,2,0,0,0,4,4,0,0,0,0,0,Match Report,2023-11-24,21:00 (12:00),La Liga,Matchweek 14,Fri,Home,W,3,1,Granada,21,13,9,11,1,12,26,46.2,14,12,5,7,8,29,26,0,Match Report,2023-11-24,21:00 (12:00),La Liga,Matchweek 14,Fri,Home,W,3,1,Granada,43,510,53,171,227,119,13,510,22,11,50.0,9,40.9,192,1470,960,18,10,3,15,13,281,28,Match Report,2023-11-24,21:00 (12:00),La Liga,Matchweek 14,Fri,Home,W,3,1,Granada,1,0,0,10,11,2,17,8,13,0,1,0,57,8,16,33.3,Match Report
2023-12-03,14:00 (05:00),La Liga,Matchweek 15,Sun,Away,D,0,0,Mallorca,0,7,4,57.1,0.00,0.00,23.6,1,0,0,0.3,0.3,0.05,-0.3,-0.3,Match Report,2023-12-03,14:00 (05:00),La Liga,Matchweek 15,Sun,Away,D,0,0,Mallorca,3,0,3,100.0,1,1.1,+1.1,0,0,0,0,9,18,50.0,18,2,61.1,46.1,8,87.5,55.8,25,2,8.0,0,7.0,Match Report,2023-12-03,14:00 (05:00),La Liga,Matchweek 15,Sun,Away,D,0,0,Mallorca,220,327,67.3,4137,1741,87,112,77.7,91,121,75.2,30,65,46.2,0,0.3,0.3,5,16,1,0,24,Match Report,2023-12-03,14:00 (05:00),La Liga,Matchweek 15,Sun,Away,D,0,0,Mallorca,327,283,44,15,0,1,16,16,4,1,0,1,220,0,12,Match Report,2023-12-03,14:00 (05:00),La Liga,Matchweek 15,Sun,Away,D,0,0,Mallorca,13,9,0,2,0,2,0,0,0,0,0,0,0,0,Match Report,2023-12-03,14:00 (05:00),La Liga,Matchweek 15,Sun,Away,D,0,0,Mallorca,18,9,10,6,2,7,19,36.8,12,10,2,8,5,23,49,0,Match Report,2023-12-03,14:00 (05:00),La Liga,Matchweek 15,Sun,Away,D,0,0,Mallorca,37,460,64,196,175,94,18,460,25,14,56.0,10,40.0,239,1347,771,20,14,6,8,11,219,24,Match Report,2023-12-03,14:00 (05:00),La Liga,Matchweek 15,Sun,Away,D,0,0,Mallorca,2,0,0,15,15,0,16,5,9,0,0,0,60,21,17,55.3,Match Report
2023-12-06,16:00 (07:00),Copa del Rey,Second round,Wed,Away,W,1,0,Terrassa,1,20,6,30.0,0.05,0.17,,,0,0,,,,,,Match Report,2023-12-06,16:00 (07:00),Copa del Rey,Second round,Wed,Away,W,1,0,Terrassa,4,0,4,100.0,1,,,0,0,0,0,,,,,,,,,,,,,,,,Match Report,2023-12-06,16:00 (07:00),Copa del Rey,Second round,Wed,Away,W,1,0,Terrassa,,,,,,,,,,,,,,,0,,,,,,,,Match Report,2023-12-06,16:00 (07:00),Copa del Rey,Second round,Wed,Away,W,1,0,Terrassa,,,,,,,18,,,,,,,,,Match Report,2023-12-06,16:00 (07:00),Copa del Rey,Second round,Wed,Away,W,1,0,Terrassa,,,,,,,,,,,,,,,Match Report,2023-12-06,16:00 (07:00),Copa del Rey,Second round,Wed,Away,W,1,0,Terrassa,,14,,,,,,,,,,,14,0,,,Match Report,2023-12-06,16:00 (07:00),Copa del Rey,Second round,Wed,Away,W,1,0,Terrassa,45,,,,,,,,,,,,,,,,,,,,,,,Match Report,2023-12-06,16:00 (07:00),Copa del Rey,Second round,Wed,Away,W,1,0,Terrassa,2,0,0,14,11,1,18,14,14,,,0,,,,,Match Report
2023-12-09,14:00 (05:00),La Liga,Matchweek 16,Sat,Home,L,0,1,Las Palmas,0,19,3,15.8,0.00,0.00,16.9,1,0,0,1.9,1.9,0.10,-1.9,-1.9,Match Report,2023-12-09,14:00 (05:00),La Liga,Matchweek 16,Sat,Home,L,0,1,Las Palmas,2,1,1,50.0,0,0.4,-0.6,0,0,0,0,6,15,40.0,30,5,40.0,33.0,9,33.3,30.2,13,0,0.0,1,16.5,Match Report,2023-12-09,14:00 (05:00),La Liga,Matchweek 16,Sat,Home,L,0,1,Las Palmas,261,361,72.3,5120,2243,110,129,85.3,112,132,84.8,36,75,48.0,0,1.5,1.6,12,25,4,1,40,Match Report,2023-12-09,14:00 (05:00),La Liga,Matchweek 16,Sat,Home,L,0,1,Las Palmas,361,298,56,15,4,4,25,18,12,2,7,0,261,7,12,Match Report,2023-12-09,14:00 (05:00),La Liga,Matchweek 16,Sat,Home,L,0,1,Las Palmas,29,15,5,2,5,2,0,0,0,0,0,0,0,0,Match Report,2023-12-09,14:00 (05:00),La Liga,Matchweek 16,Sat,Home,L,0,1,Las Palmas,8,8,5,2,1,3,8,37.5,5,7,1,6,7,15,12,0,Match Report,2023-12-09,14:00 (05:00),La Liga,Matchweek 16,Sat,Home,L,0,1,Las Palmas,41,467,58,168,166,137,38,467,29,15,51.7,14,48.3,245,1665,907,21,9,8,15,12,260,40,Match Report,2023-12-09,14:00 (05:00),La Liga,Matchweek 16,Sat,Home,L,0,1,Las Palmas,3,0,0,13,12,7,25,7,8,0,0,0,46,7,8,46.7,Match Report
2023-12-18,21:00 (12:00),La Liga,Matchweek 17,Mon,Away,L,0,3,Girona,0,12,2,16.7,0.00,0.00,21.5,0,0,0,0.7,0.7,0.05,-0.7,-0.7,Match Report,2023-12-18,21:00 (12:00),La Liga,Matchweek 17,Mon,Away,L,0,3,Girona,4,3,1,50.0,0,1.7,-1.3,1,1,0,0,3,9,33.3,23,0,39.1,34.6,6,0.0,14.0,10,0,0.0,0,,Match Report,2023-12-18,21:00 (12:00),La Liga,Matchweek 17,Mon,Away,L,0,3,Girona,307,376,81.6,5240,1923,148,167,88.6,120,135,88.9,31,57,54.4,0,0.6,0.7,11,22,6,2,30,Match Report,2023-12-18,21:00 (12:00),La Liga,Matchweek 17,Mon,Away,L,0,3,Girona,376,334,41,12,2,4,17,17,2,1,0,0,307,1,8,Match Report,2023-12-18,21:00 (12:00),La Liga,Matchweek 17,Mon,Away,L,0,3,Girona,20,17,2,0,0,1,0,0,0,0,0,0,0,0,Match Report,2023-12-18,21:00 (12:00),La Liga,Matchweek 17,Mon,Away,L,0,3,Girona,18,11,9,3,6,11,19,57.9,8,8,1,7,9,27,21,0,Match Report,2023-12-18,21:00 (12:00),La Liga,Matchweek 17,Mon,Away,L,0,3,Girona,34,472,56,184,183,116,14,472,16,6,37.5,5,31.3,272,1627,890,23,21,3,11,5,303,30,Match Report,2023-12-18,21:00 (12:00),La Liga,Matchweek 17,Mon,Away,L,0,3,Girona,1,0,0,7,8,1,17,9,11,0,1,0,41,8,7,53.3,Match Report
2023-12-21,21:30 (12:30),La Liga,Matchweek 18,Thu,Home,L,0,1,Real Madrid,0,8,2,25.0,0.00,0.00,15.3,0,0,0,0.6,0.6,0.07,-0.6,-0.6,Match Report,2023-12-21,21:30 (12:30),La Liga,Matchweek 18,Thu,Home,L,0,1,Real Madrid,4,1,3,75.0,0,1.3,+0.3,0,0,0,0,3,11,27.3,17,3,23.5,34.2,12,58.3,42.4,12,1,8.3,0,3.0,Match Report,2023-12-21,21:30 (12:30),La Liga,Matchweek 18,Thu,Home,L,0,1,Real Madrid,301,386,78.0,5558,2071,136,146,93.2,129,154,83.8,33,60,55.0,0,0.5,0.5,7,23,4,1,37,Match Report,2023-12-21,21:30 (12:30),La Liga,Matchweek 18,Thu,Home,L,0,1,Real Madrid,386,342,43,13,0,2,27,13,3,1,1,0,301,1,14,Match Report,2023-12-21,21:30 (12:30),La Liga,Matchweek 18,Thu,Home,L,0,1,Real Madrid,14,10,1,0,2,1,0,0,0,0,0,0,0,0,Match Report,2023-12-21,21:30 (12:30),La Liga,Matchweek 18,Thu,Home,L,0,1,Real Madrid,18,11,15,3,0,12,21,57.1,9,9,2,7,6,24,6,0,Match Report,2023-12-21,21:30 (12:30),La Liga,Matchweek 18,Thu,Home,L,0,1,Real Madrid,40,454,52,176,177,108,16,454,10,7,70.0,3,30.0,288,1442,925,18,15,3,7,10,298,36,Match Report,2023-12-21,21:30 (12:30),La Liga,Matchweek 18,Thu,Home,L,0,1,Real Madrid,3,0,0,18,12,1,27,6,11,0,0,0,45,8,7,53.3,Match Report
2024-01-02,19:15 (10:15),La Liga,Matchweek 19,Tue,Away,D,1,1,Real Sociedad,1,6,1,16.7,0.00,0.00,23.6,1,1,1,1.0,0.2,0.03,0.0,-0.2,Match Report,2024-01-02,19:15 (10:15),La Liga,Matchweek 19,Tue,Away,D,1,1,Real Sociedad,5,1,4,80.0,0,1.1,+0.1,0,0,0,0,12,21,57.1,19,2,73.7,47.0,13,53.8,41.2,17,1,5.9,0,7.7,Match Report,2024-01-02,19:15 (10:15),La Liga,Matchweek 19,Tue,Away,D,1,1,Real Sociedad,272,369,73.7,5289,2148,109,134,81.3,125,149,83.9,34,75,45.3,0,0.1,0.2,3,30,4,2,34,Match Report,2024-01-02,19:15 (10:15),La Liga,Matchweek 19,Tue,Away,D,1,1,Real Sociedad,369,320,49,6,0,4,17,24,4,0,3,0,272,0,5,Match Report,2024-01-02,19:15 (10:15),La Liga,Matchweek 19,Tue,Away,D,1,1,Real Sociedad,12,8,1,0,1,1,1,2,1,0,0,0,1,0,Match Report,2024-01-02,19:15 (10:15),La Liga,Matchweek 19,Tue,Away,D,1,1,Real Sociedad,14,8,9,3,2,4,10,40.0,6,10,5,5,4,18,34,0,Match Report,2024-01-02,19:15 (10:15),La Liga,Matchweek 19,Tue,Away,D,1,1,Real Sociedad,47,491,84,184,194,119,17,490,12,3,25.0,8,66.7,192,1273,729,17,9,2,19,11,271,34,Match Report,2024-01-02,19:15 (10:15),La Liga,Matchweek 19,Tue,Away,D,1,1,Real Sociedad,4,0,0,17,8,0,17,4,8,1,0,0,38,21,37,36.2,Match Report
2024-01-06,20:00 (11:00),Copa del Rey,Round of 32,Sat,Home,W,1,0,Betis,1,17,2,11.8,0.06,0.50,,,0,0,,,,,,Match Report,2024-01-06,20:00 (11:00),Copa del Rey,Round of 32,Sat,Home,W,1,0,Betis,2,0,2,100.0,1,,,0,0,0,0,,,,,,,,,,,,,,,,Match Report,2024-01-06,20:00 (11:00),Copa del Rey,Round of 32,Sat,Home,W,1,0,Betis,,,,,,,,,,,,,,,0,,,,,,,,Match Report,2024-01-06,20:00 (11:00),Copa del Rey,Round of 32,Sat,Home,W,1,0,Betis,,,,,,,31,,,,,,,,,Match Report,2024-01-06,20:00 (11:00),Copa del Rey,Round of 32,Sat,Home,W,1,0,Betis,,,,,,,,,,,,,,,Match Report,2024-01-06,20:00 (11:00),Copa del Rey,Round of 32,Sat,Home,W,1,0,Betis,,14,,,,,,,,,,,8,0,,,Match Report,2024-01-06,20:00 (11:00),Copa del Rey,Round of 32,Sat,Home,W,1,0,Betis,40,,,,,,,,,,,,,,,,,,,,,,,Match Report,2024-01-06,20:00 (11:00),Copa del Rey,Round of 32,Sat,Home,W,1,0,Betis,1,0,0,12,13,3,31,8,14,,,0,,,,,Match Report
2024-01-12,21:00 (12:00),La Liga,Matchweek 20,Fri,Away,W,3,2,Sevilla,3,16,8,50.0,0.19,0.38,14.8,0,0,0,2.0,2.0,0.13,+1.0,+1.0,Match Report,2024-01-12,21:00 (12:00),La Liga,Matchweek 20,Fri,Away,W,3,2,Sevilla,4,2,2,75.0,0,2.3,+0.3,1,1,0,0,10,28,35.7,22,4,63.6,46.5,16,87.5,57.9,24,0,0.0,0,15.0,Match Report,2024-01-12,21:00 (12:00),La Liga,Matchweek 20,Fri,Away,W,3,2,Sevilla,201,294,68.4,4124,2045,79,99,79.8,70,83,84.3,40,81,49.4,3,1.3,0.6,13,15,7,4,29,Match Report,2024-01-12,21:00 (12:00),La Liga,Matchweek 20,Fri,Away,W,3,2,Sevilla,294,241,53,17,0,2,17,13,4,0,3,0,201,0,12,Match Report,2024-01-12,21:00 (12:00),La Liga,Matchweek 20,Fri,Away,W,3,2,Sevilla,28,16,4,3,4,1,0,4,2,0,0,2,0,0,Match Report,2024-01-12,21:00 (12:00),La Liga,Matchweek 20,Fri,Away,W,3,2,Sevilla,16,12,5,9,2,10,18,55.6,8,7,2,5,11,27,32,0,Match Report,2024-01-12,21:00 (12:00),La Liga,Matchweek 20,Fri,Away,W,3,2,Sevilla,32,434,70,179,174,91,24,434,20,9,45.0,10,50.0,158,994,530,14,8,5,25,3,201,29,Match Report,2024-01-12,21:00 (12:00),La Liga,Matchweek 20,Fri,Away,W,3,2,Sevilla,3,0,0,13,11,0,17,11,12,0,1,0,41,11,29,27.5,Match Report
2024-01-16,21:00 (12:00),Copa del Rey,Round of 16,Tue,Away,L,0,2,Athletic Club,0,8,3,37.5,0.00,0.00,,,0,0,,,,,,Match Report,2024-01-16,21:00 (12:00),Copa del Rey,Round of 16,Tue,Away,L,0,2,Athletic Club,6,2,4,66.7,0,,,0,0,0,0,,,,,,,,,,,,,,,,Match Report,2024-01-16,21:00 (12:00),Copa del Rey,Round of 16,Tue,Away,L,0,2,Athletic Club,,,,,,,,,,,,,,,0,,,,,,,,Match Report,2024-01-16,21:00 (12:00),Copa del Rey,Round of 16,Tue,Away,L,0,2,Athletic Club,,,,,,,9,,,,,,,,,Match Report,2024-01-16,21:00 (12:00),Copa del Rey,Round of 16,Tue,Away,L,0,2,Athletic Club,,,,,,,,,,,,,,,Match Report,2024-01-16,21:00 (12:00),Copa del Rey,Round of 16,Tue,Away,L,0,2,Athletic Club,,15,,,,,,,,,,,8,0,,,Match Report,2024-01-16,21:00 (12:00),Copa del Rey,Round of 16,Tue,Away,L,0,2,Athletic Club,36,,,,,,,,,,,,,,,,,,,,,,,Match Report,2024-01-16,21:00 (12:00),Copa del Rey,Round of 16,Tue,Away,L,0,2,Athletic Club,2,0,0,14,10,2,9,8,15,,,0,,,,,Match Report
2024-01-19,21:00 (12:00),La Liga,Matchweek 21,Fri,Home,W,1,0,Cádiz,1,12,2,16.7,0.00,0.00,18.1,1,1,1,2.0,1.2,0.10,-1.0,-1.2,Match Report,2024-01-19,21:00 (12:00),La Liga,Matchweek 21,Fri,Home,W,1,0,Cádiz,1,0,1,100.0,1,0.1,+0.1,0,0,0,0,11,19,57.9,15,3,80.0,47.3,9,77.8,50.8,17,2,11.8,0,7.6,Match Report,2024-01-19,21:00 (12:00),La Liga,Matchweek 21,Fri,Home,W,1,0,Cádiz,265,376,70.5,4836,2524,135,156,86.5,80,113,70.8,41,75,54.7,0,1.0,0.9,7,31,7,3,43,Match Report,2024-01-19,21:00 (12:00),La Liga,Matchweek 21,Fri,Home,W,1,0,Cádiz,376,313,62,17,2,1,29,31,4,0,4,0,265,1,17,Match Report,2024-01-19,21:00 (12:00),La Liga,Matchweek 21,Fri,Home,W,1,0,Cádiz,22,15,0,2,3,2,0,2,1,0,0,0,1,0,Match Report,2024-01-19,21:00 (12:00),La Liga,Matchweek 21,Fri,Home,W,1,0,Cádiz,12,6,4,5,3,2,10,20.0,8,6,2,4,1,13,24,1,Match Report,2024-01-19,21:00 (12:00),La Liga,Matchweek 21,Fri,Home,W,1,0,Cádiz,49,470,38,128,183,166,19,469,26,15,57.7,9,34.6,224,1156,594,16,10,4,11,9,262,43,Match Report,2024-01-19,21:00 (12:00),La Liga,Matchweek 21,Fri,Home,W,1,0,Cádiz,0,0,0,15,16,1,29,1,6,1,0,0,51,18,25,41.9,Match Report
2024-01-26,21:00 (12:00),La Liga,Matchweek 22,Fri,Away,W,3,0,Almería,3,10,2,20.0,0.20,1.00,17.8,0,1,1,1.8,1.1,0.11,+1.2,+0.9,Match Report,2024-01-26,21:00 (12:00),La Liga,Matchweek 22,Fri,Away,W,3,0,Almería,7,0,7,100.0,1,1.8,+1.8,0,0,0,0,11,26,42.3,20,2,80.0,50.5,14,71.4,50.3,28,1,3.6,0,4.5,Match Report,2024-01-26,21:00 (12:00),La Liga,Matchweek 22,Fri,Away,W,3,0,Almería,220,328,67.1,4543,2181,84,110,76.4,91,112,81.3,37,82,45.1,2,1.0,0.8,8,13,6,4,20,Match Report,2024-01-26,21:00 (12:00),La Liga,Matchweek 22,Fri,Away,W,3,0,Almería,328,271,54,19,0,10,15,17,3,0,3,0,220,3,9,Match Report,2024-01-26,21:00 (12:00),La Liga,Matchweek 22,Fri,Away,W,3,0,Almería,17,12,1,1,2,1,0,5,3,0,1,0,1,0,Match Report,2024-01-26,21:00 (12:00),La Liga,Matchweek 22,Fri,Away,W,3,0,Almería,13,8,7,4,2,9,17,52.9,8,10,2,8,4,17,32,1,Match Report,2024-01-26,21:00 (12:00),La Liga,Matchweek 22,Fri,Away,W,3,0,Almería,36,435,77,156,205,87,17,434,13,6,46.2,5,38.5,155,1079,517,10,10,2,14,9,215,20,Match Report,2024-01-26,21:00 (12:00),La Liga,Matchweek 22,Fri,Away,W,3,0,Almería,2,0,0,12,16,3,15,4,8,1,0,0,42,14,19,42.4,Match Report
2024-02-03,18:30 (09:30),La Liga,Matchweek 23,Sat,Home,L,1,3,Barcelona,1,13,2,15.4,0.08,0.50,15.1,0,0,0,1.0,1.0,0.08,0.0,0.0,Match Report,2024-02-03,18:30 (09:30),La Liga,Matchweek 23,Sat,Home,L,1,3,Barcelona,5,3,2,40.0,0,2.5,-0.5,0,0,0,0,5,8,62.5,16,4,43.8,35.1,1,100.0,49.0,8,0,0.0,0,,Match Report,2024-02-03,18:30 (09:30),La Liga,Matchweek 23,Sat,Home,L,1,3,Barcelona,240,330,72.7,4769,1866,84,106,79.2,121,142,85.2,33,61,54.1,1,0.7,0.7,8,25,6,5,38,Match Report,2024-02-03,18:30 (09:30),La Liga,Matchweek 23,Sat,Home,L,1,3,Barcelona,330,284,43,11,1,4,40,14,13,4,5,1,240,3,11,Match Report,2024-02-03,18:30 (09:30),La Liga,Matchweek 23,Sat,Home,L,1,3,Barcelona,24,17,3,2,2,0,0,2,1,0,1,0,0,0,Match Report,2024-02-03,18:30 (09:30),La Liga,Matchweek 23,Sat,Home,L,1,3,Barcelona,14,8,7,4,3,7,9,77.8,2,7,2,5,8,22,12,0,Match Report,2024-02-03,18:30 (09:30),La Liga,Matchweek 23,Sat,Home,L,1,3,Barcelona,36,408,34,110,168,135,22,408,21,13,61.9,5,23.8,219,1304,775,18,13,5,13,8,237,38,Match Report,2024-02-03,18:30 (09:30),La Liga,Matchweek 23,Sat,Home,L,1,3,Barcelona,2,0,0,15,10,3,40,8,8,0,0,0,38,17,10,63.0,Match Report
2024-02-10,14:00 (05:00),La Liga,Matchweek 24,Sat,Home,D,1,1,Villarreal,1,17,4,23.5,0.06,0.25,15.4,0,0,0,1.8,1.8,0.11,-0.8,-0.8,Match Report,2024-02-10,14:00 (05:00),La Liga,Matchweek 24,Sat,Home,D,1,1,Villarreal,3,1,2,66.7,0,0.3,-0.7,0,0,0,0,10,24,41.7,31,4,51.6,43.7,10,80.0,51.8,16,0,0.0,0,7.7,Match Report,2024-02-10,14:00 (05:00),La Liga,Matchweek 24,Sat,Home,D,1,1,Villarreal,321,432,74.3,6370,2316,126,150,84.0,142,166,85.5,46,93,49.5,1,1.1,1.0,10,32,11,5,50,Match Report,2024-02-10,14:00 (05:00),La Liga,Matchweek 24,Sat,Home,D,1,1,Villarreal,432,375,55,11,0,2,34,22,10,0,7,1,321,2,7,Match Report,2024-02-10,14:00 (05:00),La Liga,Matchweek 24,Sat,Home,D,1,1,Villarreal,30,22,2,3,3,0,0,2,2,0,0,0,0,0,Match Report,2024-02-10,14:00 (05:00),La Liga,Matchweek 24,Sat,Home,D,1,1,Villarreal,13,7,3,8,2,5,12,41.7,7,12,6,6,7,20,20,0,Match Report,2024-02-10,14:00 (05:00),La Liga,Matchweek 24,Sat,Home,D,1,1,Villarreal,51,534,60,161,220,155,27,534,18,9,50.0,7,38.9,293,1518,788,16,5,4,16,4,320,50,Match Report,2024-02-10,14:00 (05:00),La Liga,Matchweek 24,Sat,Home,D,1,1,Villarreal,0,0,0,7,10,2,34,7,7,0,0,0,34,10,18,35.7,Match Report
2024-02-18,21:00 (12:00),La Liga,Matchweek 25,Sun,Away,D,0,0,Betis,0,13,4,30.8,0.00,0.00,22.9,2,0,0,0.5,0.5,0.04,-0.5,-0.5,Match Report,2024-02-18,21:00 (12:00),La Liga,Matchweek 25,Sun,Away,D,0,0,Betis,1,0,1,100.0,1,0.4,+0.4,0,0,0,0,3,25,12.0,24,4,70.8,47.0,10,80.0,56.1,18,2,11.1,0,7.7,Match Report,2024-02-18,21:00 (12:00),La Liga,Matchweek 25,Sun,Away,D,0,0,Betis,233,349,66.8,4326,1935,99,118,83.9,100,125,80.0,29,79,36.7,0,0.2,0.3,7,24,9,4,32,Match Report,2024-02-18,21:00 (12:00),La Liga,Matchweek 25,Sun,Away,D,0,0,Betis,349,293,55,12,0,0,22,24,8,1,6,0,233,1,11,Match Report,2024-02-18,21:00 (12:00),La Liga,Matchweek 25,Sun,Away,D,0,0,Betis,23,14,4,2,1,2,0,0,0,0,0,0,0,0,Match Report,2024-02-18,21:00 (12:00),La Liga,Matchweek 25,Sun,Away,D,0,0,Betis,18,8,9,9,0,10,18,55.6,8,14,6,8,12,30,22,0,Match Report,2024-02-18,21:00 (12:00),La Liga,Matchweek 25,Sun,Away,D,0,0,Betis,38,473,64,162,222,95,21,473,18,8,44.4,8,44.4,173,1012,518,13,9,4,17,15,231,30,Match Report,2024-02-18,21:00 (12:00),La Liga,Matchweek 25,Sun,Away,D,0,0,Betis,2,0,0,9,13,1,22,12,8,0,0,0,48,19,22,46.3,Match Report
2024-02-24,18:30 (09:30),La Liga,Matchweek 26,Sat,Home,D,1,1,Mallorca,1,9,1,11.1,0.11,1.00,17.1,1,0,0,0.5,0.5,0.05,+0.5,+0.5,Match Report,2024-02-24,18:30 (09:30),La Liga,Matchweek 26,Sat,Home,D,1,1,Mallorca,7,1,6,85.7,0,1.7,+0.7,0,0,0,0,8,21,38.1,24,4,66.7,46.5,7,71.4,50.7,15,1,6.7,0,11.0,Match Report,2024-02-24,18:30 (09:30),La Liga,Matchweek 26,Sat,Home,D,1,1,Mallorca,346,472,73.3,6289,2402,149,177,84.2,147,189,77.8,38,77,49.4,1,0.4,0.8,7,33,9,3,36,Match Report,2024-02-24,18:30 (09:30),La Liga,Matchweek 26,Sat,Home,D,1,1,Mallorca,472,423,47,14,1,2,25,21,3,3,0,0,346,2,5,Match Report,2024-02-24,18:30 (09:30),La Liga,Matchweek 26,Sat,Home,D,1,1,Mallorca,17,11,1,2,1,1,1,2,1,1,0,0,0,0,Match Report,2024-02-24,18:30 (09:30),La Liga,Matchweek 26,Sat,Home,D,1,1,Mallorca,9,5,4,4,1,6,19,31.6,13,8,3,5,6,15,24,0,Match Report,2024-02-24,18:30 (09:30),La Liga,Matchweek 26,Sat,Home,D,1,1,Mallorca,52,580,57,170,288,125,13,580,17,10,58.8,5,29.4,297,1448,809,12,8,0,19,5,336,36,Match Report,2024-02-24,18:30 (09:30),La Liga,Matchweek 26,Sat,Home,D,1,1,Mallorca,0,0,0,7,13,2,25,6,5,0,0,0,39,26,32,44.8,Match Report
2024-03-04,21:00 (12:00),La Liga,Matchweek 27,Mon,Away,L,0,1,Osasuna,0,10,4,40.0,0.00,0.00,14.5,0,0,0,1.0,1.0,0.10,-1.0,-1.0,Match Report,2024-03-04,21:00 (12:00),La Liga,Matchweek 27,Mon,Away,L,0,1,Osasuna,4,1,3,75.0,0,1.0,0.0,0,0,0,0,4,24,16.7,25,4,72.0,49.5,8,75.0,54.8,14,0,0.0,2,16.8,Match Report,2024-03-04,21:00 (12:00),La Liga,Matchweek 27,Mon,Away,L,0,1,Osasuna,296,418,70.8,5505,2148,111,132,84.1,140,176,79.5,33,85,38.8,0,0.9,0.8,7,17,8,6,31,Match Report,2024-03-04,21:00 (12:00),La Liga,Matchweek 27,Mon,Away,L,0,1,Osasuna,418,366,50,15,1,5,27,20,5,1,1,0,296,2,10,Match Report,2024-03-04,21:00 (12:00),La Liga,Matchweek 27,Mon,Away,L,0,1,Osasuna,17,14,2,1,0,0,0,0,0,0,0,0,0,0,Match Report,2024-03-04,21:00 (12:00),La Liga,Matchweek 27,Mon,Away,L,0,1,Osasuna,11,6,5,6,0,6,12,50.0,6,18,6,12,8,19,34,0,Match Report,2024-03-04,21:00 (12:00),La Liga,Matchweek 27,Mon,Away,L,0,1,Osasuna,45,552,73,203,267,87,15,552,19,9,47.4,9,47.4,196,1288,614,13,12,3,24,8,290,31,Match Report,2024-03-04,21:00 (12:00),La Liga,Matchweek 27,Mon,Away,L,0,1,Osasuna,1,0,0,11,14,2,27,8,6,0,0,0,60,15,26,36.6,Match Report
2024-03-10,14:00 (06:00),La Liga,Matchweek 28,Sun,Home,W,1,0,Rayo Vallecano,1,12,4,33.3,0.08,0.25,20.9,0,0,0,0.6,0.6,0.05,+0.4,+0.4,Match Report,2024-03-10,14:00 (06:00),La Liga,Matchweek 28,Sun,Home,W,1,0,Rayo Vallecano,3,0,3,100.0,1,0.8,+0.8,0,0,0,0,10,27,37.0,30,7,70.0,48.0,8,75.0,59.6,15,3,20.0,2,17.6,Match Report,2024-03-10,14:00 (06:00),La Liga,Matchweek 28,Sun,Home,W,1,0,Rayo Vallecano,230,329,69.9,4585,2239,100,118,84.7,93,116,80.2,34,77,44.2,1,0.6,0.4,11,25,6,2,24,Match Report,2024-03-10,14:00 (06:00),La Liga,Matchweek 28,Sun,Home,W,1,0,Rayo Vallecano,329,274,53,14,1,1,17,23,7,1,2,0,230,2,12,Match Report,2024-03-10,14:00 (06:00),La Liga,Matchweek 28,Sun,Home,W,1,0,Rayo Vallecano,20,15,2,1,0,1,1,2,2,0,0,0,0,0,Match Report,2024-03-10,14:00 (06:00),La Liga,Matchweek 28,Sun,Home,W,1,0,Rayo Vallecano,12,7,7,2,3,6,22,27.3,16,6,3,3,7,19,21,0,Match Report,2024-03-10,14:00 (06:00),La Liga,Matchweek 28,Sun,Home,W,1,0,Rayo Vallecano,34,424,54,148,169,116,18,424,15,8,53.3,7,46.7,185,1216,632,15,8,6,15,6,227,24,Match Report,2024-03-10,14:00 (06:00),La Liga,Matchweek 28,Sun,Home,W,1,0,Rayo Vallecano,2,0,0,13,8,2,17,7,7,0,0,0,48,11,15,42.3,Match Report
2024-03-16,21:00 (13:00),La Liga,Matchweek 29,Sat,Away,L,0,2,Athletic Club,0,6,2,33.3,0.00,0.00,21.7,0,0,1,1.3,0.5,0.09,-1.3,-0.5,Match Report,2024-03-16,21:00 (13:00),La Liga,Matchweek 29,Sat,Away,L,0,2,Athletic Club,4,2,2,50.0,0,1.5,-0.5,0,0,0,0,11,26,42.3,37,5,54.1,37.0,10,60.0,43.1,14,0,0.0,0,4.5,Match Report,2024-03-16,21:00 (13:00),La Liga,Matchweek 29,Sat,Away,L,0,2,Athletic Club,291,415,70.1,5581,2189,123,146,84.2,131,172,76.2,35,81,43.2,0,0.5,0.8,4,17,3,1,27,Match Report,2024-03-16,21:00 (13:00),La Liga,Matchweek 29,Sat,Away,L,0,2,Athletic Club,415,368,45,12,0,8,15,16,4,1,1,0,291,2,13,Match Report,2024-03-16,21:00 (13:00),La Liga,Matchweek 29,Sat,Away,L,0,2,Athletic Club,9,5,2,0,1,1,0,0,0,0,0,0,0,0,Match Report,2024-03-16,21:00 (13:00),La Liga,Matchweek 29,Sat,Away,L,0,2,Athletic Club,21,11,12,9,0,7,24,29.2,17,13,6,7,7,28,16,2,Match Report,2024-03-16,21:00 (13:00),La Liga,Matchweek 29,Sat,Away,L,0,2,Athletic Club,41,518,77,244,200,77,8,517,10,2,20.0,6,60.0,268,1321,591,4,7,1,20,5,289,27,Match Report,2024-03-16,21:00 (13:00),La Liga,Matchweek 29,Sat,Away,L,0,2,Athletic Club,3,0,0,13,7,2,15,7,11,1,0,0,47,8,17,32.0,Match Report
2024-03-31,18:30 (09:30),La Liga,Matchweek 30,Sun,Home,L,0,1,Real Sociedad,0,3,0,0.0,0.00,,18.6,0,0,0,0.3,0.3,0.08,-0.3,-0.3,Match Report,2024-03-31,18:30 (09:30),La Liga,Matchweek 30,Sun,Home,L,0,1,Real Sociedad,3,1,2,66.7,0,0.2,-0.8,0,0,0,0,10,30,33.3,37,3,59.5,47.0,10,80.0,53.0,13,0,0.0,1,14.2,Match Report,2024-03-31,18:30 (09:30),La Liga,Matchweek 30,Sun,Home,L,0,1,Real Sociedad,246,366,67.2,4981,1898,90,113,79.6,112,139,80.6,37,93,39.8,0,0.3,0.3,3,9,2,1,16,Match Report,2024-03-31,18:30 (09:30),La Liga,Matchweek 30,Sun,Home,L,0,1,Real Sociedad,366,306,57,17,0,6,12,25,3,1,2,0,246,3,8,Match Report,2024-03-31,18:30 (09:30),La Liga,Matchweek 30,Sun,Home,L,0,1,Real Sociedad,6,6,0,0,0,0,0,0,0,0,0,0,0,0,Match Report,2024-03-31,18:30 (09:30),La Liga,Matchweek 30,Sun,Home,L,0,1,Real Sociedad,16,11,8,5,3,11,23,47.8,12,9,3,6,9,25,19,0,Match Report,2024-03-31,18:30 (09:30),La Liga,Matchweek 30,Sun,Home,L,0,1,Real Sociedad,41,466,75,203,188,79,7,466,10,3,30.0,7,70.0,186,883,425,9,11,1,15,8,244,16,Match Report,2024-03-31,18:30 (09:30),La Liga,Matchweek 30,Sun,Home,L,0,1,Real Sociedad,2,0,0,10,14,3,12,9,11,0,0,0,37,18,31,36.7,Match Report
2024-04-14,16:15 (07:15),La Liga,Matchweek 31,Sun,Away,L,0,2,Granada,0,8,3,37.5,0.00,0.00,21.0,0,0,0,0.3,0.3,0.04,-0.3,-0.3,Match Report,2024-04-14,16:15 (07:15),La Liga,Matchweek 31,Sun,Away,L,0,2,Granada,3,2,1,66.7,0,1.6,-0.4,1,1,0,0,11,23,47.8,29,7,65.5,43.0,7,57.1,42.6,6,0,0.0,1,15.5,Match Report,2024-04-14,16:15 (07:15),La Liga,Matchweek 31,Sun,Away,L,0,2,Granada,366,489,74.8,6930,2785,156,174,89.7,138,170,81.2,58,104,55.8,0,0.3,0.4,7,40,6,2,49,Match Report,2024-04-14,16:15 (07:15),La Liga,Matchweek 31,Sun,Away,L,0,2,Granada,489,417,68,17,1,6,25,36,5,1,1,1,366,4,18,Match Report,2024-04-14,16:15 (07:15),La Liga,Matchweek 31,Sun,Away,L,0,2,Granada,12,11,0,0,0,0,1,0,0,0,0,0,0,0,Match Report,2024-04-14,16:15 (07:15),La Liga,Matchweek 31,Sun,Away,L,0,2,Granada,12,6,5,6,1,6,14,42.9,8,4,2,2,6,18,13,0,Match Report,2024-04-14,16:15 (07:15),La Liga,Matchweek 31,Sun,Away,L,0,2,Granada,62,583,45,188,247,152,22,583,23,12,52.2,7,30.4,344,1839,984,21,10,9,15,12,357,48,Match Report,2024-04-14,16:15 (07:15),La Liga,Matchweek 31,Sun,Away,L,0,2,Granada,2,0,0,11,16,4,25,6,6,0,1,0,41,21,17,55.3,Match Report
For Alavés,For Alavés,For Alavés,For Alavés,For Alavés,For Alavés,For Alavés,For Alavés,For Alavés,For Alavés,Standard,Standard,Standard,Standard,Standard,Standard,Standard,Standard,Standard,Standard,Expected,Expected,Expected,Expected,Expected,,For Alavés,For Alavés,For Alavés,For Alavés,For Alavés,For Alavés,For Alavés,For Alavés,For Alavés,For Alavés,Performance,Performance,Performance,Performance,Performance,Performance,Performance,Penalty Kicks,Penalty Kicks,Penalty Kicks,Penalty Kicks,Launched,Launched,Launched,Passes,Passes,Passes,Passes,Goal Kicks,Goal Kicks,Goal Kicks,Crosses,Crosses,Crosses,Sweeper,Sweeper,,For Alavés,For Alavés,For Alavés,For Alavés,For Alavés,For Alavés,For Alavés,For Alavés,For Alavés,For Alavés,Total,Total,Total,Total,Total,Short,Short,Short,Medium,Medium,Medium,Long,Long,Long,,,,,,,,,,For Alavés,For Alavés,For Alavés,For Alavés,For Alavés,For Alavés,For Alavés,For Alavés,For Alavés,For Alavés,For Alavés,Pass Types,Pass Types,Pass Types,Pass Types,Pass Types,Pass Types,Pass Types,Pass Types,Corner Kicks,Corner Kicks,Corner Kicks,Outcomes,Outcomes,Outcomes,,For Alavés,For Alavés,For Alavés,For Alavés,For Alavés,For Alavés,For Alavés,For Alavés,For Alavés,For Alavés,SCA Types,SCA Types,SCA Types,SCA Types,SCA Types,SCA Types,SCA Types,GCA Types,GCA Types,GCA Types,GCA Types,GCA Types,GCA Types,GCA Types,,For Alavés,For Alavés,For Alavés,For Alavés,For Alavés,For Alavés,For Alavés,For Alavés,For Alavés,For Alavés,Tackles,Tackles,Tackles,Tackles,Tackles,Challenges,Challenges,Challenges,Challenges,Blocks,Blocks,Blocks,,,,,,For Alavés,For Alavés,For Alavés,For Alavés,For Alavés,For Alavés,For Alavés,For Alavés,For Alavés,For Alavés,For Alavés,Touches,Touches,Touches,Touches,Touches,Touches,Touches,Take-Ons,Take-Ons,Take-Ons,Take-Ons,Take-Ons,Carries,Carries,Carries,Carries,Carries,Carries,Carries,Carries,Receiving,Receiving,,For Alavés,For Alavés,For Alavés,For Alavés,For Alavés,For Alavés,For Alavés,For Alavés,For Alavés,For Alavés,Performance,Performance,Performance,Performance,Performance,Performance,Performance,Performance,Performance,Performance,Performance,Performance,Performance,Aerial Duels,Aerial Duels,Aerial Duels,
Date,Time,Comp,Round,Day,Venue,Result,GF,GA,Opponent,Gls,Sh,SoT,SoT%,G/Sh,G/SoT,Dist,FK,PK,PKatt,xG,npxG,npxG/Sh,G-xG,np:G-xG,Match Report,Date,Time,Comp,Round,Day,Venue,Result,GF,GA,Opponent,SoTA,GA,Saves,Save%,CS,PSxG,PSxG+/-,PKatt,PKA,PKsv,PKm,Cmp,Att,Cmp%,Att (GK),Thr,Launch%,AvgLen,Att,Launch%,AvgLen,Opp,Stp,Stp%,#OPA,AvgDist,Match Report,Date,Time,Comp,Round,Day,Venue,Result,GF,GA,Opponent,Cmp,Att,Cmp%,TotDist,PrgDist,Cmp,Att,Cmp%,Cmp,Att,Cmp%,Cmp,Att,Cmp%,Ast,xAG,xA,KP,1/3,PPA,CrsPA,PrgP,Match Report,Date,Time,Comp,Round,Day,Venue,Result,GF,GA,Opponent,Att,Live,Dead,FK,TB,Sw,Crs,TI,CK,In,Out,Str,Cmp,Off,Blocks,Match Report,Date,Time,Comp,Round,Day,Venue,Result,GF,GA,Opponent,SCA,PassLive,PassDead,TO,Sh,Fld,Def,GCA,PassLive,PassDead,TO,Sh,Fld,Def,Match Report,Date,Time,Comp,Round,Day,Venue,Result,GF,GA,Opponent,Tkl,TklW,Def 3rd,Mid 3rd,Att 3rd,Tkl,Att,Tkl%,Lost,Blocks,Sh,Pass,Int,Tkl+Int,Clr,Err,Match Report,Date,Time,Comp,Round,Day,Venue,Result,GF,GA,Opponent,Poss,Touches,Def Pen,Def 3rd,Mid 3rd,Att 3rd,Att Pen,Live,Att,Succ,Succ%,Tkld,Tkld%,Carries,TotDist,PrgDist,PrgC,1/3,CPA,Mis,Dis,Rec,PrgR,Match Report,Date,Time,Comp,Round,Day,Venue,Result,GF,GA,Opponent,CrdY,CrdR,2CrdY,Fls,Fld,Off,Crs,Int,TklW,PKwon,PKcon,OG,Recov,Won,Lost,Won%,Match Report
2024-04-21,18:30 (09:30),La Liga,Matchweek 32,Sun,Home,W,2,0,Atlético Madrid,2,8,3,37.5,0.25,0.67,21.0,0,0,0,0.4,0.4,0.05,+1.6,+1.6,Match Report,2024-04-21,18:30 (09:30),La Liga,Matchweek 32,Sun,Home,W,2,0,Atlético Madrid,4,0,4,100.0,1,0.7,+0.7,0,0,0,0,11,25,44.0,20,2,90.0,53.3,7,100.0,68.7,23,2,8.7,0,4.0,Match Report,2024-04-21,18:30 (09:30),La Liga,Matchweek 32,Sun,Home,W,2,0,Atlético Madrid,178,270,65.9,3686,2063,77,92,83.7,70,95,73.7,28,68,41.2,2,0.3,0.3,6,19,8,3,16,Match Report,2024-04-21,18:30 (09:30),La Liga,Matchweek 32,Sun,Home,W,2,0,Atlético Madrid,270,230,40,13,0,0,18,18,1,0,0,0,178,0,8,Match Report,2024-04-21,18:30 (09:30),La Liga,Matchweek 32,Sun,Home,W,2,0,Atlético Madrid,16,12,2,1,0,0,1,4,2,1,1,0,0,0,Match Report,2024-04-21,18:30 (09:30),La Liga,Matchweek 32,Sun,Home,W,2,0,Atlético Madrid,13,8,7,4,2,5,16,31.3,11,13,6,7,9,22,35,0,Match Report,2024-04-21,18:30 (09:30),La Liga,Matchweek 32,Sun,Home,W,2,0,Atlético Madrid,32,392,67,148,156,89,14,392,14,7,50.0,6,42.9,137,625,312,9,0,0,17,10,177,16,Match Report,2024-04-21,18:30 (09:30),La Liga,Matchweek 32,Sun,Home,W,2,0,Atlético Madrid,5,0,0,20,11,0,18,9,8,0,0,0,42,12,14,46.2,Match Report
2024-04-27,18:30 (09:30),La Liga,Matchweek 33,Sat,Home,W,3,0,Celta Vigo,3,16,8,50.0,0.19,0.38,12.1,0,0,0,2.3,2.3,0.15,+0.7,+0.7,Match Report,2024-04-27,18:30 (09:30),La Liga,Matchweek 33,Sat,Home,W,3,0,Celta Vigo,0,0,0,,1,0.0,0.0,0,0,0,0,7,17,41.2,12,2,75.0,50.1,9,88.9,57.8,8,1,12.5,1,14.5,Match Report,2024-04-27,18:30 (09:30),La Liga,Matchweek 33,Sat,Home,W,3,0,Celta Vigo,227,335,67.8,4095,1917,111,132,84.1,76,106,71.7,32,70,45.7,2,2.0,1.9,14,15,11,3,28,Match Report,2024-04-27,18:30 (09:30),La Liga,Matchweek 33,Sat,Home,W,3,0,Celta Vigo,335,279,55,9,1,1,31,28,8,0,4,0,227,1,13,Match Report,2024-04-27,18:30 (09:30),La Liga,Matchweek 33,Sat,Home,W,3,0,Celta Vigo,26,13,9,1,1,2,0,4,1,1,1,0,1,0,Match Report,2024-04-27,18:30 (09:30),La Liga,Matchweek 33,Sat,Home,W,3,0,Celta Vigo,15,11,9,4,2,7,13,53.8,6,8,1,7,12,27,16,0,Match Report,2024-04-27,18:30 (09:30),La Liga,Matchweek 33,Sat,Home,W,3,0,Celta Vigo,38,439,34,142,143,161,36,439,17,4,23.5,11,64.7,161,902,389,9,7,3,15,4,225,28,Match Report,2024-04-27,18:30 (09:30),La Liga,Matchweek 33,Sat,Home,W,3,0,Celta Vigo,3,0,0,10,9,1,31,12,11,0,0,0,35,10,10,50.0,Match Report
2024-05-05,18:30 (09:30),La Liga,Matchweek 34,Sun,Away,W,1,0,Valencia,1,14,4,28.6,0.07,0.25,19.9,0,0,0,0.8,0.8,0.06,+0.2,+0.2,Match Report,2024-05-05,18:30 (09:30),La Liga,Matchweek 34,Sun,Away,W,1,0,Valencia,1,0,1,100.0,1,0.1,+0.1,0,0,0,0,18,32,56.3,22,1,100.0,58.8,11,90.9,64.0,21,1,4.8,1,10.2,Match Report,2024-05-05,18:30 (09:30),La Liga,Matchweek 34,Sun,Away,W,1,0,Valencia,241,350,68.9,5068,2559,103,124,83.1,75,100,75.0,54,99,54.5,1,0.8,0.6,11,31,9,4,34,Match Report,2024-05-05,18:30 (09:30),La Liga,Matchweek 34,Sun,Away,W,1,0,Valencia,350,306,44,11,1,2,22,14,7,2,3,0,241,0,11,Match Report,2024-05-05,18:30 (09:30),La Liga,Matchweek 34,Sun,Away,W,1,0,Valencia,22,15,1,0,3,1,2,2,0,1,0,0,1,0,Match Report,2024-05-05,18:30 (09:30),La Liga,Matchweek 34,Sun,Away,W,1,0,Valencia,24,15,9,7,8,13,22,59.1,9,13,5,8,10,34,24,0,Match Report,2024-05-05,18:30 (09:30),La Liga,Matchweek 34,Sun,Away,W,1,0,Valencia,42,468,48,141,188,145,19,468,13,8,61.5,3,23.1,200,1044,499,12,5,3,21,10,239,34,Match Report,2024-05-05,18:30 (09:30),La Liga,Matchweek 34,Sun,Away,W,1,0,Valencia,3,0,0,17,9,0,22,10,15,0,0,0,51,16,18,47.1,Match Report
2024-05-10,21:00 (12:00),La Liga,Matchweek 35,Fri,Home,D,2,2,Girona,2,14,8,57.1,0.14,0.25,12.6,0,0,0,1.7,1.7,0.13,+0.3,+0.3,Match Report,2024-05-10,21:00 (12:00),La Liga,Matchweek 35,Fri,Home,D,2,2,Girona,5,2,3,60.0,0,2.0,0.0,0,0,0,0,8,17,47.1,17,1,41.2,36.2,12,83.3,63.3,7,2,28.6,1,16.5,Match Report,2024-05-10,21:00 (12:00),La Liga,Matchweek 35,Fri,Home,D,2,2,Girona,267,339,78.8,5450,2164,103,117,88.0,117,131,89.3,39,70,55.7,2,1.5,1.7,12,36,9,2,43,Match Report,2024-05-10,21:00 (12:00),La Liga,Matchweek 35,Fri,Home,D,2,2,Girona,339,296,43,9,2,5,25,14,5,4,1,0,267,0,6,Match Report,2024-05-10,21:00 (12:00),La Liga,Matchweek 35,Fri,Home,D,2,2,Girona,28,23,4,1,0,0,0,4,4,0,0,0,0,0,Match Report,2024-05-10,21:00 (12:00),La Liga,Matchweek 35,Fri,Home,D,2,2,Girona,18,10,11,5,2,7,12,58.3,5,13,5,8,6,24,10,0,Match Report,2024-05-10,21:00 (12:00),La Liga,Matchweek 35,Fri,Home,D,2,2,Girona,36,443,45,120,175,152,27,443,17,7,41.2,10,58.8,240,1353,656,15,9,3,10,3,265,43,Match Report,2024-05-10,21:00 (12:00),La Liga,Matchweek 35,Fri,Home,D,2,2,Girona,3,0,0,13,6,0,25,6,10,0,0,0,36,15,8,65.2,Match Report
2024-05-14,21:30 (12:30),La Liga,Matchweek 36,Tue,Away,L,0,5,Real Madrid,0,18,10,55.6,0.00,0.00,21.4,0,0,0,1.3,1.3,0.07,-1.3,-1.3,Match Report,2024-05-14,21:30 (12:30),La Liga,Matchweek 36,Tue,Away,L,0,5,Real Madrid,11,5,6,54.5,0,3.4,-1.6,0,0,0,0,8,16,50.0,19,3,42.1,40.2,8,100.0,75.1,7,0,0.0,0,8.0,Match Report,2024-05-14,21:30 (12:30),La Liga,Matchweek 36,Tue,Away,L,0,5,Real Madrid,265,339,78.2,4868,2407,129,151,85.4,105,118,89.0,27,55,49.1,0,1.1,0.8,12,21,10,2,37,Match Report,2024-05-14,21:30 (12:30),La Liga,Matchweek 36,Tue,Away,L,0,5,Real Madrid,339,302,35,6,0,3,15,14,1,0,1,0,265,2,7,Match Report,2024-05-14,21:30 (12:30),La Liga,Matchweek 36,Tue,Away,L,0,5,Real Madrid,31,20,3,3,4,1,0,0,0,0,0,0,0,0,Match Report,2024-05-14,21:30 (12:30),La Liga,Matchweek 36,Tue,Away,L,0,5,Real Madrid,18,10,11,6,1,10,20,50.0,10,10,6,4,7,25,15,0,Match Report,2024-05-14,21:30 (12:30),La Liga,Matchweek 36,Tue,Away,L,0,5,Real Madrid,29,443,64,165,149,135,26,443,13,8,61.5,5,38.5,219,1235,776,16,14,1,12,9,264,37,Match Report,2024-05-14,21:30 (12:30),La Liga,Matchweek 36,Tue,Away,L,0,5,Real Madrid,1,0,0,12,6,2,15,7,10,0,0,0,40,10,12,45.5,Match Report
2024-05-18,21:00 (12:00),La Liga,Matchweek 37,Sat,Home,W,1,0,Getafe,1,9,2,22.2,0.11,0.50,10.4,0,0,0,1.2,1.2,0.13,-0.2,-0.2,Match Report,2024-05-18,21:00 (12:00),La Liga,Matchweek 37,Sat,Home,W,1,0,Getafe,4,0,4,100.0,1,0.5,+0.5,0,0,0,0,7,21,33.3,19,1,78.9,52.3,6,100.0,62.7,9,0,0.0,1,17.0,Match Report,2024-05-18,21:00 (12:00),La Liga,Matchweek 37,Sat,Home,W,1,0,Getafe,175,296,59.1,3263,1858,80,110,72.7,61,89,68.5,25,73,34.2,1,1.2,1.0,9,11,7,2,26,Match Report,2024-05-18,21:00 (12:00),La Liga,Matchweek 37,Sat,Home,W,1,0,Getafe,296,226,67,26,0,1,17,32,2,1,0,0,175,3,4,Match Report,2024-05-18,21:00 (12:00),La Liga,Matchweek 37,Sat,Home,W,1,0,Getafe,18,11,5,0,0,2,0,2,0,1,0,0,1,0,Match Report,2024-05-18,21:00 (12:00),La Liga,Matchweek 37,Sat,Home,W,1,0,Getafe,11,3,6,5,0,7,14,50.0,7,6,3,3,4,15,22,0,Match Report,2024-05-18,21:00 (12:00),La Liga,Matchweek 37,Sat,Home,W,1,0,Getafe,48,395,43,109,180,111,22,395,13,7,53.8,5,38.5,149,717,344,5,6,2,18,9,172,26,Match Report,2024-05-18,21:00 (12:00),La Liga,Matchweek 37,Sat,Home,W,1,0,Getafe,5,0,0,13,26,3,17,4,3,0,0,0,40,28,11,71.8,Match Report
2024-05-26,15:15 (07:15),La Liga,Matchweek 38,Sun,Away,D,1,1,Las Palmas,1,13,3,23.1,0.08,0.33,22.1,1,0,1,2.5,1.7,0.14,-1.5,-0.7,Match Report,2024-05-26,15:15 (07:15),La Liga,Matchweek 38,Sun,Away,D,1,1,Las Palmas,4,1,3,75.0,0,0.5,-0.5,0,0,0,0,13,23,56.5,33,4,54.5,39.3,6,83.3,57.0,6,2,33.3,6,20.1,Match Report,2024-05-26,15:15 (07:15),La Liga,Matchweek 38,Sun,Away,D,1,1,Las Palmas,203,301,67.4,4430,2223,77,104,74.0,87,107,81.3,38,74,51.4,1,1.6,0.8,9,28,9,2,26,Match Report,2024-05-26,15:15 (07:15),La Liga,Matchweek 38,Sun,Away,D,1,1,Las Palmas,301,254,46,16,1,2,16,16,6,3,2,0,203,1,16,Match Report,2024-05-26,15:15 (07:15),La Liga,Matchweek 38,Sun,Away,D,1,1,Las Palmas,24,12,2,1,4,3,2,2,1,0,0,1,0,0,Match Report,2024-05-26,15:15 (07:15),La Liga,Matchweek 38,Sun,Away,D,1,1,Las Palmas,24,12,12,11,1,14,23,60.9,9,10,0,10,12,36,18,0,Match Report,2024-05-26,15:15 (07:15),La Liga,Matchweek 38,Sun,Away,D,1,1,Las Palmas,35,422,50,161,174,90,20,421,15,4,26.7,8,53.3,180,1086,588,13,6,3,15,5,201,25,Match Report,2024-05-26,15:15 (07:15),La Liga,Matchweek 38,Sun,Away,D,1,1,Las Palmas,1,0,0,10,16,1,16,12,12,1,0,0,50,15,5,75.0,Match Report
,,,,,,--,,,,45,532,163,30.6,0.08,0.26,17.7,15,3,7,,,0.09,+45.0,+42.0,,,,,,,,--,,,,162,48,116,75.3,14,44.8,+0.8,8,8,0,0,315,778,40.5,895,125,61.6,44.3,335,67.8,48.4,530,29,5.5,37,13.5,,,,,,,,--,,,,10091,14116,71.5,191648,83394,4443,5283,84.1,4011,5052,79.4,1375,2889,47.6,36,,,341,937,273,105,1260,,,,,,,,--,,,,14116,12133,1914,506,29,124,912,802,187,45,74,4,10091,69,372,,,,,,,,--,,,,817,563,88,54,53,43,16,60,39,5,6,4,6,0,,,,,,,,--,,,,578,405,284,227,67,290,629,46.1,339,363,117,246,314,857,810,5,,,,,,,,--,,,,,18179,2162,6122,7564,4706,764,18172,625,310,49.6,254,40.6,8574,48049,25494,550,364,138,572,299,9972,1252,,,,,,,,--,,,,94,1,0,538,489,78,912,314,405,7,8,2,1807,574,625,47.9,
