For Köln_Date,For Köln_Time,For Köln_Comp,For Köln_Round,For Köln_Day,For Köln_Venue,For Köln_Result,For Köln_GF,For Köln_GA,For Köln_Opponent,Standard_Gls,Standard_Sh,Standard_SoT,Standard_SoT%,Standard_G/Sh,Standard_G/SoT,Standard_Dist,Standard_FK,Standard_PK,Standard_PKatt,Expected_xG,Expected_npxG,Expected_npxG/Sh,Expected_G-xG,Expected_np:G-xG,Match Report,For Köln_Date,For Köln_Time,For Köln_Comp,For Köln_Round,For Köln_Day,For Köln_Venue,For Köln_Result,For Köln_GF,For Köln_GA,For Köln_Opponent,Performance_SoTA,Performance_GA,Performance_Saves,Performance_Save%,Performance_CS,Performance_PSxG,Performance_PSxG+/-,Penalty Kicks_PKatt,Penalty Kicks_PKA,Penalty Kicks_PKsv,Penalty Kicks_PKm,Launched_Cmp,Launched_Att,Launched_Cmp%,Passes_Att (GK),Passes_Thr,Passes_Launch%,Passes_AvgLen,Goal Kicks_Att,Goal Kicks_Launch%,Goal Kicks_AvgLen,Crosses_Opp,Crosses_Stp,Crosses_Stp%,Sweeper_#OPA,Sweeper_AvgDist,Match Report,For Köln_Date,For Köln_Time,For Köln_Comp,For Köln_Round,For Köln_Day,For Köln_Venue,For Köln_Result,For Köln_GF,For Köln_GA,For Köln_Opponent,Total_Cmp,Total_Att,Total_Cmp%,Total_TotDist,Total_PrgDist,Short_Cmp,Short_Att,Short_Cmp%,Medium_Cmp,Medium_Att,Medium_Cmp%,Long_Cmp,Long_Att,Long_Cmp%,Ast,xAG,xA,KP,1/3,PPA,CrsPA,PrgP,Match Report,For Köln_Date,For Köln_Time,For Köln_Comp,For Köln_Round,For Köln_Day,For Köln_Venue,For Köln_Result,For Köln_GF,For Köln_GA,For Köln_Opponent,For Köln_Att,Pass Types_Live,Pass Types_Dead,Pass Types_FK,Pass Types_TB,Pass Types_Sw,Pass Types_Crs,Pass Types_TI,Pass Types_CK,Corner Kicks_In,Corner Kicks_Out,Corner Kicks_Str,Outcomes_Cmp,Outcomes_Off,Outcomes_Blocks,Match Report,For Köln_Date,For Köln_Time,For Köln_Comp,For Köln_Round,For Köln_Day,For Köln_Venue,For Köln_Result,For Köln_GF,For Köln_GA,For Köln_Opponent,SCA Types_SCA,SCA Types_PassLive,SCA Types_PassDead,SCA Types_TO,SCA Types_Sh,SCA Types_Fld,SCA Types_Def,GCA Types_GCA,GCA Types_PassLive,GCA Types_PassDead,GCA Types_TO,GCA Types_Sh,GCA Types_Fld,GCA Types_Def,Match Report,For Köln_Date,For Köln_Time,For Köln_Comp,For Köln_Round,For Köln_Day,For Köln_Venue,For Köln_Result,For Köln_GF,For Köln_GA,For Köln_Opponent,Tackles_Tkl,Tackles_TklW,Tackles_Def 3rd,Tackles_Mid 3rd,Tackles_Att 3rd,Challenges_Tkl,Challenges_Att,Challenges_Tkl%,Challenges_Lost,Blocks_Blocks,Blocks_Sh,Blocks_Pass,Int,Tkl+Int,Clr,Err,Match Report,For Köln_Date,For Köln_Time,For Köln_Comp,For Köln_Round,For Köln_Day,For Köln_Venue,For Köln_Result,For Köln_GF,For Köln_GA,For Köln_Opponent,For Köln_Poss,Touches_Touches,Touches_Def Pen,Touches_Def 3rd,Touches_Mid 3rd,Touches_Att 3rd,Touches_Att Pen,Touches_Live,Take-Ons_Att,Take-Ons_Succ,Take-Ons_Succ%,Take-Ons_Tkld,Take-Ons_Tkld%,Carries_Carries,Carries_TotDist,Carries_PrgDist,Carries_PrgC,Carries_1/3,Carries_CPA,Carries_Mis,Carries_Dis,Receiving_Rec,Receiving_PrgR,Match Report,For Köln_Date,For Köln_Time,For Köln_Comp,For Köln_Round,For Köln_Day,For Köln_Venue,For Köln_Result,For Köln_GF,For Köln_GA,For Köln_Opponent,Performance_CrdY,Performance_CrdR,Performance_2CrdY,Performance_Fls,Performance_Fld,Performance_Off,Performance_Crs,Performance_Int,Performance_TklW,Performance_PKwon,Performance_PKcon,Performance_OG,Performance_Recov,Aerial Duels_Won,Aerial Duels_Lost,Aerial Duels_Won%,Match Report
2022-07-30,15:30 (06:30),DFB-Pokal,Round of 64,Sat,Away,D,2 (3),2 (4),Jahn R'burg,2,25,4,16.0,0.08,0.50,,,0,0,,,,,,Match Report,2022-07-30,15:30 (06:30),DFB-Pokal,Round of 64,Sat,Away,D,2 (3),2 (4),Jahn R'burg,2,2,0,0.0,0,,,0,0,0,0,,,,,,,,,,,,,,,,Match Report,2022-07-30,15:30 (06:30),DFB-Pokal,Round of 64,Sat,Away,D,2 (3),2 (4),Jahn R'burg,,,,,,,,,,,,,,,2,,,,,,,,Match Report,2022-07-30,15:30 (06:30),DFB-Pokal,Round of 64,Sat,Away,D,2 (3),2 (4),Jahn R'burg,,,,,,,35,,,,,,,,,Match Report,2022-07-30,15:30 (06:30),DFB-Pokal,Round of 64,Sat,Away,D,2 (3),2 (4),Jahn R'burg,,,,,,,,,,,,,,,Match Report,2022-07-30,15:30 (06:30),DFB-Pokal,Round of 64,Sat,Away,D,2 (3),2 (4),Jahn R'burg,,13,,,,,,,,,,,11,0,,,Match Report,2022-07-30,15:30 (06:30),DFB-Pokal,Round of 64,Sat,Away,D,2 (3),2 (4),Jahn R'burg,61,,,,,,,,,,,,,,,,,,,,,,,Match Report,2022-07-30,15:30 (06:30),DFB-Pokal,Round of 64,Sat,Away,D,2 (3),2 (4),Jahn R'burg,2,0,0,20,22,2,35,11,13,,,0,,,,,Match Report
2022-08-07,17:30 (08:30),Bundesliga,Matchweek 1,Sun,Home,W,3,1,Schalke 04,3,32,10,31.3,0.09,0.30,15.5,0,0,0,4.1,4.1,0.14,-1.1,-1.1,Match Report,2022-08-07,17:30 (08:30),Bundesliga,Matchweek 1,Sun,Home,W,3,1,Schalke 04,2,1,1,50.0,0,0.3,-0.7,0,0,0,0,1,3,33.3,40,2,7.5,23.5,3,0.0,21.0,7,0,0.0,2,25.0,Match Report,2022-08-07,17:30 (08:30),Bundesliga,Matchweek 1,Sun,Home,W,3,1,Schalke 04,569,676,84.2,10983,3174,210,230,91.3,280,317,88.3,74,105,70.5,2,3.3,4.7,26,50,17,9,76,Match Report,2022-08-07,17:30 (08:30),Bundesliga,Matchweek 1,Sun,Home,W,3,1,Schalke 04,676,625,49,11,2,6,38,24,9,3,2,0,569,2,11,Match Report,2022-08-07,17:30 (08:30),Bundesliga,Matchweek 1,Sun,Home,W,3,1,Schalke 04,56,44,5,2,4,1,0,5,3,0,1,1,0,0,Match Report,2022-08-07,17:30 (08:30),Bundesliga,Matchweek 1,Sun,Home,W,3,1,Schalke 04,20,9,5,10,5,8,12,66.7,4,9,1,8,12,32,17,0,Match Report,2022-08-07,17:30 (08:30),Bundesliga,Matchweek 1,Sun,Home,W,3,1,Schalke 04,75,799,51,201,341,262,46,799,19,12,63.2,2,10.5,485,2268,1223,26,14,6,12,7,562,75,Match Report,2022-08-07,17:30 (08:30),Bundesliga,Matchweek 1,Sun,Home,W,3,1,Schalke 04,0,0,0,8,10,2,38,12,9,0,0,0,61,24,10,70.6,Match Report
2022-08-13,15:30 (06:30),Bundesliga,Matchweek 2,Sat,Away,D,2,2,RB Leipzig,1,13,4,30.8,0.08,0.25,18.8,0,0,0,1.5,1.5,0.12,-0.5,-0.5,Match Report,2022-08-13,15:30 (06:30),Bundesliga,Matchweek 2,Sat,Away,D,2,2,RB Leipzig,5,2,3,60.0,0,1.8,-0.2,0,0,0,0,2,6,33.3,21,3,23.8,31.4,9,11.1,25.6,6,0,0.0,0,8.5,Match Report,2022-08-13,15:30 (06:30),Bundesliga,Matchweek 2,Sat,Away,D,2,2,RB Leipzig,338,440,76.8,6397,2489,124,146,84.9,158,189,83.6,46,73,63.0,1,1.4,1.4,12,28,9,2,40,Match Report,2022-08-13,15:30 (06:30),Bundesliga,Matchweek 2,Sat,Away,D,2,2,RB Leipzig,440,391,48,9,0,0,20,20,7,1,1,0,338,1,16,Match Report,2022-08-13,15:30 (06:30),Bundesliga,Matchweek 2,Sat,Away,D,2,2,RB Leipzig,25,23,1,1,0,0,0,2,2,0,0,0,0,0,Match Report,2022-08-13,15:30 (06:30),Bundesliga,Matchweek 2,Sat,Away,D,2,2,RB Leipzig,19,14,9,7,3,12,22,54.5,10,10,1,9,14,33,10,1,Match Report,2022-08-13,15:30 (06:30),Bundesliga,Matchweek 2,Sat,Away,D,2,2,RB Leipzig,48,534,40,146,248,144,18,534,14,10,71.4,4,28.6,312,1624,888,23,17,5,8,4,335,39,Match Report,2022-08-13,15:30 (06:30),Bundesliga,Matchweek 2,Sat,Away,D,2,2,RB Leipzig,4,0,0,18,7,1,20,14,14,0,0,0,50,13,13,50.0,Match Report
2022-08-18,20:30 (11:30),Conf Lg,Play-off round,Thu,Home,L,1,2,hu Vidi,1,,,,,,,,0,0,,,,,,Match Report,2022-08-18,20:30 (11:30),Conf Lg,Play-off round,Thu,Home,L,1,2,hu Vidi,,,,,0,,,0,0,0,0,,,,,,,,,,,,,,,,Match Report,2022-08-18,20:30 (11:30),Conf Lg,Play-off round,Thu,Home,L,1,2,hu Vidi,,,,,,,,,,,,,,,1,,,,,,,,Match Report,2022-08-18,20:30 (11:30),Conf Lg,Play-off round,Thu,Home,L,1,2,hu Vidi,,,,,,,,,,,,,,,,Match Report,2022-08-18,20:30 (11:30),Conf Lg,Play-off round,Thu,Home,L,1,2,hu Vidi,,,,,,,,,,,,,,,Match Report,2022-08-18,20:30 (11:30),Conf Lg,Play-off round,Thu,Home,L,1,2,hu Vidi,,,,,,,,,,,,,,0,,,Match Report,2022-08-18,20:30 (11:30),Conf Lg,Play-off round,Thu,Home,L,1,2,hu Vidi,,,,,,,,,,,,,,,,,,,,,,,,Match Report,2022-08-18,20:30 (11:30),Conf Lg,Play-off round,Thu,Home,L,1,2,hu Vidi,2,1,0,,,,,,,,,0,,,,,Match Report
2022-08-21,15:30 (06:30),Bundesliga,Matchweek 3,Sun,Away,D,1,1,Eint Frankfurt,1,5,2,40.0,0.20,0.50,16.2,0,0,0,0.3,0.3,0.06,+0.7,+0.7,Match Report,2022-08-21,15:30 (06:30),Bundesliga,Matchweek 3,Sun,Away,D,1,1,Eint Frankfurt,3,1,2,66.7,0,0.5,-0.5,0,0,0,0,7,12,58.3,42,3,23.8,30.3,9,22.2,28.3,12,0,0.0,0,4.0,Match Report,2022-08-21,15:30 (06:30),Bundesliga,Matchweek 3,Sun,Away,D,1,1,Eint Frankfurt,266,403,66.0,5397,2556,72,100,72.0,161,198,81.3,30,76,39.5,0,0.2,0.4,2,21,4,1,33,Match Report,2022-08-21,15:30 (06:30),Bundesliga,Matchweek 3,Sun,Away,D,1,1,Eint Frankfurt,403,342,57,19,0,1,22,18,9,5,4,0,266,4,14,Match Report,2022-08-21,15:30 (06:30),Bundesliga,Matchweek 3,Sun,Away,D,1,1,Eint Frankfurt,7,4,2,0,1,0,0,1,0,0,0,1,0,0,Match Report,2022-08-21,15:30 (06:30),Bundesliga,Matchweek 3,Sun,Away,D,1,1,Eint Frankfurt,25,16,13,11,1,12,25,48.0,13,12,1,11,18,43,24,0,Match Report,2022-08-21,15:30 (06:30),Bundesliga,Matchweek 3,Sun,Away,D,1,1,Eint Frankfurt,46,524,84,232,191,106,15,524,13,5,38.5,7,53.8,269,1441,782,15,5,3,14,7,265,33,Match Report,2022-08-21,15:30 (06:30),Bundesliga,Matchweek 3,Sun,Away,D,1,1,Eint Frankfurt,1,0,0,11,15,4,22,18,16,0,0,0,66,18,13,58.1,Match Report
2022-08-25,19:00 (10:00),Conf Lg,Play-off round,Thu,Away,W,3,0,hu Vidi,3,,,,,,,,0,0,,,,,,Match Report,2022-08-25,19:00 (10:00),Conf Lg,Play-off round,Thu,Away,W,3,0,hu Vidi,,,,,1,,,0,0,0,0,,,,,,,,,,,,,,,,Match Report,2022-08-25,19:00 (10:00),Conf Lg,Play-off round,Thu,Away,W,3,0,hu Vidi,,,,,,,,,,,,,,,3,,,,,,,,Match Report,2022-08-25,19:00 (10:00),Conf Lg,Play-off round,Thu,Away,W,3,0,hu Vidi,,,,,,,,,,,,,,,,Match Report,2022-08-25,19:00 (10:00),Conf Lg,Play-off round,Thu,Away,W,3,0,hu Vidi,,,,,,,,,,,,,,,Match Report,2022-08-25,19:00 (10:00),Conf Lg,Play-off round,Thu,Away,W,3,0,hu Vidi,,,,,,,,,,,,,,0,,,Match Report,2022-08-25,19:00 (10:00),Conf Lg,Play-off round,Thu,Away,W,3,0,hu Vidi,,,,,,,,,,,,,,,,,,,,,,,,Match Report,2022-08-25,19:00 (10:00),Conf Lg,Play-off round,Thu,Away,W,3,0,hu Vidi,6,1,1,,,,,,,,,0,,,,,Match Report
2022-08-28,15:30 (06:30),Bundesliga,Matchweek 4,Sun,Home,D,0,0,Stuttgart,0,7,1,14.3,0.00,0.00,19.4,0,0,0,0.6,0.6,0.08,-0.6,-0.6,Match Report,2022-08-28,15:30 (06:30),Bundesliga,Matchweek 4,Sun,Home,D,0,0,Stuttgart,5,0,5,100.0,1,1.3,+1.3,0,0,0,0,4,9,44.4,31,0,22.6,28.3,10,20.0,28.4,18,0,0.0,1,18.0,Match Report,2022-08-28,15:30 (06:30),Bundesliga,Matchweek 4,Sun,Home,D,0,0,Stuttgart,406,516,78.7,7969,2626,126,145,86.9,231,262,88.2,46,82,56.1,0,0.5,0.9,5,32,7,2,56,Match Report,2022-08-28,15:30 (06:30),Bundesliga,Matchweek 4,Sun,Home,D,0,0,Stuttgart,516,454,61,11,0,0,23,33,6,4,1,0,406,1,13,Match Report,2022-08-28,15:30 (06:30),Bundesliga,Matchweek 4,Sun,Home,D,0,0,Stuttgart,13,8,3,0,0,2,0,0,0,0,0,0,0,0,Match Report,2022-08-28,15:30 (06:30),Bundesliga,Matchweek 4,Sun,Home,D,0,0,Stuttgart,20,11,13,5,2,11,20,55.0,9,6,3,3,7,27,23,0,Match Report,2022-08-28,15:30 (06:30),Bundesliga,Matchweek 4,Sun,Home,D,0,0,Stuttgart,63,632,72,206,273,159,17,632,21,7,33.3,14,66.7,405,2116,925,18,17,3,17,3,401,55,Match Report,2022-08-28,15:30 (06:30),Bundesliga,Matchweek 4,Sun,Home,D,0,0,Stuttgart,2,0,0,14,11,1,23,7,11,0,0,0,48,15,14,51.7,Match Report
2022-09-03,15:30 (06:30),Bundesliga,Matchweek 5,Sat,Away,W,4,2,Wolfsburg,3,17,4,23.5,0.12,0.50,16.5,0,1,1,2.7,1.9,0.11,+0.3,+0.1,Match Report,2022-09-03,15:30 (06:30),Bundesliga,Matchweek 5,Sat,Away,W,4,2,Wolfsburg,3,2,1,33.3,0,1.4,-0.6,0,0,0,0,4,11,36.4,38,4,23.7,29.4,8,37.5,27.3,18,1,5.6,1,13.5,Match Report,2022-09-03,15:30 (06:30),Bundesliga,Matchweek 5,Sat,Away,W,4,2,Wolfsburg,327,429,76.2,6328,2636,120,134,89.6,163,186,87.6,42,89,47.2,2,1.9,1.4,15,25,11,2,34,Match Report,2022-09-03,15:30 (06:30),Bundesliga,Matchweek 5,Sat,Away,W,4,2,Wolfsburg,429,374,51,14,2,1,15,22,4,1,1,0,327,4,9,Match Report,2022-09-03,15:30 (06:30),Bundesliga,Matchweek 5,Sat,Away,W,4,2,Wolfsburg,31,26,2,1,0,2,0,6,5,0,0,0,1,0,Match Report,2022-09-03,15:30 (06:30),Bundesliga,Matchweek 5,Sat,Away,W,4,2,Wolfsburg,19,13,9,8,2,14,18,77.8,4,11,2,9,10,29,20,0,Match Report,2022-09-03,15:30 (06:30),Bundesliga,Matchweek 5,Sat,Away,W,4,2,Wolfsburg,49,562,75,240,208,120,25,561,25,12,48.0,13,52.0,251,1196,499,10,5,4,22,5,325,34,Match Report,2022-09-03,15:30 (06:30),Bundesliga,Matchweek 5,Sat,Away,W,4,2,Wolfsburg,1,0,0,14,12,4,15,10,13,1,0,0,65,15,20,42.9,Match Report
2022-09-08,19:40 (10:40),Conf Lg,Group stage,Thu,Away,D,1,1,fr Nice,1,9,4,44.4,0.11,0.25,15.9,0,0,0,1.3,1.3,0.15,-0.3,-0.3,Match Report,2022-09-08,19:40 (10:40),Conf Lg,Group stage,Thu,Away,D,1,1,fr Nice,7,1,6,100.0,0,2.0,+1.0,1,1,0,0,4,9,44.4,45,3,11.1,24.0,11,36.4,37.3,24,0,0.0,0,2.0,Match Report,2022-09-08,19:40 (10:40),Conf Lg,Group stage,Thu,Away,D,1,1,fr Nice,399,505,79.0,8211,2952,108,135,80.0,224,265,84.5,58,86,67.4,1,1.3,1.2,9,24,12,3,37,Match Report,2022-09-08,19:40 (10:40),Conf Lg,Group stage,Thu,Away,D,1,1,fr Nice,505,440,62,10,1,2,23,35,4,2,2,0,399,3,3,Match Report,2022-09-08,19:40 (10:40),Conf Lg,Group stage,Thu,Away,D,1,1,fr Nice,16,15,0,0,0,0,1,2,2,0,0,0,0,0,Match Report,2022-09-08,19:40 (10:40),Conf Lg,Group stage,Thu,Away,D,1,1,fr Nice,16,7,8,5,3,9,20,45.0,11,11,2,9,10,26,24,0,Match Report,2022-09-08,19:40 (10:40),Conf Lg,Group stage,Thu,Away,D,1,1,fr Nice,53,615,88,265,231,122,23,615,6,3,50.0,3,50.0,419,2522,1145,17,13,4,13,5,397,37,Match Report,2022-09-08,19:40 (10:40),Conf Lg,Group stage,Thu,Away,D,1,1,fr Nice,2,0,0,13,10,3,23,10,7,0,1,0,37,12,19,38.7,Match Report
2022-09-11,15:30 (06:30),Bundesliga,Matchweek 6,Sun,Home,L,0,1,Union Berlin,0,8,3,37.5,0.00,0.00,14.8,0,0,0,0.6,0.6,0.07,-0.6,-0.6,Match Report,2022-09-11,15:30 (06:30),Bundesliga,Matchweek 6,Sun,Home,L,0,1,Union Berlin,3,1,2,66.7,0,1.0,+1.0,1,0,1,0,5,11,45.5,27,5,33.3,32.1,10,20.0,29.4,15,1,6.7,0,4.0,Match Report,2022-09-11,15:30 (06:30),Bundesliga,Matchweek 6,Sun,Home,L,0,1,Union Berlin,373,509,73.3,7178,2748,132,166,79.5,187,225,83.1,45,81,55.6,0,0.6,0.5,8,21,5,1,36,Match Report,2022-09-11,15:30 (06:30),Bundesliga,Matchweek 6,Sun,Home,L,0,1,Union Berlin,509,451,57,13,0,2,23,25,7,5,1,0,373,1,15,Match Report,2022-09-11,15:30 (06:30),Bundesliga,Matchweek 6,Sun,Home,L,0,1,Union Berlin,13,8,3,0,1,0,1,0,0,0,0,0,0,0,Match Report,2022-09-11,15:30 (06:30),Bundesliga,Matchweek 6,Sun,Home,L,0,1,Union Berlin,13,7,5,6,2,4,12,33.3,8,14,2,12,8,21,28,0,Match Report,2022-09-11,15:30 (06:30),Bundesliga,Matchweek 6,Sun,Home,L,0,1,Union Berlin,53,630,64,219,279,133,21,630,13,5,38.5,6,46.2,314,1569,745,10,8,3,22,9,372,36,Match Report,2022-09-11,15:30 (06:30),Bundesliga,Matchweek 6,Sun,Home,L,0,1,Union Berlin,4,1,1,15,12,1,23,8,7,0,1,1,41,39,25,60.9,Match Report
2022-09-15,21:00 (12:00),Conf Lg,Group stage,Thu,Home,W,4,2,cz Slovácko,4,12,5,41.7,0.25,0.60,12.6,0,1,1,3.3,2.6,0.22,+0.7,+0.4,Match Report,2022-09-15,21:00 (12:00),Conf Lg,Group stage,Thu,Home,W,4,2,cz Slovácko,6,2,4,66.7,0,2.1,+0.1,0,0,0,0,6,10,60.0,42,3,19.0,28.4,9,22.2,24.2,9,0,0.0,0,,Match Report,2022-09-15,21:00 (12:00),Conf Lg,Group stage,Thu,Home,W,4,2,cz Slovácko,381,512,74.4,7739,2803,116,149,77.9,192,228,84.2,65,104,62.5,3,2.3,1.5,9,28,7,2,41,Match Report,2022-09-15,21:00 (12:00),Conf Lg,Group stage,Thu,Home,W,4,2,cz Slovácko,512,464,47,6,4,3,22,24,5,4,1,0,381,1,17,Match Report,2022-09-15,21:00 (12:00),Conf Lg,Group stage,Thu,Home,W,4,2,cz Slovácko,22,14,4,1,2,1,0,7,3,1,1,1,1,0,Match Report,2022-09-15,21:00 (12:00),Conf Lg,Group stage,Thu,Home,W,4,2,cz Slovácko,15,10,8,6,1,10,23,43.5,13,11,5,6,15,30,21,1,Match Report,2022-09-15,21:00 (12:00),Conf Lg,Group stage,Thu,Home,W,4,2,cz Slovácko,58,622,75,235,250,146,26,621,17,8,47.1,7,41.2,362,1980,1002,24,11,7,12,4,378,40,Match Report,2022-09-15,21:00 (12:00),Conf Lg,Group stage,Thu,Home,W,4,2,cz Slovácko,3,0,0,9,7,1,22,15,10,1,0,0,60,17,16,51.5,Match Report
2022-09-18,17:30 (08:30),Bundesliga,Matchweek 7,Sun,Away,D,1,1,Bochum,1,18,3,16.7,0.06,0.33,15.3,0,0,0,2.1,2.1,0.12,-1.1,-1.1,Match Report,2022-09-18,17:30 (08:30),Bundesliga,Matchweek 7,Sun,Away,D,1,1,Bochum,0,1,0,,0,0.0,0.0,0,0,0,0,0,0,,31,3,0.0,22.1,7,0.0,24.6,6,0,0.0,0,12.5,Match Report,2022-09-18,17:30 (08:30),Bundesliga,Matchweek 7,Sun,Away,D,1,1,Bochum,494,621,79.5,9646,3218,184,212,86.8,241,282,85.5,66,101,65.3,0,1.7,1.6,15,36,14,7,57,Match Report,2022-09-18,17:30 (08:30),Bundesliga,Matchweek 7,Sun,Away,D,1,1,Bochum,621,556,62,13,0,4,45,32,8,4,4,0,494,3,13,Match Report,2022-09-18,17:30 (08:30),Bundesliga,Matchweek 7,Sun,Away,D,1,1,Bochum,33,22,6,3,0,2,0,1,0,0,1,0,0,0,Match Report,2022-09-18,17:30 (08:30),Bundesliga,Matchweek 7,Sun,Away,D,1,1,Bochum,18,11,6,9,3,4,13,30.8,9,9,2,7,4,22,10,0,Match Report,2022-09-18,17:30 (08:30),Bundesliga,Matchweek 7,Sun,Away,D,1,1,Bochum,65,726,36,182,360,193,29,726,17,7,41.2,8,47.1,396,2330,1269,13,8,2,17,9,488,56,Match Report,2022-09-18,17:30 (08:30),Bundesliga,Matchweek 7,Sun,Away,D,1,1,Bochum,1,0,0,8,12,3,45,4,11,0,0,1,60,21,16,56.8,Match Report
2022-10-01,15:30 (06:30),Bundesliga,Matchweek 8,Sat,Home,W,3,2,Dortmund,3,21,10,47.6,0.14,0.30,16.1,0,0,0,1.9,1.9,0.09,+1.1,+1.1,Match Report,2022-10-01,15:30 (06:30),Bundesliga,Matchweek 8,Sat,Home,W,3,2,Dortmund,8,2,7,75.0,0,1.7,+0.7,0,0,0,0,3,8,37.5,33,4,21.2,29.2,7,14.3,27.0,23,0,0.0,0,,Match Report,2022-10-01,15:30 (06:30),Bundesliga,Matchweek 8,Sat,Home,W,3,2,Dortmund,290,388,74.7,5625,2537,105,120,87.5,141,170,82.9,39,75,52.0,3,1.4,1.0,17,24,6,2,33,Match Report,2022-10-01,15:30 (06:30),Bundesliga,Matchweek 8,Sat,Home,W,3,2,Dortmund,388,335,44,12,0,0,16,15,7,4,2,0,290,9,4,Match Report,2022-10-01,15:30 (06:30),Bundesliga,Matchweek 8,Sat,Home,W,3,2,Dortmund,37,29,4,1,3,0,0,6,5,1,0,0,0,0,Match Report,2022-10-01,15:30 (06:30),Bundesliga,Matchweek 8,Sat,Home,W,3,2,Dortmund,19,12,6,12,1,10,22,45.5,12,13,4,9,12,31,27,0,Match Report,2022-10-01,15:30 (06:30),Bundesliga,Matchweek 8,Sat,Home,W,3,2,Dortmund,42,524,86,205,216,106,29,524,15,4,26.7,11,73.3,308,1564,774,22,8,11,23,5,288,33,Match Report,2022-10-01,15:30 (06:30),Bundesliga,Matchweek 8,Sat,Home,W,3,2,Dortmund,4,0,0,14,8,9,16,12,12,0,0,1,63,10,13,43.5,Match Report
2022-10-06,21:00 (12:00),Conf Lg,Group stage,Thu,Home,L,0,1,rs Partizan,0,17,5,29.4,0.00,0.00,15.0,0,0,0,1.9,1.9,0.11,-1.9,-1.9,Match Report,2022-10-06,21:00 (12:00),Conf Lg,Group stage,Thu,Home,L,0,1,rs Partizan,5,1,4,80.0,0,1.5,+0.5,0,0,0,0,4,6,66.7,27,4,22.2,27.0,5,0.0,20.6,8,1,12.5,3,16.8,Match Report,2022-10-06,21:00 (12:00),Conf Lg,Group stage,Thu,Home,L,0,1,rs Partizan,595,719,82.8,11324,3756,215,246,87.4,289,326,88.7,75,110,68.2,0,1.8,1.9,15,66,20,8,83,Match Report,2022-10-06,21:00 (12:00),Conf Lg,Group stage,Thu,Home,L,0,1,rs Partizan,719,666,52,6,0,4,55,30,9,4,3,0,595,1,12,Match Report,2022-10-06,21:00 (12:00),Conf Lg,Group stage,Thu,Home,L,0,1,rs Partizan,33,29,2,0,2,0,0,0,0,0,0,0,0,0,Match Report,2022-10-06,21:00 (12:00),Conf Lg,Group stage,Thu,Home,L,0,1,rs Partizan,17,7,7,6,4,5,14,35.7,9,12,1,11,4,21,14,0,Match Report,2022-10-06,21:00 (12:00),Conf Lg,Group stage,Thu,Home,L,0,1,rs Partizan,73,842,48,177,403,272,47,842,20,7,35.0,12,60.0,461,2998,1618,48,24,9,20,9,593,83,Match Report,2022-10-06,21:00 (12:00),Conf Lg,Group stage,Thu,Home,L,0,1,rs Partizan,0,0,0,15,6,1,55,4,7,0,0,0,67,15,19,44.1,Match Report
2022-10-09,15:30 (06:30),Bundesliga,Matchweek 9,Sun,Away,L,2,5,Gladbach,2,4,2,50.0,0.25,0.50,19.2,0,1,1,1.3,0.5,0.12,+0.7,+0.5,Match Report,2022-10-09,15:30 (06:30),Bundesliga,Matchweek 9,Sun,Away,L,2,5,Gladbach,6,5,1,33.3,0,3.3,-1.7,1,1,0,0,5,9,55.6,44,3,15.9,30.1,4,50.0,39.0,12,0,0.0,0,,Match Report,2022-10-09,15:30 (06:30),Bundesliga,Matchweek 9,Sun,Away,L,2,5,Gladbach,255,349,73.1,5306,2100,76,95,80.0,140,167,83.8,37,71,52.1,0,0.2,0.2,3,18,4,2,23,Match Report,2022-10-09,15:30 (06:30),Bundesliga,Matchweek 9,Sun,Away,L,2,5,Gladbach,349,304,44,10,0,1,16,20,4,1,2,0,255,1,9,Match Report,2022-10-09,15:30 (06:30),Bundesliga,Matchweek 9,Sun,Away,L,2,5,Gladbach,10,8,0,0,0,2,0,4,2,0,0,0,2,0,Match Report,2022-10-09,15:30 (06:30),Bundesliga,Matchweek 9,Sun,Away,L,2,5,Gladbach,18,8,13,4,1,9,23,39.1,14,11,3,8,12,30,17,0,Match Report,2022-10-09,15:30 (06:30),Bundesliga,Matchweek 9,Sun,Away,L,2,5,Gladbach,35,443,60,190,180,80,10,442,9,2,22.2,7,77.8,235,1236,589,10,5,2,8,6,253,23,Match Report,2022-10-09,15:30 (06:30),Bundesliga,Matchweek 9,Sun,Away,L,2,5,Gladbach,3,1,1,14,7,1,16,12,8,1,1,0,48,5,11,31.3,Match Report
2022-10-13,18:45 (09:45),Conf Lg,Group stage,Thu,Away,L,0,2,rs Partizan,0,10,2,20.0,0.00,0.00,15.0,0,0,0,0.9,0.9,0.09,-0.9,-0.9,Match Report,2022-10-13,18:45 (09:45),Conf Lg,Group stage,Thu,Away,L,0,2,rs Partizan,4,2,2,50.0,0,1.0,-1.0,0,0,0,0,2,6,33.3,45,4,8.9,21.2,5,40.0,33.8,8,0,0.0,1,27.5,Match Report,2022-10-13,18:45 (09:45),Conf Lg,Group stage,Thu,Away,L,0,2,rs Partizan,469,611,76.8,8744,2760,169,200,84.5,251,297,84.5,44,89,49.4,0,0.5,1.1,5,36,8,0,58,Match Report,2022-10-13,18:45 (09:45),Conf Lg,Group stage,Thu,Away,L,0,2,rs Partizan,611,542,68,14,0,1,31,35,11,7,4,0,469,1,16,Match Report,2022-10-13,18:45 (09:45),Conf Lg,Group stage,Thu,Away,L,0,2,rs Partizan,13,9,3,0,1,0,0,0,0,0,0,0,0,0,Match Report,2022-10-13,18:45 (09:45),Conf Lg,Group stage,Thu,Away,L,0,2,rs Partizan,14,9,7,5,2,4,11,36.4,7,15,3,12,12,26,13,1,Match Report,2022-10-13,18:45 (09:45),Conf Lg,Group stage,Thu,Away,L,0,2,rs Partizan,68,722,54,217,324,183,24,722,11,4,36.4,7,63.6,398,2147,1088,19,14,0,18,9,468,58,Match Report,2022-10-13,18:45 (09:45),Conf Lg,Group stage,Thu,Away,L,0,2,rs Partizan,3,0,0,13,13,1,31,12,9,0,0,0,62,20,22,47.6,Match Report
2022-10-16,15:30 (06:30),Bundesliga,Matchweek 10,Sun,Home,W,3,2,Augsburg,3,15,5,33.3,0.20,0.60,15.1,0,0,0,1.5,1.5,0.10,+1.5,+1.5,Match Report,2022-10-16,15:30 (06:30),Bundesliga,Matchweek 10,Sun,Home,W,3,2,Augsburg,2,2,0,0.0,0,1.1,-0.9,0,0,0,0,3,22,13.6,43,3,44.2,35.8,8,37.5,30.6,10,2,20.0,0,7.3,Match Report,2022-10-16,15:30 (06:30),Bundesliga,Matchweek 10,Sun,Home,W,3,2,Augsburg,398,539,73.8,6530,2312,198,226,87.6,158,197,80.2,28,79,35.4,1,0.7,1.1,8,31,9,4,32,Match Report,2022-10-16,15:30 (06:30),Bundesliga,Matchweek 10,Sun,Home,W,3,2,Augsburg,539,475,64,16,1,0,32,32,5,2,3,0,398,0,13,Match Report,2022-10-16,15:30 (06:30),Bundesliga,Matchweek 10,Sun,Home,W,3,2,Augsburg,25,21,1,3,0,0,0,6,4,0,2,0,0,0,Match Report,2022-10-16,15:30 (06:30),Bundesliga,Matchweek 10,Sun,Home,W,3,2,Augsburg,14,8,9,4,1,8,14,57.1,6,4,1,3,1,15,27,0,Match Report,2022-10-16,15:30 (06:30),Bundesliga,Matchweek 10,Sun,Home,W,3,2,Augsburg,64,648,54,196,217,241,32,648,14,6,42.9,7,50.0,343,2032,867,18,11,7,17,17,390,32,Match Report,2022-10-16,15:30 (06:30),Bundesliga,Matchweek 10,Sun,Home,W,3,2,Augsburg,2,0,0,11,14,0,32,1,8,0,0,0,41,22,31,41.5,Match Report
2022-10-21,20:30 (11:30),Bundesliga,Matchweek 11,Fri,Away,L,0,5,Mainz 05,0,6,2,33.3,0.00,0.00,19.4,1,0,0,0.7,0.7,0.12,-0.7,-0.7,Match Report,2022-10-21,20:30 (11:30),Bundesliga,Matchweek 11,Fri,Away,L,0,5,Mainz 05,7,5,2,42.9,0,2.7,-2.3,1,1,0,0,6,18,33.3,39,4,28.2,30.9,10,70.0,51.3,22,0,0.0,0,11.0,Match Report,2022-10-21,20:30 (11:30),Bundesliga,Matchweek 11,Fri,Away,L,0,5,Mainz 05,295,399,73.9,5744,2101,114,135,84.4,135,160,84.4,39,80,48.8,0,0.7,0.5,5,13,5,1,21,Match Report,2022-10-21,20:30 (11:30),Bundesliga,Matchweek 11,Fri,Away,L,0,5,Mainz 05,399,347,52,13,1,4,11,19,4,3,1,0,295,0,10,Match Report,2022-10-21,20:30 (11:30),Bundesliga,Matchweek 11,Fri,Away,L,0,5,Mainz 05,11,9,0,1,0,1,0,0,0,0,0,0,0,0,Match Report,2022-10-21,20:30 (11:30),Bundesliga,Matchweek 11,Fri,Away,L,0,5,Mainz 05,23,13,9,12,2,14,20,70.0,6,8,2,6,7,30,16,0,Match Report,2022-10-21,20:30 (11:30),Bundesliga,Matchweek 11,Fri,Away,L,0,5,Mainz 05,45,490,65,219,206,68,5,490,9,4,44.4,5,55.6,257,1137,526,6,6,0,11,7,292,21,Match Report,2022-10-21,20:30 (11:30),Bundesliga,Matchweek 11,Fri,Away,L,0,5,Mainz 05,5,1,1,14,12,0,11,7,13,0,1,0,47,9,8,52.9,Match Report
2022-10-28,13:00 (04:00),Conf Lg,Group stage,Fri,Away,W,1,0,cz Slovácko,1,12,4,33.3,0.00,0.00,17.8,0,1,2,3.0,1.4,0.12,-2.0,-1.4,Match Report,2022-10-28,13:00 (04:00),Conf Lg,Group stage,Fri,Away,W,1,0,cz Slovácko,2,0,2,100.0,1,0.4,+0.4,0,0,0,0,3,6,50.0,21,1,14.3,22.3,9,33.3,37.6,18,0,0.0,0,,Match Report,2022-10-28,13:00 (04:00),Conf Lg,Group stage,Fri,Away,W,1,0,cz Slovácko,355,476,74.6,7078,2691,120,157,76.4,177,210,84.3,48,73,65.8,0,1.4,1.1,11,27,5,3,37,Match Report,2022-10-28,13:00 (04:00),Conf Lg,Group stage,Fri,Away,W,1,0,cz Slovácko,476,416,60,14,1,4,23,30,6,2,4,0,355,0,17,Match Report,2022-10-28,13:00 (04:00),Conf Lg,Group stage,Fri,Away,W,1,0,cz Slovácko,26,19,4,1,0,2,0,2,0,1,0,0,1,0,Match Report,2022-10-28,13:00 (04:00),Conf Lg,Group stage,Fri,Away,W,1,0,cz Slovácko,15,8,7,5,3,8,10,80.0,2,6,2,4,7,22,19,0,Match Report,2022-10-28,13:00 (04:00),Conf Lg,Group stage,Fri,Away,W,1,0,cz Slovácko,57,579,53,207,227,149,22,577,13,7,53.8,5,38.5,293,1640,891,21,13,4,20,7,350,36,Match Report,2022-10-28,13:00 (04:00),Conf Lg,Group stage,Fri,Away,W,1,0,cz Slovácko,5,0,0,19,13,0,23,7,8,2,0,0,53,23,19,54.8,Match Report
2022-10-30,19:30 (11:30),Bundesliga,Matchweek 12,Sun,Home,D,1,1,Hoffenheim,1,11,3,27.3,0.09,0.33,17.4,0,0,0,1.2,1.2,0.11,-0.2,-0.2,Match Report,2022-10-30,19:30 (11:30),Bundesliga,Matchweek 12,Sun,Home,D,1,1,Hoffenheim,1,1,0,0.0,0,0.9,-0.1,0,0,0,0,7,18,38.9,31,4,54.8,42.7,6,16.7,19.0,11,3,27.3,0,6.5,Match Report,2022-10-30,19:30 (11:30),Bundesliga,Matchweek 12,Sun,Home,D,1,1,Hoffenheim,231,356,64.9,4554,2211,90,113,79.6,104,138,75.4,36,83,43.4,1,0.9,1.2,7,10,7,3,28,Match Report,2022-10-30,19:30 (11:30),Bundesliga,Matchweek 12,Sun,Home,D,1,1,Hoffenheim,356,306,47,11,0,3,23,23,5,1,4,0,231,3,12,Match Report,2022-10-30,19:30 (11:30),Bundesliga,Matchweek 12,Sun,Home,D,1,1,Hoffenheim,16,10,3,0,2,0,1,2,2,0,0,0,0,0,Match Report,2022-10-30,19:30 (11:30),Bundesliga,Matchweek 12,Sun,Home,D,1,1,Hoffenheim,13,5,7,4,2,7,13,53.8,6,7,1,6,14,27,26,0,Match Report,2022-10-30,19:30 (11:30),Bundesliga,Matchweek 12,Sun,Home,D,1,1,Hoffenheim,36,466,62,180,185,105,19,466,10,3,30.0,5,50.0,252,1299,539,14,13,1,12,10,225,28,Match Report,2022-10-30,19:30 (11:30),Bundesliga,Matchweek 12,Sun,Home,D,1,1,Hoffenheim,1,0,0,11,9,3,23,14,5,0,0,0,54,15,8,65.2,Match Report
2022-11-03,21:00 (13:00),Conf Lg,Group stage,Thu,Home,D,2,2,fr Nice,2,18,7,38.9,0.11,0.29,17.2,0,0,0,1.6,1.6,0.09,+0.4,+0.4,Match Report,2022-11-03,21:00 (13:00),Conf Lg,Group stage,Thu,Home,D,2,2,fr Nice,4,2,2,50.0,0,0.4,-1.6,0,0,0,0,4,6,66.7,39,4,15.4,26.2,5,0.0,19.2,7,0,0.0,1,38.0,Match Report,2022-11-03,21:00 (13:00),Conf Lg,Group stage,Thu,Home,D,2,2,fr Nice,423,564,75.0,8786,2930,128,159,80.5,216,262,82.4,71,115,61.7,2,1.2,1.0,12,31,13,3,56,Match Report,2022-11-03,21:00 (13:00),Conf Lg,Group stage,Thu,Home,D,2,2,fr Nice,564,505,56,9,0,3,32,33,6,4,2,0,423,3,11,Match Report,2022-11-03,21:00 (13:00),Conf Lg,Group stage,Thu,Home,D,2,2,fr Nice,25,22,1,1,1,0,0,4,4,0,0,0,0,0,Match Report,2022-11-03,21:00 (13:00),Conf Lg,Group stage,Thu,Home,D,2,2,fr Nice,32,13,14,12,6,16,33,48.5,17,11,4,7,15,47,11,1,Match Report,2022-11-03,21:00 (13:00),Conf Lg,Group stage,Thu,Home,D,2,2,fr Nice,56,695,49,198,334,170,31,695,12,4,33.3,6,50.0,466,2375,1045,16,13,2,15,11,419,56,Match Report,2022-11-03,21:00 (13:00),Conf Lg,Group stage,Thu,Home,D,2,2,fr Nice,2,0,0,13,8,3,32,15,13,0,0,0,70,18,18,50.0,Match Report
2022-11-06,17:30 (08:30),Bundesliga,Matchweek 13,Sun,Away,L,0,2,Freiburg,0,6,2,33.3,0.00,0.00,14.2,0,0,0,0.5,0.5,0.08,-0.5,-0.5,Match Report,2022-11-06,17:30 (08:30),Bundesliga,Matchweek 13,Sun,Away,L,0,2,Freiburg,5,2,3,60.0,0,2.0,0.0,0,0,0,0,3,12,25.0,48,4,20.8,28.0,8,25.0,27.4,13,0,0.0,1,9.7,Match Report,2022-11-06,17:30 (08:30),Bundesliga,Matchweek 13,Sun,Away,L,0,2,Freiburg,325,447,72.7,6349,2038,103,125,82.4,175,216,81.0,42,75,56.0,0,0.4,0.4,5,21,4,0,25,Match Report,2022-11-06,17:30 (08:30),Bundesliga,Matchweek 13,Sun,Away,L,0,2,Freiburg,447,398,48,10,0,7,13,24,3,0,3,0,325,1,12,Match Report,2022-11-06,17:30 (08:30),Bundesliga,Matchweek 13,Sun,Away,L,0,2,Freiburg,7,5,2,0,0,0,0,0,0,0,0,0,0,0,Match Report,2022-11-06,17:30 (08:30),Bundesliga,Matchweek 13,Sun,Away,L,0,2,Freiburg,7,5,5,1,1,3,13,23.1,10,13,4,9,12,19,29,0,Match Report,2022-11-06,17:30 (08:30),Bundesliga,Matchweek 13,Sun,Away,L,0,2,Freiburg,45,559,90,271,196,96,16,559,9,5,55.6,4,44.4,271,1570,823,14,11,6,15,10,321,25,Match Report,2022-11-06,17:30 (08:30),Bundesliga,Matchweek 13,Sun,Away,L,0,2,Freiburg,1,0,0,10,9,1,13,12,5,0,0,0,53,25,19,56.8,Match Report
2022-11-09,18:30 (09:30),Bundesliga,Matchweek 14,Wed,Home,L,1,2,Leverkusen,1,19,7,36.8,0.05,0.14,17.8,0,0,0,1.4,1.4,0.08,-0.4,-0.4,Match Report,2022-11-09,18:30 (09:30),Bundesliga,Matchweek 14,Wed,Home,L,1,2,Leverkusen,3,2,1,33.3,0,0.9,-1.1,0,0,0,0,4,12,33.3,56,4,21.4,30.9,8,0.0,20.5,5,1,20.0,1,18.0,Match Report,2022-11-09,18:30 (09:30),Bundesliga,Matchweek 14,Wed,Home,L,1,2,Leverkusen,493,607,81.2,9032,2941,180,201,89.6,255,289,88.2,43,87,49.4,1,1.0,1.4,12,31,7,1,52,Match Report,2022-11-09,18:30 (09:30),Bundesliga,Matchweek 14,Wed,Home,L,1,2,Leverkusen,607,561,46,8,0,0,22,21,6,4,1,0,493,0,10,Match Report,2022-11-09,18:30 (09:30),Bundesliga,Matchweek 14,Wed,Home,L,1,2,Leverkusen,28,19,3,1,5,0,0,2,2,0,0,0,0,0,Match Report,2022-11-09,18:30 (09:30),Bundesliga,Matchweek 14,Wed,Home,L,1,2,Leverkusen,15,11,6,6,3,8,18,44.4,10,13,3,10,10,25,11,0,Match Report,2022-11-09,18:30 (09:30),Bundesliga,Matchweek 14,Wed,Home,L,1,2,Leverkusen,58,715,56,210,345,166,24,715,16,3,18.8,10,62.5,473,2455,1243,16,15,3,16,6,484,52,Match Report,2022-11-09,18:30 (09:30),Bundesliga,Matchweek 14,Wed,Home,L,1,2,Leverkusen,1,0,0,9,7,0,22,10,11,0,0,0,53,20,15,57.1,Match Report
2022-11-12,15:30 (06:30),Bundesliga,Matchweek 15,Sat,Away,L,0,2,Hertha BSC,0,10,3,30.0,0.00,0.00,16.6,2,0,0,1.8,1.8,0.18,-1.8,-1.8,Match Report,2022-11-12,15:30 (06:30),Bundesliga,Matchweek 15,Sat,Away,L,0,2,Hertha BSC,8,2,6,75.0,0,1.4,-0.6,0,0,0,0,1,5,20.0,32,4,15.6,29.4,6,0.0,19.7,17,0,0.0,1,12.0,Match Report,2022-11-12,15:30 (06:30),Bundesliga,Matchweek 15,Sat,Away,L,0,2,Hertha BSC,328,454,72.2,6377,2330,102,128,79.7,172,209,82.3,44,89,49.4,0,1.1,1.2,4,31,5,1,36,Match Report,2022-11-12,15:30 (06:30),Bundesliga,Matchweek 15,Sat,Away,L,0,2,Hertha BSC,454,396,55,15,1,5,25,26,5,3,2,0,328,3,9,Match Report,2022-11-12,15:30 (06:30),Bundesliga,Matchweek 15,Sat,Away,L,0,2,Hertha BSC,18,14,1,1,0,2,0,0,0,0,0,0,0,0,Match Report,2022-11-12,15:30 (06:30),Bundesliga,Matchweek 15,Sat,Away,L,0,2,Hertha BSC,29,18,15,12,2,17,26,65.4,9,14,6,8,8,37,22,0,Match Report,2022-11-12,15:30 (06:30),Bundesliga,Matchweek 15,Sat,Away,L,0,2,Hertha BSC,52,591,78,245,240,114,17,591,17,5,29.4,10,58.8,257,1431,705,16,10,5,20,6,325,36,Match Report,2022-11-12,15:30 (06:30),Bundesliga,Matchweek 15,Sat,Away,L,0,2,Hertha BSC,1,0,0,10,15,3,25,8,18,0,0,0,72,11,23,32.4,Match Report
2023-01-21,18:30 (09:30),Bundesliga,Matchweek 16,Sat,Home,W,7,1,Werder Bremen,6,15,7,46.7,0.40,0.86,14.5,0,0,0,3.0,3.0,0.21,+3.0,+3.0,Match Report,2023-01-21,18:30 (09:30),Bundesliga,Matchweek 16,Sat,Home,W,7,1,Werder Bremen,2,1,1,50.0,0,0.2,-0.8,0,0,0,0,5,12,41.7,40,6,25.0,30.4,3,66.7,41.7,17,2,11.8,0,7.0,Match Report,2023-01-21,18:30 (09:30),Bundesliga,Matchweek 16,Sat,Home,W,7,1,Werder Bremen,420,534,78.7,7569,2722,168,194,86.6,213,237,89.9,35,76,46.1,5,2.5,1.2,11,34,5,0,34,Match Report,2023-01-21,18:30 (09:30),Bundesliga,Matchweek 16,Sat,Home,W,7,1,Werder Bremen,534,492,42,16,0,0,8,19,2,2,0,0,420,0,12,Match Report,2023-01-21,18:30 (09:30),Bundesliga,Matchweek 16,Sat,Home,W,7,1,Werder Bremen,24,18,0,3,3,0,0,8,6,0,1,1,0,0,Match Report,2023-01-21,18:30 (09:30),Bundesliga,Matchweek 16,Sat,Home,W,7,1,Werder Bremen,27,17,12,12,3,15,22,68.2,7,12,3,9,8,35,16,0,Match Report,2023-01-21,18:30 (09:30),Bundesliga,Matchweek 16,Sat,Home,W,7,1,Werder Bremen,50,651,65,244,260,155,31,651,14,7,50.0,5,35.7,295,1853,845,25,11,8,12,20,418,34,Match Report,2023-01-21,18:30 (09:30),Bundesliga,Matchweek 16,Sat,Home,W,7,1,Werder Bremen,0,0,0,10,13,0,8,8,17,0,0,0,69,19,15,55.9,Match Report
2023-01-24,20:30 (11:30),Bundesliga,Matchweek 17,Tue,Away,D,1,1,Bayern Munich,1,3,1,33.3,0.33,1.00,7.5,0,0,0,0.8,0.8,0.27,+0.2,+0.2,Match Report,2023-01-24,20:30 (11:30),Bundesliga,Matchweek 17,Tue,Away,D,1,1,Bayern Munich,7,1,6,85.7,0,0.9,-0.1,0,0,0,0,6,15,40.0,22,2,59.1,43.7,12,16.7,20.7,28,1,3.6,0,4.0,Match Report,2023-01-24,20:30 (11:30),Bundesliga,Matchweek 17,Tue,Away,D,1,1,Bayern Munich,161,278,57.9,2971,1468,73,94,77.7,64,110,58.2,22,52,42.3,1,0.7,0.1,2,5,2,0,13,Match Report,2023-01-24,20:30 (11:30),Bundesliga,Matchweek 17,Tue,Away,D,1,1,Bayern Munich,278,229,47,9,1,2,11,20,4,2,1,0,161,2,12,Match Report,2023-01-24,20:30 (11:30),Bundesliga,Matchweek 17,Tue,Away,D,1,1,Bayern Munich,2,0,1,0,1,0,0,1,0,0,0,1,0,0,Match Report,2023-01-24,20:30 (11:30),Bundesliga,Matchweek 17,Tue,Away,D,1,1,Bayern Munich,28,22,14,14,0,12,32,37.5,20,21,10,11,16,44,37,0,Match Report,2023-01-24,20:30 (11:30),Bundesliga,Matchweek 17,Tue,Away,D,1,1,Bayern Munich,23,421,104,221,131,76,11,421,12,2,16.7,9,75.0,151,804,395,6,8,0,12,16,159,13,Match Report,2023-01-24,20:30 (11:30),Bundesliga,Matchweek 17,Tue,Away,D,1,1,Bayern Munich,1,0,0,10,7,2,11,16,22,0,0,0,65,10,16,38.5,Match Report
2023-01-29,15:30 (06:30),Bundesliga,Matchweek 18,Sun,Away,D,0,0,Schalke 04,0,6,0,0.0,0.00,,15.7,0,0,0,0.3,0.3,0.05,-0.3,-0.3,Match Report,2023-01-29,15:30 (06:30),Bundesliga,Matchweek 18,Sun,Away,D,0,0,Schalke 04,2,0,2,100.0,1,0.6,+0.6,0,0,0,0,6,16,37.5,33,7,39.4,32.9,9,33.3,28.9,24,2,8.3,0,7.3,Match Report,2023-01-29,15:30 (06:30),Bundesliga,Matchweek 18,Sun,Away,D,0,0,Schalke 04,261,388,67.3,5012,2024,105,135,77.8,121,159,76.1,31,76,40.8,0,0.1,0.5,3,11,7,0,17,Match Report,2023-01-29,15:30 (06:30),Bundesliga,Matchweek 18,Sun,Away,D,0,0,Schalke 04,388,335,52,13,0,2,18,22,7,3,4,0,261,1,10,Match Report,2023-01-29,15:30 (06:30),Bundesliga,Matchweek 18,Sun,Away,D,0,0,Schalke 04,10,5,1,1,1,1,1,0,0,0,0,0,0,0,Match Report,2023-01-29,15:30 (06:30),Bundesliga,Matchweek 18,Sun,Away,D,0,0,Schalke 04,18,10,12,5,1,9,13,69.2,4,19,6,13,6,24,52,0,Match Report,2023-01-29,15:30 (06:30),Bundesliga,Matchweek 18,Sun,Away,D,0,0,Schalke 04,46,532,95,225,222,92,19,532,17,6,35.3,10,58.8,242,1416,739,9,8,2,13,7,258,17,Match Report,2023-01-29,15:30 (06:30),Bundesliga,Matchweek 18,Sun,Away,D,0,0,Schalke 04,4,0,0,16,13,1,18,6,10,0,0,0,57,31,23,57.4,Match Report
2023-02-04,15:30 (06:30),Bundesliga,Matchweek 19,Sat,Home,D,0,0,RB Leipzig,0,9,0,0.0,0.00,,21.0,0,0,0,0.8,0.8,0.09,-0.8,-0.8,Match Report,2023-02-04,15:30 (06:30),Bundesliga,Matchweek 19,Sat,Home,D,0,0,RB Leipzig,2,0,2,100.0,1,1.1,+1.1,0,0,0,0,6,11,54.5,30,0,36.7,33.5,4,0.0,27.5,5,0,0.0,0,,Match Report,2023-02-04,15:30 (06:30),Bundesliga,Matchweek 19,Sat,Home,D,0,0,RB Leipzig,351,495,70.9,6446,2610,149,182,81.9,161,202,79.7,34,73,46.6,0,0.7,0.7,6,25,8,2,43,Match Report,2023-02-04,15:30 (06:30),Bundesliga,Matchweek 19,Sat,Home,D,0,0,RB Leipzig,495,430,63,17,1,1,23,36,5,3,1,0,351,2,22,Match Report,2023-02-04,15:30 (06:30),Bundesliga,Matchweek 19,Sat,Home,D,0,0,RB Leipzig,14,11,1,1,1,0,0,0,0,0,0,0,0,0,Match Report,2023-02-04,15:30 (06:30),Bundesliga,Matchweek 19,Sat,Home,D,0,0,RB Leipzig,15,9,8,3,4,7,17,41.2,10,17,3,14,21,36,16,0,Match Report,2023-02-04,15:30 (06:30),Bundesliga,Matchweek 19,Sat,Home,D,0,0,RB Leipzig,44,621,45,189,268,168,23,621,20,7,35.0,12,60.0,341,1422,576,9,8,1,18,13,350,43,Match Report,2023-02-04,15:30 (06:30),Bundesliga,Matchweek 19,Sat,Home,D,0,0,RB Leipzig,3,0,0,10,14,2,23,21,9,0,0,0,75,9,11,45.0,Match Report
2023-02-12,17:30 (08:30),Bundesliga,Matchweek 20,Sun,Home,W,3,0,Eint Frankfurt,3,8,4,50.0,0.38,0.75,13.0,0,0,0,1.2,1.2,0.15,+1.8,+1.8,Match Report,2023-02-12,17:30 (08:30),Bundesliga,Matchweek 20,Sun,Home,W,3,0,Eint Frankfurt,1,0,1,100.0,1,0.1,+0.1,0,0,0,0,6,9,66.7,38,5,23.7,28.8,7,0.0,25.9,17,0,0.0,0,,Match Report,2023-02-12,17:30 (08:30),Bundesliga,Matchweek 20,Sun,Home,W,3,0,Eint Frankfurt,333,452,73.7,6543,2397,112,130,86.2,162,197,82.2,50,94,53.2,2,1.1,1.2,6,21,3,3,30,Match Report,2023-02-12,17:30 (08:30),Bundesliga,Matchweek 20,Sun,Home,W,3,0,Eint Frankfurt,452,407,44,13,1,2,16,20,3,1,1,0,333,1,14,Match Report,2023-02-12,17:30 (08:30),Bundesliga,Matchweek 20,Sun,Home,W,3,0,Eint Frankfurt,13,7,2,1,1,2,0,5,2,1,0,1,1,0,Match Report,2023-02-12,17:30 (08:30),Bundesliga,Matchweek 20,Sun,Home,W,3,0,Eint Frankfurt,30,19,14,13,3,18,34,52.9,16,22,1,21,7,37,21,0,Match Report,2023-02-12,17:30 (08:30),Bundesliga,Matchweek 20,Sun,Home,W,3,0,Eint Frankfurt,43,588,64,222,268,105,20,588,19,9,47.4,4,21.1,272,1296,648,18,8,5,16,8,332,30,Match Report,2023-02-12,17:30 (08:30),Bundesliga,Matchweek 20,Sun,Home,W,3,0,Eint Frankfurt,3,0,0,15,11,1,16,7,19,0,0,0,66,19,16,54.3,Match Report
2023-02-18,15:30 (06:30),Bundesliga,Matchweek 21,Sat,Away,L,0,3,Stuttgart,0,12,4,33.3,0.00,0.00,19.3,1,0,0,0.5,0.5,0.04,-0.5,-0.5,Match Report,2023-02-18,15:30 (06:30),Bundesliga,Matchweek 21,Sat,Away,L,0,3,Stuttgart,7,3,4,57.1,0,2.1,-0.9,0,0,0,0,5,12,41.7,30,1,33.3,32.8,13,15.4,29.5,12,0,0.0,1,17.0,Match Report,2023-02-18,15:30 (06:30),Bundesliga,Matchweek 21,Sat,Away,L,0,3,Stuttgart,399,533,74.9,7392,2631,159,184,86.4,192,234,82.1,43,86,50.0,0,0.3,0.5,8,30,6,2,34,Match Report,2023-02-18,15:30 (06:30),Bundesliga,Matchweek 21,Sat,Away,L,0,3,Stuttgart,533,469,61,10,0,1,20,28,6,2,1,0,399,3,12,Match Report,2023-02-18,15:30 (06:30),Bundesliga,Matchweek 21,Sat,Away,L,0,3,Stuttgart,22,13,5,1,1,2,0,0,0,0,0,0,0,0,Match Report,2023-02-18,15:30 (06:30),Bundesliga,Matchweek 21,Sat,Away,L,0,3,Stuttgart,24,12,12,10,2,11,26,42.3,15,14,4,10,9,33,11,0,Match Report,2023-02-18,15:30 (06:30),Bundesliga,Matchweek 21,Sat,Away,L,0,3,Stuttgart,55,660,70,215,309,138,16,660,16,5,31.3,8,50.0,382,1816,821,9,6,2,13,5,399,34,Match Report,2023-02-18,15:30 (06:30),Bundesliga,Matchweek 21,Sat,Away,L,0,3,Stuttgart,4,0,0,12,10,3,20,9,12,0,0,0,65,13,20,39.4,Match Report
2023-02-25,15:30 (06:30),Bundesliga,Matchweek 22,Sat,Home,L,0,2,Wolfsburg,0,13,5,38.5,0.00,0.00,14.9,0,0,0,1.2,1.2,0.10,-1.2,-1.2,Match Report,2023-02-25,15:30 (06:30),Bundesliga,Matchweek 22,Sat,Home,L,0,2,Wolfsburg,4,2,2,75.0,0,1.1,-0.9,1,1,0,0,1,4,25.0,38,5,10.5,25.3,2,0.0,15.5,8,0,0.0,1,13.5,Match Report,2023-02-25,15:30 (06:30),Bundesliga,Matchweek 22,Sat,Home,L,0,2,Wolfsburg,394,518,76.1,7729,2599,117,144,81.3,226,269,84.0,44,76,57.9,0,1.0,1.1,10,29,8,3,37,Match Report,2023-02-25,15:30 (06:30),Bundesliga,Matchweek 22,Sat,Home,L,0,2,Wolfsburg,518,451,61,17,0,0,32,29,10,4,3,0,394,6,13,Match Report,2023-02-25,15:30 (06:30),Bundesliga,Matchweek 22,Sat,Home,L,0,2,Wolfsburg,20,10,4,1,4,0,1,0,0,0,0,0,0,0,Match Report,2023-02-25,15:30 (06:30),Bundesliga,Matchweek 22,Sat,Home,L,0,2,Wolfsburg,20,16,7,8,5,8,21,38.1,13,13,1,12,7,27,13,1,Match Report,2023-02-25,15:30 (06:30),Bundesliga,Matchweek 22,Sat,Home,L,0,2,Wolfsburg,57,625,48,224,259,151,25,625,16,7,43.8,7,43.8,380,2102,1037,17,18,3,9,9,393,37,Match Report,2023-02-25,15:30 (06:30),Bundesliga,Matchweek 22,Sat,Home,L,0,2,Wolfsburg,1,0,0,9,16,6,32,7,16,0,1,0,56,20,10,66.7,Match Report
2023-03-04,15:30 (06:30),Bundesliga,Matchweek 23,Sat,Away,D,0,0,Union Berlin,0,10,4,40.0,0.00,0.00,15.3,0,0,0,0.9,0.9,0.09,-0.9,-0.9,Match Report,2023-03-04,15:30 (06:30),Bundesliga,Matchweek 23,Sat,Away,D,0,0,Union Berlin,2,0,2,100.0,1,0.2,+0.2,0,0,0,0,3,14,21.4,39,7,30.8,32.6,8,25.0,25.5,25,2,8.0,1,13.0,Match Report,2023-03-04,15:30 (06:30),Bundesliga,Matchweek 23,Sat,Away,D,0,0,Union Berlin,412,544,75.7,7746,2291,158,187,84.5,206,240,85.8,42,97,43.3,0,0.8,0.4,7,14,8,2,40,Match Report,2023-03-04,15:30 (06:30),Bundesliga,Matchweek 23,Sat,Away,D,0,0,Union Berlin,544,502,40,10,0,4,19,17,4,1,2,0,412,2,7,Match Report,2023-03-04,15:30 (06:30),Bundesliga,Matchweek 23,Sat,Away,D,0,0,Union Berlin,16,13,0,0,2,0,1,0,0,0,0,0,0,0,Match Report,2023-03-04,15:30 (06:30),Bundesliga,Matchweek 23,Sat,Away,D,0,0,Union Berlin,14,7,9,4,1,4,17,23.5,13,11,2,9,16,30,29,1,Match Report,2023-03-04,15:30 (06:30),Bundesliga,Matchweek 23,Sat,Away,D,0,0,Union Berlin,48,654,73,244,318,97,16,654,12,6,50.0,3,25.0,351,1792,827,10,10,2,8,5,409,38,Match Report,2023-03-04,15:30 (06:30),Bundesliga,Matchweek 23,Sat,Away,D,0,0,Union Berlin,0,0,0,10,9,2,19,16,7,0,0,0,72,22,27,44.9,Match Report
2023-03-10,20:30 (11:30),Bundesliga,Matchweek 24,Fri,Home,L,0,2,Bochum,0,11,5,45.5,0.00,0.00,15.1,1,0,0,0.7,0.7,0.07,-0.7,-0.7,Match Report,2023-03-10,20:30 (11:30),Bundesliga,Matchweek 24,Fri,Home,L,0,2,Bochum,3,2,1,66.7,0,2.1,+0.1,1,1,0,0,8,15,53.3,41,8,31.7,28.9,6,33.3,32.8,6,0,0.0,1,45.0,Match Report,2023-03-10,20:30 (11:30),Bundesliga,Matchweek 24,Fri,Home,L,0,2,Bochum,410,577,71.1,7707,3050,161,189,85.2,207,264,78.4,38,95,40.0,0,0.5,1.5,8,28,13,3,47,Match Report,2023-03-10,20:30 (11:30),Bundesliga,Matchweek 24,Fri,Home,L,0,2,Bochum,577,504,70,14,2,1,46,37,10,4,6,0,410,3,17,Match Report,2023-03-10,20:30 (11:30),Bundesliga,Matchweek 24,Fri,Home,L,0,2,Bochum,20,14,3,0,1,2,0,0,0,0,0,0,0,0,Match Report,2023-03-10,20:30 (11:30),Bundesliga,Matchweek 24,Fri,Home,L,0,2,Bochum,16,8,3,12,1,10,22,45.5,12,13,3,10,11,27,18,0,Match Report,2023-03-10,20:30 (11:30),Bundesliga,Matchweek 24,Fri,Home,L,0,2,Bochum,63,674,65,231,268,184,29,674,15,9,60.0,5,33.3,416,2161,1029,17,15,1,11,8,404,47,Match Report,2023-03-10,20:30 (11:30),Bundesliga,Matchweek 24,Fri,Home,L,0,2,Bochum,2,0,0,9,14,3,46,11,8,0,1,0,67,24,26,48.0,Match Report
2023-03-18,18:30 (10:30),Bundesliga,Matchweek 25,Sat,Away,L,1,6,Dortmund,1,11,5,45.5,0.09,0.20,14.6,0,0,0,1.6,1.6,0.16,-0.6,-0.6,Match Report,2023-03-18,18:30 (10:30),Bundesliga,Matchweek 25,Sat,Away,L,1,6,Dortmund,8,6,2,25.0,0,4.8,-1.2,0,0,0,0,1,3,33.3,20,1,15.0,25.1,2,0.0,24.5,9,0,0.0,1,11.0,Match Report,2023-03-18,18:30 (10:30),Bundesliga,Matchweek 25,Sat,Away,L,1,6,Dortmund,358,435,82.3,6336,2281,151,174,86.8,167,185,90.3,31,55,56.4,0,0.5,0.5,8,19,3,1,37,Match Report,2023-03-18,18:30 (10:30),Bundesliga,Matchweek 25,Sat,Away,L,1,6,Dortmund,435,398,37,7,0,3,21,15,6,4,2,0,358,0,6,Match Report,2023-03-18,18:30 (10:30),Bundesliga,Matchweek 25,Sat,Away,L,1,6,Dortmund,18,10,2,0,3,3,0,1,0,0,0,1,0,0,Match Report,2023-03-18,18:30 (10:30),Bundesliga,Matchweek 25,Sat,Away,L,1,6,Dortmund,21,8,8,11,2,11,28,39.3,17,10,0,10,10,31,17,0,Match Report,2023-03-18,18:30 (10:30),Bundesliga,Matchweek 25,Sat,Away,L,1,6,Dortmund,37,537,50,193,269,83,14,537,17,8,47.1,8,47.1,298,1563,754,15,11,0,11,8,354,37,Match Report,2023-03-18,18:30 (10:30),Bundesliga,Matchweek 25,Sat,Away,L,1,6,Dortmund,0,0,0,10,7,0,21,10,8,0,0,0,57,5,3,62.5,Match Report
2023-04-02,15:30 (06:30),Bundesliga,Matchweek 26,Sun,Home,D,0,0,Gladbach,0,12,5,41.7,0.00,0.00,17.4,1,0,0,1.0,1.0,0.08,-1.0,-1.0,Match Report,2023-04-02,15:30 (06:30),Bundesliga,Matchweek 26,Sun,Home,D,0,0,Gladbach,2,0,2,100.0,1,0.1,+0.1,0,0,0,0,4,11,36.4,50,3,20.0,27.4,7,14.3,23.6,8,0,0.0,2,16.8,Match Report,2023-04-02,15:30 (06:30),Bundesliga,Matchweek 26,Sun,Home,D,0,0,Gladbach,395,515,76.7,7323,2504,133,152,87.5,207,240,86.3,39,83,47.0,0,0.8,1.0,9,23,10,5,38,Match Report,2023-04-02,15:30 (06:30),Bundesliga,Matchweek 26,Sun,Home,D,0,0,Gladbach,515,456,58,9,0,2,43,30,11,3,4,0,395,1,16,Match Report,2023-04-02,15:30 (06:30),Bundesliga,Matchweek 26,Sun,Home,D,0,0,Gladbach,19,14,1,0,1,1,2,0,0,0,0,0,0,0,Match Report,2023-04-02,15:30 (06:30),Bundesliga,Matchweek 26,Sun,Home,D,0,0,Gladbach,17,11,4,12,1,8,17,47.1,9,15,1,14,21,38,8,0,Match Report,2023-04-02,15:30 (06:30),Bundesliga,Matchweek 26,Sun,Home,D,0,0,Gladbach,51,620,53,191,255,177,21,620,12,0,0.0,8,66.7,270,1646,893,11,15,2,11,9,392,38,Match Report,2023-04-02,15:30 (06:30),Bundesliga,Matchweek 26,Sun,Home,D,0,0,Gladbach,3,0,0,18,8,1,43,21,11,0,0,0,61,11,13,45.8,Match Report
For Köln,For Köln,For Köln,For Köln,For Köln,For Köln,For Köln,For Köln,For Köln,For Köln,Standard,Standard,Standard,Standard,Standard,Standard,Standard,Standard,Standard,Standard,Expected,Expected,Expected,Expected,Expected,,For Köln,For Köln,For Köln,For Köln,For Köln,For Köln,For Köln,For Köln,For Köln,For Köln,Performance,Performance,Performance,Performance,Performance,Performance,Performance,Penalty Kicks,Penalty Kicks,Penalty Kicks,Penalty Kicks,Launched,Launched,Launched,Passes,Passes,Passes,Passes,Goal Kicks,Goal Kicks,Goal Kicks,Crosses,Crosses,Crosses,Sweeper,Sweeper,,For Köln,For Köln,For Köln,For Köln,For Köln,For Köln,For Köln,For Köln,For Köln,For Köln,Total,Total,Total,Total,Total,Short,Short,Short,Medium,Medium,Medium,Long,Long,Long,,,,,,,,,,For Köln,For Köln,For Köln,For Köln,For Köln,For Köln,For Köln,For Köln,For Köln,For Köln,For Köln,Pass Types,Pass Types,Pass Types,Pass Types,Pass Types,Pass Types,Pass Types,Pass Types,Corner Kicks,Corner Kicks,Corner Kicks,Outcomes,Outcomes,Outcomes,,For Köln,For Köln,For Köln,For Köln,For Köln,For Köln,For Köln,For Köln,For Köln,For Köln,SCA Types,SCA Types,SCA Types,SCA Types,SCA Types,SCA Types,SCA Types,GCA Types,GCA Types,GCA Types,GCA Types,GCA Types,GCA Types,GCA Types,,For Köln,For Köln,For Köln,For Köln,For Köln,For Köln,For Köln,For Köln,For Köln,For Köln,Tackles,Tackles,Tackles,Tackles,Tackles,Challenges,Challenges,Challenges,Challenges,Blocks,Blocks,Blocks,,,,,,For Köln,For Köln,For Köln,For Köln,For Köln,For Köln,For Köln,For Köln,For Köln,For Köln,For Köln,Touches,Touches,Touches,Touches,Touches,Touches,Touches,Take-Ons,Take-Ons,Take-Ons,Take-Ons,Take-Ons,Carries,Carries,Carries,Carries,Carries,Carries,Carries,Carries,Receiving,Receiving,,For Köln,For Köln,For Köln,For Köln,For Köln,For Köln,For Köln,For Köln,For Köln,For Köln,Performance,Performance,Performance,Performance,Performance,Performance,Performance,Performance,Performance,Performance,Performance,Performance,Performance,Aerial Duels,Aerial Duels,Aerial Duels,
Date,Time,Comp,Round,Day,Venue,Result,GF,GA,Opponent,Gls,Sh,SoT,SoT%,G/Sh,G/SoT,Dist,FK,PK,PKatt,xG,npxG,npxG/Sh,G-xG,np:G-xG,Match Report,Date,Time,Comp,Round,Day,Venue,Result,GF,GA,Opponent,SoTA,GA,Saves,Save%,CS,PSxG,PSxG+/-,PKatt,PKA,PKsv,PKm,Cmp,Att,Cmp%,Att (GK),Thr,Launch%,AvgLen,Att,Launch%,AvgLen,Opp,Stp,Stp%,#OPA,AvgDist,Match Report,Date,Time,Comp,Round,Day,Venue,Result,GF,GA,Opponent,Cmp,Att,Cmp%,TotDist,PrgDist,Cmp,Att,Cmp%,Cmp,Att,Cmp%,Cmp,Att,Cmp%,Ast,xAG,xA,KP,1/3,PPA,CrsPA,PrgP,Match Report,Date,Time,Comp,Round,Day,Venue,Result,GF,GA,Opponent,Att,Live,Dead,FK,TB,Sw,Crs,TI,CK,In,Out,Str,Cmp,Off,Blocks,Match Report,Date,Time,Comp,Round,Day,Venue,Result,GF,GA,Opponent,SCA,PassLive,PassDead,TO,Sh,Fld,Def,GCA,PassLive,PassDead,TO,Sh,Fld,Def,Match Report,Date,Time,Comp,Round,Day,Venue,Result,GF,GA,Opponent,Tkl,TklW,Def 3rd,Mid 3rd,Att 3rd,Tkl,Att,Tkl%,Lost,Blocks,Sh,Pass,Int,Tkl+Int,Clr,Err,Match Report,Date,Time,Comp,Round,Day,Venue,Result,GF,GA,Opponent,Poss,Touches,Def Pen,Def 3rd,Mid 3rd,Att 3rd,Att Pen,Live,Att,Succ,Succ%,Tkld,Tkld%,Carries,TotDist,PrgDist,PrgC,1/3,CPA,Mis,Dis,Rec,PrgR,Match Report,Date,Time,Comp,Round,Day,Venue,Result,GF,GA,Opponent,CrdY,CrdR,2CrdY,Fls,Fld,Off,Crs,Int,TklW,PKwon,PKcon,OG,Recov,Won,Lost,Won%,Match Report
2023-04-08,15:30 (06:30),Bundesliga,Matchweek 27,Sat,Away,W,3,1,Augsburg,3,11,6,54.5,0.27,0.50,15.5,0,0,0,1.7,1.7,0.16,+1.3,+1.3,Match Report,2023-04-08,15:30 (06:30),Bundesliga,Matchweek 27,Sat,Away,W,3,1,Augsburg,1,1,0,0.0,0,0.2,-0.8,0,0,0,0,5,24,20.8,33,0,69.7,45.3,8,12.5,17.0,20,0,0.0,0,,Match Report,2023-04-08,15:30 (06:30),Bundesliga,Matchweek 27,Sat,Away,W,3,1,Augsburg,325,466,69.7,5918,2406,132,150,88.0,142,180,78.9,39,91,42.9,3,1.7,1.3,9,26,7,3,31,Match Report,2023-04-08,15:30 (06:30),Bundesliga,Matchweek 27,Sat,Away,W,3,1,Augsburg,466,416,42,9,1,2,17,22,1,1,0,0,325,8,13,Match Report,2023-04-08,15:30 (06:30),Bundesliga,Matchweek 27,Sat,Away,W,3,1,Augsburg,20,17,1,1,1,0,0,5,4,1,0,0,0,0,Match Report,2023-04-08,15:30 (06:30),Bundesliga,Matchweek 27,Sat,Away,W,3,1,Augsburg,13,9,8,4,1,6,14,42.9,8,23,7,16,8,21,37,0,Match Report,2023-04-08,15:30 (06:30),Bundesliga,Matchweek 27,Sat,Away,W,3,1,Augsburg,47,599,84,230,261,110,19,599,8,4,50.0,2,25.0,286,1274,606,13,12,3,16,6,323,31,Match Report,2023-04-08,15:30 (06:30),Bundesliga,Matchweek 27,Sat,Away,W,3,1,Augsburg,4,0,0,11,5,8,17,8,9,0,0,0,62,32,33,49.2,Match Report
2023-04-15,15:30 (06:30),Bundesliga,Matchweek 28,Sat,Home,D,1,1,Mainz 05,1,11,4,36.4,0.09,0.25,17.4,0,0,0,1.0,1.0,0.09,0.0,0.0,Match Report,2023-04-15,15:30 (06:30),Bundesliga,Matchweek 28,Sat,Home,D,1,1,Mainz 05,1,1,0,0.0,0,0.8,-0.2,0,0,0,0,11,22,50.0,42,2,42.9,35.7,8,50.0,29.5,14,0,0.0,1,39.0,Match Report,2023-04-15,15:30 (06:30),Bundesliga,Matchweek 28,Sat,Home,D,1,1,Mainz 05,353,496,71.2,6714,2636,136,177,76.8,170,216,78.7,41,83,49.4,1,0.5,0.9,7,30,6,1,35,Match Report,2023-04-15,15:30 (06:30),Bundesliga,Matchweek 28,Sat,Home,D,1,1,Mainz 05,496,438,57,18,0,2,19,26,3,1,2,0,353,1,10,Match Report,2023-04-15,15:30 (06:30),Bundesliga,Matchweek 28,Sat,Home,D,1,1,Mainz 05,18,13,2,2,0,0,1,2,2,0,0,0,0,0,Match Report,2023-04-15,15:30 (06:30),Bundesliga,Matchweek 28,Sat,Home,D,1,1,Mainz 05,9,8,5,3,1,5,14,35.7,9,11,0,11,10,19,26,0,Match Report,2023-04-15,15:30 (06:30),Bundesliga,Matchweek 28,Sat,Home,D,1,1,Mainz 05,53,612,71,221,282,121,23,612,15,9,60.0,5,33.3,370,2053,1007,19,15,4,16,7,347,35,Match Report,2023-04-15,15:30 (06:30),Bundesliga,Matchweek 28,Sat,Home,D,1,1,Mainz 05,3,0,0,10,15,1,19,10,8,0,0,0,64,30,31,49.2,Match Report
2023-04-22,15:30 (06:30),Bundesliga,Matchweek 29,Sat,Away,W,3,1,Hoffenheim,3,12,5,41.7,0.17,0.40,19.0,0,1,1,1.7,0.9,0.08,+1.3,+1.1,Match Report,2023-04-22,15:30 (06:30),Bundesliga,Matchweek 29,Sat,Away,W,3,1,Hoffenheim,4,1,3,75.0,0,0.7,-0.3,0,0,0,0,8,23,34.8,45,8,44.4,37.3,9,33.3,32.3,16,1,6.3,1,16.5,Match Report,2023-04-22,15:30 (06:30),Bundesliga,Matchweek 29,Sat,Away,W,3,1,Hoffenheim,319,449,71.0,5638,2438,149,176,84.7,124,164,75.6,35,81,43.2,1,0.8,1.0,9,19,7,2,36,Match Report,2023-04-22,15:30 (06:30),Bundesliga,Matchweek 29,Sat,Away,W,3,1,Hoffenheim,449,399,47,11,0,1,15,20,5,1,0,0,319,3,10,Match Report,2023-04-22,15:30 (06:30),Bundesliga,Matchweek 29,Sat,Away,W,3,1,Hoffenheim,19,15,0,2,2,0,0,4,3,0,0,1,0,0,Match Report,2023-04-22,15:30 (06:30),Bundesliga,Matchweek 29,Sat,Away,W,3,1,Hoffenheim,11,7,9,1,1,6,20,30.0,14,11,2,9,13,24,19,0,Match Report,2023-04-22,15:30 (06:30),Bundesliga,Matchweek 29,Sat,Away,W,3,1,Hoffenheim,46,575,71,224,231,127,22,574,22,7,31.8,12,54.5,336,1796,941,19,12,3,18,5,313,36,Match Report,2023-04-22,15:30 (06:30),Bundesliga,Matchweek 29,Sat,Away,W,3,1,Hoffenheim,2,0,0,11,10,3,15,13,7,0,0,0,67,30,27,52.6,Match Report
2023-04-29,15:30 (06:30),Bundesliga,Matchweek 30,Sat,Home,L,0,1,Freiburg,0,19,4,21.1,0.00,0.00,16.9,0,0,0,1.6,1.6,0.08,-1.6,-1.6,Match Report,2023-04-29,15:30 (06:30),Bundesliga,Matchweek 30,Sat,Home,L,0,1,Freiburg,6,1,5,83.3,0,1.7,+0.7,0,0,0,0,2,8,25.0,28,2,25.0,27.8,5,20.0,28.8,13,1,7.7,2,13.6,Match Report,2023-04-29,15:30 (06:30),Bundesliga,Matchweek 30,Sat,Home,L,0,1,Freiburg,387,523,74.0,7280,2704,146,180,81.1,183,226,81.0,45,83,54.2,0,1.3,1.5,14,33,14,5,49,Match Report,2023-04-29,15:30 (06:30),Bundesliga,Matchweek 30,Sat,Home,L,0,1,Freiburg,523,470,52,7,5,2,40,29,9,1,8,0,387,1,12,Match Report,2023-04-29,15:30 (06:30),Bundesliga,Matchweek 30,Sat,Home,L,0,1,Freiburg,33,25,4,2,2,0,0,0,0,0,0,0,0,0,Match Report,2023-04-29,15:30 (06:30),Bundesliga,Matchweek 30,Sat,Home,L,0,1,Freiburg,11,3,5,5,1,7,13,53.8,6,9,3,6,9,20,24,0,Match Report,2023-04-29,15:30 (06:30),Bundesliga,Matchweek 30,Sat,Home,L,0,1,Freiburg,57,629,61,196,258,181,31,629,10,8,80.0,1,10.0,337,2000,991,17,19,7,11,7,382,49,Match Report,2023-04-29,15:30 (06:30),Bundesliga,Matchweek 30,Sat,Home,L,0,1,Freiburg,1,0,0,15,7,1,40,9,3,0,0,0,57,31,33,48.4,Match Report
2023-05-05,20:30 (11:30),Bundesliga,Matchweek 31,Fri,Away,W,2,1,Leverkusen,2,7,5,71.4,0.29,0.40,18.7,0,0,0,0.8,0.8,0.11,+1.2,+1.2,Match Report,2023-05-05,20:30 (11:30),Bundesliga,Matchweek 31,Fri,Away,W,2,1,Leverkusen,3,1,2,66.7,0,0.4,-0.6,0,0,0,0,7,18,38.9,33,3,42.4,33.2,6,66.7,44.5,25,1,4.0,2,18.5,Match Report,2023-05-05,20:30 (11:30),Bundesliga,Matchweek 31,Fri,Away,W,2,1,Leverkusen,295,412,71.6,5361,1989,122,150,81.3,139,167,83.2,28,70,40.0,2,0.7,0.5,6,18,7,4,26,Match Report,2023-05-05,20:30 (11:30),Bundesliga,Matchweek 31,Fri,Away,W,2,1,Leverkusen,412,369,43,11,1,1,12,22,2,1,1,0,295,0,12,Match Report,2023-05-05,20:30 (11:30),Bundesliga,Matchweek 31,Fri,Away,W,2,1,Leverkusen,14,13,0,1,0,0,0,4,4,0,0,0,0,0,Match Report,2023-05-05,20:30 (11:30),Bundesliga,Matchweek 31,Fri,Away,W,2,1,Leverkusen,20,13,10,8,2,10,28,35.7,18,17,7,10,14,34,29,0,Match Report,2023-05-05,20:30 (11:30),Bundesliga,Matchweek 31,Fri,Away,W,2,1,Leverkusen,36,550,73,204,252,104,13,550,14,3,21.4,10,71.4,274,1532,615,12,15,1,19,10,293,26,Match Report,2023-05-05,20:30 (11:30),Bundesliga,Matchweek 31,Fri,Away,W,2,1,Leverkusen,6,0,0,13,6,0,12,14,13,0,0,0,66,21,19,52.5,Match Report
2023-05-12,20:30 (11:30),Bundesliga,Matchweek 32,Fri,Home,W,5,2,Hertha BSC,5,31,16,51.6,0.16,0.31,13.1,0,0,0,4.3,4.3,0.14,+0.7,+0.7,Match Report,2023-05-12,20:30 (11:30),Bundesliga,Matchweek 32,Fri,Home,W,5,2,Hertha BSC,3,2,1,33.3,0,1.0,-1.0,0,0,0,0,1,5,20.0,20,1,25.0,27.8,7,0.0,17.6,11,0,0.0,0,4.0,Match Report,2023-05-12,20:30 (11:30),Bundesliga,Matchweek 32,Fri,Home,W,5,2,Hertha BSC,466,574,81.2,8311,2888,180,207,87.0,249,275,90.5,33,69,47.8,4,4.0,3.9,26,26,15,3,49,Match Report,2023-05-12,20:30 (11:30),Bundesliga,Matchweek 32,Fri,Home,W,5,2,Hertha BSC,574,516,58,13,0,1,37,23,12,8,3,0,466,0,12,Match Report,2023-05-12,20:30 (11:30),Bundesliga,Matchweek 32,Fri,Home,W,5,2,Hertha BSC,57,32,10,4,8,3,0,10,8,1,0,0,1,0,Match Report,2023-05-12,20:30 (11:30),Bundesliga,Matchweek 32,Fri,Home,W,5,2,Hertha BSC,18,11,6,10,2,7,21,33.3,14,11,4,7,10,28,14,1,Match Report,2023-05-12,20:30 (11:30),Bundesliga,Matchweek 32,Fri,Home,W,5,2,Hertha BSC,63,697,53,181,335,191,51,697,27,20,74.1,6,22.2,404,2462,1296,25,18,5,14,6,464,48,Match Report,2023-05-12,20:30 (11:30),Bundesliga,Matchweek 32,Fri,Home,W,5,2,Hertha BSC,2,0,0,11,12,0,37,10,11,0,0,0,64,25,15,62.5,Match Report
2023-05-20,15:30 (06:30),Bundesliga,Matchweek 33,Sat,Away,D,1,1,Werder Bremen,1,13,4,30.8,0.08,0.25,14.1,0,0,0,1.4,1.4,0.11,-0.4,-0.4,Match Report,2023-05-20,15:30 (06:30),Bundesliga,Matchweek 33,Sat,Away,D,1,1,Werder Bremen,6,1,5,83.3,0,2.5,+1.5,0,0,0,0,7,16,43.8,39,5,33.3,34.6,7,42.9,37.4,10,1,10.0,1,15.5,Match Report,2023-05-20,15:30 (06:30),Bundesliga,Matchweek 33,Sat,Away,D,1,1,Werder Bremen,450,552,81.5,7643,2644,201,221,91.0,203,230,88.3,32,70,45.7,1,1.2,0.9,9,27,8,3,37,Match Report,2023-05-20,15:30 (06:30),Bundesliga,Matchweek 33,Sat,Away,D,1,1,Werder Bremen,552,510,41,11,0,0,23,12,9,2,6,0,450,1,10,Match Report,2023-05-20,15:30 (06:30),Bundesliga,Matchweek 33,Sat,Away,D,1,1,Werder Bremen,23,14,3,3,2,1,0,2,2,0,0,0,0,0,Match Report,2023-05-20,15:30 (06:30),Bundesliga,Matchweek 33,Sat,Away,D,1,1,Werder Bremen,9,7,4,4,1,4,9,44.4,5,12,4,8,7,16,15,0,Match Report,2023-05-20,15:30 (06:30),Bundesliga,Matchweek 33,Sat,Away,D,1,1,Werder Bremen,56,645,63,193,313,146,27,645,17,9,52.9,2,11.8,426,2354,1107,25,13,6,10,8,445,37,Match Report,2023-05-20,15:30 (06:30),Bundesliga,Matchweek 33,Sat,Away,D,1,1,Werder Bremen,2,0,0,9,9,1,23,7,7,0,0,0,52,24,17,58.5,Match Report
2023-05-27,15:30 (06:30),Bundesliga,Matchweek 34,Sat,Home,L,1,2,Bayern Munich,1,7,1,14.3,0.00,0.00,18.7,0,1,1,1.3,0.5,0.07,-0.3,-0.5,Match Report,2023-05-27,15:30 (06:30),Bundesliga,Matchweek 34,Sat,Home,L,1,2,Bayern Munich,4,2,2,50.0,0,1.2,-0.8,0,0,0,0,7,10,70.0,26,1,26.9,30.0,8,37.5,36.8,5,0,0.0,1,21.0,Match Report,2023-05-27,15:30 (06:30),Bundesliga,Matchweek 34,Sat,Home,L,1,2,Bayern Munich,365,493,74.0,6636,2593,146,183,79.8,180,208,86.5,33,69,47.8,0,0.5,0.8,5,30,8,4,32,Match Report,2023-05-27,15:30 (06:30),Bundesliga,Matchweek 34,Sat,Home,L,1,2,Bayern Munich,493,436,57,9,1,1,26,30,7,2,4,0,365,0,19,Match Report,2023-05-27,15:30 (06:30),Bundesliga,Matchweek 34,Sat,Home,L,1,2,Bayern Munich,13,11,2,0,0,0,0,1,1,0,0,0,0,0,Match Report,2023-05-27,15:30 (06:30),Bundesliga,Matchweek 34,Sat,Home,L,1,2,Bayern Munich,22,12,7,13,2,11,27,40.7,16,8,2,6,20,42,7,1,Match Report,2023-05-27,15:30 (06:30),Bundesliga,Matchweek 34,Sat,Home,L,1,2,Bayern Munich,47,587,51,208,253,131,17,586,17,10,58.8,6,35.3,358,1636,640,15,8,1,13,19,362,32,Match Report,2023-05-27,15:30 (06:30),Bundesliga,Matchweek 34,Sat,Home,L,1,2,Bayern Munich,3,0,0,10,6,0,26,20,12,0,0,0,58,21,14,60.0,Match Report
,,,,,,--,,,,60,516,177,34.3,0.10,0.28,16.1,6,6,7,,,0.11,+60.0,+54.0,,,,,,,,--,,,,159,64,97,62.9,8,49.7,-9.3,6,5,1,0,177,447,39.6,1422,136,26.6,30.3,288,24.3,28.7,542,20,3.7,27,14.1,,,,,,,,--,,,,14864,19754,75.2,281572,102784,5490,6531,84.1,7366,8796,83.7,1713,3302,51.9,43,,,368,1052,324,103,1559,,,,,,,,--,,,,19754,17575,2102,468,26,79,1011,998,246,110,97,0,14864,77,485,,,,,,,,--,,,,840,613,92,40,56,30,9,93,66,6,6,8,7,0,,,,,,,,--,,,,724,437,338,302,84,362,777,46.6,415,489,116,373,446,1159,818,8,,,,,,,,--,,,,,24395,2599,8497,10466,5672,924,24388,600,259,43.2,276,46.0,13416,71908,34953,667,471,143,583,332,14728,1550,,,,,,,,--,,,,100,5,4,502,431,79,1011,446,437,5,6,3,2371,764,721,51.4,
