For Leganés_Date,For Leganés_Time,For Leganés_Comp,For Leganés_Round,For Leganés_Day,For Leganés_Venue,For Leganés_Result,For Leganés_GF,For Leganés_GA,For Leganés_Opponent,Standard_Gls,Standard_Sh,Standard_SoT,Standard_SoT%,Standard_G/Sh,Standard_G/SoT,Standard_Dist,Standard_FK,Standard_PK,Standard_PKatt,Expected_xG,Expected_npxG,Expected_npxG/Sh,Expected_G-xG,Expected_np:G-xG,Match Report,For Leganés_Date,For Leganés_Time,For Leganés_Comp,For Leganés_Round,For Leganés_Day,For Leganés_Venue,For Leganés_Result,For Leganés_GF,For Leganés_GA,For Leganés_Opponent,Performance_SoTA,Performance_GA,Performance_Saves,Performance_Save%,Performance_CS,Performance_PSxG,Performance_PSxG+/-,Penalty Kicks_PKatt,Penalty Kicks_PKA,Penalty Kicks_PKsv,Penalty Kicks_PKm,Launched_Cmp,Launched_Att,Launched_Cmp%,Passes_Att (GK),Passes_Thr,Passes_Launch%,Passes_AvgLen,Goal Kicks_Att,Goal Kicks_Launch%,Goal Kicks_AvgLen,Crosses_Opp,Crosses_Stp,Crosses_Stp%,Sweeper_#OPA,Sweeper_AvgDist,Match Report,For Leganés_Date,For Leganés_Time,For Leganés_Comp,For Leganés_Round,For Leganés_Day,For Leganés_Venue,For Leganés_Result,For Leganés_GF,For Leganés_GA,For Leganés_Opponent,Total_Cmp,Total_Att,Total_Cmp%,Total_TotDist,Total_PrgDist,Short_Cmp,Short_Att,Short_Cmp%,Medium_Cmp,Medium_Att,Medium_Cmp%,Long_Cmp,Long_Att,Long_Cmp%,Ast,xAG,xA,KP,1/3,PPA,CrsPA,PrgP,Match Report,For Leganés_Date,For Leganés_Time,For Leganés_Comp,For Leganés_Round,For Leganés_Day,For Leganés_Venue,For Leganés_Result,For Leganés_GF,For Leganés_GA,For Leganés_Opponent,For Leganés_Att,Pass Types_Live,Pass Types_Dead,Pass Types_FK,Pass Types_TB,Pass Types_Sw,Pass Types_Crs,Pass Types_TI,Pass Types_CK,Corner Kicks_In,Corner Kicks_Out,Corner Kicks_Str,Outcomes_Cmp,Outcomes_Off,Outcomes_Blocks,Match Report,For Leganés_Date,For Leganés_Time,For Leganés_Comp,For Leganés_Round,For Leganés_Day,For Leganés_Venue,For Leganés_Result,For Leganés_GF,For Leganés_GA,For Leganés_Opponent,SCA Types_SCA,SCA Types_PassLive,SCA Types_PassDead,SCA Types_TO,SCA Types_Sh,SCA Types_Fld,SCA Types_Def,GCA Types_GCA,GCA Types_PassLive,GCA Types_PassDead,GCA Types_TO,GCA Types_Sh,GCA Types_Fld,GCA Types_Def,Match Report,For Leganés_Date,For Leganés_Time,For Leganés_Comp,For Leganés_Round,For Leganés_Day,For Leganés_Venue,For Leganés_Result,For Leganés_GF,For Leganés_GA,For Leganés_Opponent,Tackles_Tkl,Tackles_TklW,Tackles_Def 3rd,Tackles_Mid 3rd,Tackles_Att 3rd,Challenges_Tkl,Challenges_Att,Challenges_Tkl%,Challenges_Lost,Blocks_Blocks,Blocks_Sh,Blocks_Pass,Int,Tkl+Int,Clr,Err,Match Report,For Leganés_Date,For Leganés_Time,For Leganés_Comp,For Leganés_Round,For Leganés_Day,For Leganés_Venue,For Leganés_Result,For Leganés_GF,For Leganés_GA,For Leganés_Opponent,For Leganés_Poss,Touches_Touches,Touches_Def Pen,Touches_Def 3rd,Touches_Mid 3rd,Touches_Att 3rd,Touches_Att Pen,Touches_Live,Take-Ons_Att,Take-Ons_Succ,Take-Ons_Succ%,Take-Ons_Tkld,Take-Ons_Tkld%,Carries_Carries,Carries_TotDist,Carries_PrgDist,Carries_PrgC,Carries_1/3,Carries_CPA,Carries_Mis,Carries_Dis,Receiving_Rec,Receiving_PrgR,Match Report,For Leganés_Date,For Leganés_Time,For Leganés_Comp,For Leganés_Round,For Leganés_Day,For Leganés_Venue,For Leganés_Result,For Leganés_GF,For Leganés_GA,For Leganés_Opponent,Performance_CrdY,Performance_CrdR,Performance_2CrdY,Performance_Fls,Performance_Fld,Performance_Off,Performance_Crs,Performance_Int,Performance_TklW,Performance_PKwon,Performance_PKcon,Performance_OG,Performance_Recov,Aerial Duels_Won,Aerial Duels_Lost,Aerial Duels_Won%,Match Report
2018-08-20,22:00 (13:00),La Liga,Matchweek 1,Mon,Away,L,1,2,Athletic Club,1,11,2,18.2,0.09,0.50,15.4,1,0,0,1.0,1.0,0.09,0.0,0.0,Match Report,2018-08-20,22:00 (13:00),La Liga,Matchweek 1,Mon,Away,L,1,2,Athletic Club,5,2,3,60.0,0,2.2,+0.2,0,0,0,0,9,25,36.0,18,0,72.2,47.5,13,92.3,61.2,23,0,0.0,0,,Match Report,2018-08-20,22:00 (13:00),La Liga,Matchweek 1,Mon,Away,L,1,2,Athletic Club,228,334,68.3,4385,1918,124,150,82.7,64,100,64.0,39,75,52.0,0,0.9,0.7,8,18,5,4,21,Match Report,2018-08-20,22:00 (13:00),La Liga,Matchweek 1,Mon,Away,L,1,2,Athletic Club,334,281,52,11,0,5,14,23,2,0,2,0,228,1,4,Match Report,2018-08-20,22:00 (13:00),La Liga,Matchweek 1,Mon,Away,L,1,2,Athletic Club,20,12,3,1,1,3,0,1,0,0,0,1,0,0,Match Report,2018-08-20,22:00 (13:00),La Liga,Matchweek 1,Mon,Away,L,1,2,Athletic Club,14,10,6,7,1,5,12,41.7,7,9,3,6,9,23,29,0,Match Report,2018-08-20,22:00 (13:00),La Liga,Matchweek 1,Mon,Away,L,1,2,Athletic Club,35,423,54,143,193,92,20,423,13,10,76.9,3,23.1,216,1098,562,12,14,1,6,7,227,21,Match Report,2018-08-20,22:00 (13:00),La Liga,Matchweek 1,Mon,Away,L,1,2,Athletic Club,5,0,0,13,12,1,14,9,10,0,0,0,39,29,24,54.7,Match Report
2018-08-24,22:15 (13:15),La Liga,Matchweek 2,Fri,Home,D,2,2,Real Sociedad,2,18,4,22.2,0.11,0.50,16.5,0,0,0,1.7,1.7,0.10,+0.3,+0.3,Match Report,2018-08-24,22:15 (13:15),La Liga,Matchweek 2,Fri,Home,D,2,2,Real Sociedad,6,2,4,66.7,0,1.8,-0.2,0,0,0,0,5,14,35.7,41,2,34.1,34.6,1,0.0,31.0,2,0,0.0,2,17.8,Match Report,2018-08-24,22:15 (13:15),La Liga,Matchweek 2,Fri,Home,D,2,2,Real Sociedad,508,649,78.3,10689,3333,172,201,85.6,236,275,85.8,97,157,61.8,2,1.7,1.5,16,41,14,10,52,Match Report,2018-08-24,22:15 (13:15),La Liga,Matchweek 2,Fri,Home,D,2,2,Real Sociedad,649,599,47,12,0,6,39,26,5,0,4,0,508,3,10,Match Report,2018-08-24,22:15 (13:15),La Liga,Matchweek 2,Fri,Home,D,2,2,Real Sociedad,35,26,4,1,2,2,0,4,4,0,0,0,0,0,Match Report,2018-08-24,22:15 (13:15),La Liga,Matchweek 2,Fri,Home,D,2,2,Real Sociedad,10,7,4,4,2,1,9,11.1,8,6,0,6,9,19,4,0,Match Report,2018-08-24,22:15 (13:15),La Liga,Matchweek 2,Fri,Home,D,2,2,Real Sociedad,67,728,35,203,331,199,26,728,14,7,50.0,7,50.0,449,2123,988,18,14,3,8,9,504,52,Match Report,2018-08-24,22:15 (13:15),La Liga,Matchweek 2,Fri,Home,D,2,2,Real Sociedad,1,0,0,12,9,3,39,9,7,0,0,0,55,29,32,47.5,Match Report
2018-09-01,20:45 (11:45),La Liga,Matchweek 3,Sat,Away,L,1,4,Real Madrid,1,7,2,28.6,0.00,0.00,23.1,0,1,1,1.1,0.3,0.04,-0.1,-0.3,Match Report,2018-09-01,20:45 (11:45),La Liga,Matchweek 3,Sat,Away,L,1,4,Real Madrid,8,4,4,62.5,0,2.9,-1.1,1,1,0,0,10,22,45.5,16,3,81.3,49.8,10,90.0,59.9,20,1,5.0,0,14.0,Match Report,2018-09-01,20:45 (11:45),La Liga,Matchweek 3,Sat,Away,L,1,4,Real Madrid,202,282,71.6,4194,1946,96,111,86.5,70,90,77.8,35,76,46.1,0,0.2,0.3,6,18,3,3,25,Match Report,2018-09-01,20:45 (11:45),La Liga,Matchweek 3,Sat,Away,L,1,4,Real Madrid,282,239,42,11,0,7,11,15,1,0,1,0,202,1,1,Match Report,2018-09-01,20:45 (11:45),La Liga,Matchweek 3,Sat,Away,L,1,4,Real Madrid,13,11,1,0,0,1,0,2,1,0,0,0,1,0,Match Report,2018-09-01,20:45 (11:45),La Liga,Matchweek 3,Sat,Away,L,1,4,Real Madrid,11,7,5,4,2,5,18,27.8,13,11,3,8,11,22,24,0,Match Report,2018-09-01,20:45 (11:45),La Liga,Matchweek 3,Sat,Away,L,1,4,Real Madrid,23,379,64,168,150,66,8,378,8,2,25.0,6,75.0,208,1119,471,7,8,1,13,10,199,25,Match Report,2018-09-01,20:45 (11:45),La Liga,Matchweek 3,Sat,Away,L,1,4,Real Madrid,1,0,0,11,11,1,11,11,7,1,1,0,48,16,19,45.7,Match Report
2018-09-16,12:00 (03:00),La Liga,Matchweek 4,Sun,Home,L,0,1,Villarreal,0,15,3,20.0,0.00,0.00,20.2,0,0,1,1.4,0.6,0.04,-1.4,-0.6,Match Report,2018-09-16,12:00 (03:00),La Liga,Matchweek 4,Sun,Home,L,0,1,Villarreal,3,1,2,66.7,0,0.5,-0.5,0,0,0,0,8,16,50.0,18,2,50.0,42.5,8,87.5,62.5,7,1,14.3,1,15.8,Match Report,2018-09-16,12:00 (03:00),La Liga,Matchweek 4,Sun,Home,L,0,1,Villarreal,311,411,75.7,6379,2154,128,145,88.3,110,131,84.0,66,116,56.9,0,0.4,0.6,9,27,7,7,38,Match Report,2018-09-16,12:00 (03:00),La Liga,Matchweek 4,Sun,Home,L,0,1,Villarreal,411,361,47,10,0,7,36,21,6,3,2,1,311,3,5,Match Report,2018-09-16,12:00 (03:00),La Liga,Matchweek 4,Sun,Home,L,0,1,Villarreal,27,19,4,0,3,1,0,0,0,0,0,0,0,0,Match Report,2018-09-16,12:00 (03:00),La Liga,Matchweek 4,Sun,Home,L,0,1,Villarreal,14,12,6,7,1,4,11,36.4,7,4,1,3,10,24,10,0,Match Report,2018-09-16,12:00 (03:00),La Liga,Matchweek 4,Sun,Home,L,0,1,Villarreal,47,482,35,110,249,129,17,481,12,10,83.3,2,16.7,262,1605,952,16,10,1,8,5,311,38,Match Report,2018-09-16,12:00 (03:00),La Liga,Matchweek 4,Sun,Home,L,0,1,Villarreal,4,0,0,16,8,3,36,10,12,0,0,0,36,19,13,59.4,Match Report
2018-09-22,16:15 (07:15),La Liga,Matchweek 5,Sat,Away,L,0,1,Eibar,0,4,2,50.0,0.00,0.00,12.3,0,0,0,0.3,0.3,0.07,-0.3,-0.3,Match Report,2018-09-22,16:15 (07:15),La Liga,Matchweek 5,Sat,Away,L,0,1,Eibar,3,1,2,66.7,0,0.9,-0.1,0,0,0,0,11,30,36.7,24,1,79.2,53.0,13,84.6,59.5,20,2,10.0,1,14.5,Match Report,2018-09-22,16:15 (07:15),La Liga,Matchweek 5,Sat,Away,L,0,1,Eibar,214,383,55.9,4366,2371,90,125,72.0,85,138,61.6,38,99,38.4,0,0.2,0.4,3,19,3,1,24,Match Report,2018-09-22,16:15 (07:15),La Liga,Matchweek 5,Sat,Away,L,0,1,Eibar,383,316,60,17,0,0,16,26,2,0,2,0,214,7,8,Match Report,2018-09-22,16:15 (07:15),La Liga,Matchweek 5,Sat,Away,L,0,1,Eibar,8,4,2,0,1,1,0,0,0,0,0,0,0,0,Match Report,2018-09-22,16:15 (07:15),La Liga,Matchweek 5,Sat,Away,L,0,1,Eibar,18,13,8,8,2,6,16,37.5,10,6,2,4,11,29,32,0,Match Report,2018-09-22,16:15 (07:15),La Liga,Matchweek 5,Sat,Away,L,0,1,Eibar,44,481,62,200,217,66,9,481,8,5,62.5,3,37.5,205,878,350,5,6,1,12,9,207,23,Match Report,2018-09-22,16:15 (07:15),La Liga,Matchweek 5,Sat,Away,L,0,1,Eibar,1,0,0,17,13,7,16,11,13,0,0,0,62,45,32,58.4,Match Report
2018-09-26,20:00 (11:00),La Liga,Matchweek 6,Wed,Home,W,2,1,Barcelona,2,10,6,60.0,0.20,0.33,17.2,0,0,0,1.1,1.1,0.11,+0.9,+0.9,Match Report,2018-09-26,20:00 (11:00),La Liga,Matchweek 6,Wed,Home,W,2,1,Barcelona,5,1,4,80.0,0,1.0,0.0,0,0,0,0,8,21,38.1,23,3,69.6,46.9,6,83.3,49.2,11,1,9.1,1,14.0,Match Report,2018-09-26,20:00 (11:00),La Liga,Matchweek 6,Wed,Home,W,2,1,Barcelona,173,255,67.8,3404,1572,85,92,92.4,46,74,62.2,35,71,49.3,1,0.7,0.7,7,11,4,3,11,Match Report,2018-09-26,20:00 (11:00),La Liga,Matchweek 6,Wed,Home,W,2,1,Barcelona,255,204,50,16,2,5,13,22,4,1,3,0,173,1,7,Match Report,2018-09-26,20:00 (11:00),La Liga,Matchweek 6,Wed,Home,W,2,1,Barcelona,16,12,1,2,0,1,0,4,4,0,0,0,0,0,Match Report,2018-09-26,20:00 (11:00),La Liga,Matchweek 6,Wed,Home,W,2,1,Barcelona,18,9,11,7,0,6,12,50.0,6,7,0,7,15,33,24,1,Match Report,2018-09-26,20:00 (11:00),La Liga,Matchweek 6,Wed,Home,W,2,1,Barcelona,23,371,52,162,124,88,14,371,17,10,58.8,7,41.2,157,943,366,5,5,2,15,6,172,11,Match Report,2018-09-26,20:00 (11:00),La Liga,Matchweek 6,Wed,Home,W,2,1,Barcelona,4,0,0,15,11,1,13,15,9,0,0,0,39,10,14,41.7,Match Report
2018-09-30,20:45 (11:45),La Liga,Matchweek 7,Sun,Away,L,0,1,Betis,0,11,5,45.5,0.00,0.00,21.3,1,0,0,0.5,0.5,0.05,-0.5,-0.5,Match Report,2018-09-30,20:45 (11:45),La Liga,Matchweek 7,Sun,Away,L,0,1,Betis,4,1,3,75.0,0,1.6,+0.6,0,0,0,0,7,21,33.3,15,2,80.0,52.8,9,100.0,69.1,23,0,0.0,0,8.5,Match Report,2018-09-30,20:45 (11:45),La Liga,Matchweek 7,Sun,Away,L,0,1,Betis,107,198,54.0,2263,1337,47,63,74.6,43,70,61.4,17,53,32.1,0,0.4,0.2,9,9,1,0,12,Match Report,2018-09-30,20:45 (11:45),La Liga,Matchweek 7,Sun,Away,L,0,1,Betis,198,161,36,10,0,4,5,14,1,0,1,0,107,1,5,Match Report,2018-09-30,20:45 (11:45),La Liga,Matchweek 7,Sun,Away,L,0,1,Betis,14,6,2,0,2,2,2,0,0,0,0,0,0,0,Match Report,2018-09-30,20:45 (11:45),La Liga,Matchweek 7,Sun,Away,L,0,1,Betis,20,13,12,8,0,5,9,55.6,4,16,6,10,14,34,28,0,Match Report,2018-09-30,20:45 (11:45),La Liga,Matchweek 7,Sun,Away,L,0,1,Betis,18,320,64,153,115,58,6,320,8,4,50.0,4,50.0,132,695,263,5,5,2,14,7,106,12,Match Report,2018-09-30,20:45 (11:45),La Liga,Matchweek 7,Sun,Away,L,0,1,Betis,4,0,0,10,7,1,5,14,13,0,0,0,48,25,16,61.0,Match Report
2018-10-06,20:45 (11:45),La Liga,Matchweek 8,Sat,Home,W,1,0,Rayo Vallecano,1,13,4,30.8,0.08,0.25,17.5,2,0,0,0.9,0.9,0.07,+0.1,+0.1,Match Report,2018-10-06,20:45 (11:45),La Liga,Matchweek 8,Sat,Home,W,1,0,Rayo Vallecano,2,0,2,100.0,1,0.5,+0.5,0,0,0,0,13,21,61.9,23,3,69.6,49.8,5,100.0,68.6,26,2,7.7,1,10.2,Match Report,2018-10-06,20:45 (11:45),La Liga,Matchweek 8,Sat,Home,W,1,0,Rayo Vallecano,200,304,65.8,4488,2286,77,99,77.8,75,109,68.8,46,84,54.8,1,0.8,0.8,11,17,6,3,24,Match Report,2018-10-06,20:45 (11:45),La Liga,Matchweek 8,Sat,Home,W,1,0,Rayo Vallecano,304,255,44,11,2,4,21,21,6,3,1,0,200,5,4,Match Report,2018-10-06,20:45 (11:45),La Liga,Matchweek 8,Sat,Home,W,1,0,Rayo Vallecano,21,13,3,1,0,3,1,2,1,1,0,0,0,0,Match Report,2018-10-06,20:45 (11:45),La Liga,Matchweek 8,Sat,Home,W,1,0,Rayo Vallecano,15,7,5,7,3,7,14,50.0,7,12,2,10,14,29,27,0,Match Report,2018-10-06,20:45 (11:45),La Liga,Matchweek 8,Sat,Home,W,1,0,Rayo Vallecano,36,409,57,131,167,118,21,409,7,2,28.6,5,71.4,211,1246,558,11,11,4,8,9,197,24,Match Report,2018-10-06,20:45 (11:45),La Liga,Matchweek 8,Sat,Home,W,1,0,Rayo Vallecano,1,0,0,12,11,5,21,14,7,0,0,0,54,18,9,66.7,Match Report
2018-10-20,16:15 (07:15),La Liga,Matchweek 9,Sat,Away,D,1,1,Valencia,1,6,4,66.7,0.00,0.00,27.2,1,1,1,1.0,0.2,0.04,0.0,-0.2,Match Report,2018-10-20,16:15 (07:15),La Liga,Matchweek 9,Sat,Away,D,1,1,Valencia,4,1,3,75.0,0,2.1,+1.1,0,0,0,0,15,35,42.9,37,2,64.9,47.1,12,91.7,63.3,32,2,6.3,0,9.3,Match Report,2018-10-20,16:15 (07:15),La Liga,Matchweek 9,Sat,Away,D,1,1,Valencia,298,405,73.6,5976,2303,114,134,85.1,135,160,84.4,45,94,47.9,0,0.1,0.1,3,23,2,0,30,Match Report,2018-10-20,16:15 (07:15),La Liga,Matchweek 9,Sat,Away,D,1,1,Valencia,405,366,38,9,0,4,9,14,1,0,1,0,298,1,8,Match Report,2018-10-20,16:15 (07:15),La Liga,Matchweek 9,Sat,Away,D,1,1,Valencia,12,5,3,1,0,2,1,2,0,1,0,0,1,0,Match Report,2018-10-20,16:15 (07:15),La Liga,Matchweek 9,Sat,Away,D,1,1,Valencia,16,12,9,7,0,5,15,33.3,10,9,5,4,13,29,48,0,Match Report,2018-10-20,16:15 (07:15),La Liga,Matchweek 9,Sat,Away,D,1,1,Valencia,41,521,96,208,239,75,6,520,13,6,46.2,7,53.8,271,1214,587,7,3,1,12,5,294,29,Match Report,2018-10-20,16:15 (07:15),La Liga,Matchweek 9,Sat,Away,D,1,1,Valencia,2,0,0,13,8,1,9,13,12,1,0,0,52,17,11,60.7,Match Report
2018-10-27,18:30 (09:30),La Liga,Matchweek 10,Sat,Away,L,0,2,Levante,0,21,6,28.6,0.00,0.00,20.2,0,0,0,1.4,1.4,0.07,-1.4,-1.4,Match Report,2018-10-27,18:30 (09:30),La Liga,Matchweek 10,Sat,Away,L,0,2,Levante,4,2,2,50.0,0,1.4,-0.6,0,0,0,0,15,21,71.4,31,5,41.9,39.9,8,100.0,57.0,7,1,14.3,0,8.3,Match Report,2018-10-27,18:30 (09:30),La Liga,Matchweek 10,Sat,Away,L,0,2,Levante,443,565,78.4,8535,3457,196,220,89.1,188,230,81.7,58,98,59.2,0,0.9,0.7,14,40,11,4,58,Match Report,2018-10-27,18:30 (09:30),La Liga,Matchweek 10,Sat,Away,L,0,2,Levante,565,508,55,12,0,4,22,30,2,0,1,0,443,2,13,Match Report,2018-10-27,18:30 (09:30),La Liga,Matchweek 10,Sat,Away,L,0,2,Levante,34,23,4,3,3,1,0,0,0,0,0,0,0,0,Match Report,2018-10-27,18:30 (09:30),La Liga,Matchweek 10,Sat,Away,L,0,2,Levante,26,16,17,7,2,11,20,55.0,9,11,2,9,7,33,19,2,Match Report,2018-10-27,18:30 (09:30),La Liga,Matchweek 10,Sat,Away,L,0,2,Levante,58,682,58,181,330,175,19,682,9,6,66.7,3,33.3,408,1958,843,14,10,3,18,12,438,58,Match Report,2018-10-27,18:30 (09:30),La Liga,Matchweek 10,Sat,Away,L,0,2,Levante,2,0,0,14,12,2,22,7,16,0,0,0,67,15,11,57.7,Match Report
2018-10-30,20:30 (12:30),Copa del Rey,Round of 32,Tue,Home,D,2,2,Rayo Vallecano,2,22,9,40.9,0.09,0.22,,,0,0,,,,,,Match Report,2018-10-30,20:30 (12:30),Copa del Rey,Round of 32,Tue,Home,D,2,2,Rayo Vallecano,3,2,1,33.3,0,,,0,0,0,0,,,,,,,,,,,,,,,,Match Report,2018-10-30,20:30 (12:30),Copa del Rey,Round of 32,Tue,Home,D,2,2,Rayo Vallecano,,,,,,,,,,,,,,,2,,,,,,,,Match Report,2018-10-30,20:30 (12:30),Copa del Rey,Round of 32,Tue,Home,D,2,2,Rayo Vallecano,,,,,,,35,,,,,,,,,Match Report,2018-10-30,20:30 (12:30),Copa del Rey,Round of 32,Tue,Home,D,2,2,Rayo Vallecano,,,,,,,,,,,,,,,Match Report,2018-10-30,20:30 (12:30),Copa del Rey,Round of 32,Tue,Home,D,2,2,Rayo Vallecano,,19,,,,,,,,,,,8,0,,,Match Report,2018-10-30,20:30 (12:30),Copa del Rey,Round of 32,Tue,Home,D,2,2,Rayo Vallecano,58,,,,,,,,,,,,,,,,,,,,,,,Match Report,2018-10-30,20:30 (12:30),Copa del Rey,Round of 32,Tue,Home,D,2,2,Rayo Vallecano,0,0,0,10,11,8,35,8,19,0,0,0,,,,,Match Report
2018-11-03,13:00 (05:00),La Liga,Matchweek 11,Sat,Home,D,1,1,Atlético Madrid,1,8,3,37.5,0.13,0.33,15.8,2,0,0,1.3,1.3,0.18,-0.3,-0.3,Match Report,2018-11-03,13:00 (05:00),La Liga,Matchweek 11,Sat,Home,D,1,1,Atlético Madrid,4,1,3,75.0,0,0.5,-0.5,0,0,0,0,15,31,48.4,33,5,69.7,48.2,9,88.9,60.3,14,0,0.0,2,17.3,Match Report,2018-11-03,13:00 (05:00),La Liga,Matchweek 11,Sat,Home,D,1,1,Atlético Madrid,291,420,69.3,5973,2657,126,152,82.9,106,144,73.6,57,107,53.3,0,0.3,0.4,5,28,2,1,22,Match Report,2018-11-03,13:00 (05:00),La Liga,Matchweek 11,Sat,Home,D,1,1,Atlético Madrid,420,374,46,12,0,1,17,19,4,2,2,0,291,0,12,Match Report,2018-11-03,13:00 (05:00),La Liga,Matchweek 11,Sat,Home,D,1,1,Atlético Madrid,15,7,2,0,1,5,0,1,0,0,0,1,0,0,Match Report,2018-11-03,13:00 (05:00),La Liga,Matchweek 11,Sat,Home,D,1,1,Atlético Madrid,18,12,11,5,2,4,13,30.8,9,4,1,3,8,26,20,1,Match Report,2018-11-03,13:00 (05:00),La Liga,Matchweek 11,Sat,Home,D,1,1,Atlético Madrid,45,527,58,189,240,102,9,527,17,10,58.8,7,41.2,218,1023,448,9,6,1,18,16,287,22,Match Report,2018-11-03,13:00 (05:00),La Liga,Matchweek 11,Sat,Home,D,1,1,Atlético Madrid,4,0,0,18,12,0,17,8,12,0,0,0,56,31,25,55.4,Match Report
2018-11-10,20:45 (11:45),La Liga,Matchweek 12,Sat,Away,D,0,0,Girona,0,11,2,18.2,0.00,0.00,13.3,1,0,0,1.1,1.1,0.11,-1.1,-1.1,Match Report,2018-11-10,20:45 (11:45),La Liga,Matchweek 12,Sat,Away,D,0,0,Girona,0,0,0,,1,0.0,0.0,0,0,0,0,9,20,45.0,18,0,83.3,49.1,5,100.0,62.0,13,0,0.0,1,18.5,Match Report,2018-11-10,20:45 (11:45),La Liga,Matchweek 12,Sat,Away,D,0,0,Girona,306,437,70.0,6101,2389,131,166,78.9,117,147,79.6,54,101,53.5,0,1.0,1.1,8,21,8,6,37,Match Report,2018-11-10,20:45 (11:45),La Liga,Matchweek 12,Sat,Away,D,0,0,Girona,437,384,49,10,1,5,27,27,6,0,6,0,306,4,11,Match Report,2018-11-10,20:45 (11:45),La Liga,Matchweek 12,Sat,Away,D,0,0,Girona,20,14,1,1,3,1,0,0,0,0,0,0,0,0,Match Report,2018-11-10,20:45 (11:45),La Liga,Matchweek 12,Sat,Away,D,0,0,Girona,16,10,11,4,1,7,9,77.8,2,7,0,7,16,32,30,0,Match Report,2018-11-10,20:45 (11:45),La Liga,Matchweek 12,Sat,Away,D,0,0,Girona,41,551,40,154,258,145,24,551,7,4,57.1,3,42.9,305,1402,638,12,15,1,13,8,304,37,Match Report,2018-11-10,20:45 (11:45),La Liga,Matchweek 12,Sat,Away,D,0,0,Girona,4,0,0,13,12,4,27,16,10,0,0,0,61,35,21,62.5,Match Report
2018-11-23,21:00 (12:00),La Liga,Matchweek 13,Fri,Home,W,1,0,Alavés,1,13,6,46.2,0.08,0.17,19.7,0,0,0,0.9,0.9,0.07,+0.1,+0.1,Match Report,2018-11-23,21:00 (12:00),La Liga,Matchweek 13,Fri,Home,W,1,0,Alavés,2,0,2,100.0,1,0.3,+0.3,0,0,0,0,3,14,21.4,24,4,45.8,39.9,6,50.0,49.7,13,1,7.7,0,13.0,Match Report,2018-11-23,21:00 (12:00),La Liga,Matchweek 13,Fri,Home,W,1,0,Alavés,301,433,69.5,5516,2328,134,155,86.5,123,156,78.8,38,94,40.4,1,0.8,0.6,10,24,5,3,20,Match Report,2018-11-23,21:00 (12:00),La Liga,Matchweek 13,Fri,Home,W,1,0,Alavés,433,367,63,15,0,4,24,36,5,0,5,0,301,3,15,Match Report,2018-11-23,21:00 (12:00),La Liga,Matchweek 13,Fri,Home,W,1,0,Alavés,23,17,3,1,2,0,0,2,2,0,0,0,0,0,Match Report,2018-11-23,21:00 (12:00),La Liga,Matchweek 13,Fri,Home,W,1,0,Alavés,12,6,7,4,1,2,9,22.2,7,7,1,6,12,24,23,0,Match Report,2018-11-23,21:00 (12:00),La Liga,Matchweek 13,Fri,Home,W,1,0,Alavés,49,546,48,164,262,126,15,546,18,9,50.0,9,50.0,242,1389,694,15,12,3,15,13,297,20,Match Report,2018-11-23,21:00 (12:00),La Liga,Matchweek 13,Fri,Home,W,1,0,Alavés,2,0,0,10,13,3,24,12,6,0,0,0,54,23,19,54.8,Match Report
2018-12-01,16:15 (07:15),La Liga,Matchweek 14,Sat,Away,W,4,2,Valladolid,4,14,5,35.7,0.29,0.80,14.5,0,0,0,1.7,1.7,0.12,+2.3,+2.3,Match Report,2018-12-01,16:15 (07:15),La Liga,Matchweek 14,Sat,Away,W,4,2,Valladolid,6,2,4,66.7,0,2.2,+0.2,0,0,0,0,14,23,60.9,17,3,76.5,52.9,11,90.9,67.2,38,0,0.0,0,8.0,Match Report,2018-12-01,16:15 (07:15),La Liga,Matchweek 14,Sat,Away,W,4,2,Valladolid,237,332,71.4,4668,2506,118,138,85.5,78,107,72.9,39,71,54.9,2,0.6,0.7,10,18,8,4,22,Match Report,2018-12-01,16:15 (07:15),La Liga,Matchweek 14,Sat,Away,W,4,2,Valladolid,332,290,41,6,0,2,22,16,5,3,2,0,237,1,9,Match Report,2018-12-01,16:15 (07:15),La Liga,Matchweek 14,Sat,Away,W,4,2,Valladolid,23,18,2,0,2,1,0,5,3,1,0,1,0,0,Match Report,2018-12-01,16:15 (07:15),La Liga,Matchweek 14,Sat,Away,W,4,2,Valladolid,13,9,8,5,0,3,10,30.0,7,13,6,7,8,21,31,1,Match Report,2018-12-01,16:15 (07:15),La Liga,Matchweek 14,Sat,Away,W,4,2,Valladolid,33,437,66,163,190,93,19,437,8,5,62.5,3,37.5,221,1115,527,12,11,1,13,11,235,22,Match Report,2018-12-01,16:15 (07:15),La Liga,Matchweek 14,Sat,Away,W,4,2,Valladolid,3,0,0,13,5,1,22,8,9,0,0,0,55,27,10,73.0,Match Report
2018-12-04,20:30 (11:30),Copa del Rey,Round of 32,Tue,Away,W,1,0,Rayo Vallecano,0,9,1,11.1,0.00,0.00,,,0,0,,,,,,Match Report,2018-12-04,20:30 (11:30),Copa del Rey,Round of 32,Tue,Away,W,1,0,Rayo Vallecano,3,0,4,100.0,1,,,1,0,1,0,,,,,,,,,,,,,,,,Match Report,2018-12-04,20:30 (11:30),Copa del Rey,Round of 32,Tue,Away,W,1,0,Rayo Vallecano,,,,,,,,,,,,,,,0,,,,,,,,Match Report,2018-12-04,20:30 (11:30),Copa del Rey,Round of 32,Tue,Away,W,1,0,Rayo Vallecano,,,,,,,8,,,,,,,,,Match Report,2018-12-04,20:30 (11:30),Copa del Rey,Round of 32,Tue,Away,W,1,0,Rayo Vallecano,,,,,,,,,,,,,,,Match Report,2018-12-04,20:30 (11:30),Copa del Rey,Round of 32,Tue,Away,W,1,0,Rayo Vallecano,,5,,,,,,,,,,,17,0,,,Match Report,2018-12-04,20:30 (11:30),Copa del Rey,Round of 32,Tue,Away,W,1,0,Rayo Vallecano,27,,,,,,,,,,,,,,,,,,,,,,,Match Report,2018-12-04,20:30 (11:30),Copa del Rey,Round of 32,Tue,Away,W,1,0,Rayo Vallecano,4,0,0,17,9,0,8,17,5,0,1,0,,,,,Match Report
2018-12-07,21:00 (12:00),La Liga,Matchweek 15,Fri,Home,D,1,1,Getafe,1,17,5,29.4,0.06,0.20,16.7,0,0,0,1.7,1.7,0.10,-0.7,-0.7,Match Report,2018-12-07,21:00 (12:00),La Liga,Matchweek 15,Fri,Home,D,1,1,Getafe,2,1,1,50.0,0,0.4,-0.6,0,0,0,0,11,22,50.0,29,4,55.2,43.2,10,60.0,50.8,9,0,0.0,0,9.0,Match Report,2018-12-07,21:00 (12:00),La Liga,Matchweek 15,Fri,Home,D,1,1,Getafe,392,534,73.4,8305,3229,137,167,82.0,182,219,83.1,70,129,54.3,1,1.6,1.3,14,33,10,4,39,Match Report,2018-12-07,21:00 (12:00),La Liga,Matchweek 15,Fri,Home,D,1,1,Getafe,534,479,53,13,0,9,20,21,7,1,5,0,392,2,7,Match Report,2018-12-07,21:00 (12:00),La Liga,Matchweek 15,Fri,Home,D,1,1,Getafe,29,23,1,4,1,0,0,1,1,0,0,0,0,0,Match Report,2018-12-07,21:00 (12:00),La Liga,Matchweek 15,Fri,Home,D,1,1,Getafe,12,8,5,7,0,5,12,41.7,7,9,2,7,19,31,10,0,Match Report,2018-12-07,21:00 (12:00),La Liga,Matchweek 15,Fri,Home,D,1,1,Getafe,65,633,43,169,311,159,20,633,9,7,77.8,2,22.2,349,1611,769,9,9,1,22,9,392,39,Match Report,2018-12-07,21:00 (12:00),La Liga,Matchweek 15,Fri,Home,D,1,1,Getafe,1,1,0,12,12,2,20,19,8,0,0,0,52,32,27,54.2,Match Report
2018-12-14,21:00 (12:00),La Liga,Matchweek 16,Fri,Away,D,0,0,Celta Vigo,0,5,2,40.0,0.00,0.00,17.7,0,0,0,0.7,0.7,0.14,-0.7,-0.7,Match Report,2018-12-14,21:00 (12:00),La Liga,Matchweek 16,Fri,Away,D,0,0,Celta Vigo,2,0,2,100.0,1,0.9,+0.9,0,0,0,0,11,25,44.0,20,4,75.0,53.2,11,90.9,60.7,32,1,3.1,0,6.0,Match Report,2018-12-14,21:00 (12:00),La Liga,Matchweek 16,Fri,Away,D,0,0,Celta Vigo,131,224,58.5,2512,1425,56,74,75.7,42,64,65.6,21,63,33.3,0,0.7,0.4,4,11,3,1,8,Match Report,2018-12-14,21:00 (12:00),La Liga,Matchweek 16,Fri,Away,D,0,0,Celta Vigo,224,188,33,10,0,3,6,11,0,0,0,0,131,3,9,Match Report,2018-12-14,21:00 (12:00),La Liga,Matchweek 16,Fri,Away,D,0,0,Celta Vigo,6,4,1,0,0,1,0,0,0,0,0,0,0,0,Match Report,2018-12-14,21:00 (12:00),La Liga,Matchweek 16,Fri,Away,D,0,0,Celta Vigo,16,11,9,6,1,10,18,55.6,8,13,7,6,12,28,43,0,Match Report,2018-12-14,21:00 (12:00),La Liga,Matchweek 16,Fri,Away,D,0,0,Celta Vigo,20,339,84,175,130,40,6,339,7,4,57.1,3,42.9,107,710,396,6,1,2,11,5,130,8,Match Report,2018-12-14,21:00 (12:00),La Liga,Matchweek 16,Fri,Away,D,0,0,Celta Vigo,3,0,0,11,11,3,6,12,11,0,0,0,42,16,15,51.6,Match Report
2018-12-23,16:15 (07:15),La Liga,Matchweek 17,Sun,Home,D,1,1,Sevilla,1,13,4,30.8,0.08,0.25,16.5,0,0,0,1.3,1.3,0.10,-0.3,-0.3,Match Report,2018-12-23,16:15 (07:15),La Liga,Matchweek 17,Sun,Home,D,1,1,Sevilla,2,1,1,50.0,0,1.2,+0.2,0,0,0,0,4,12,33.3,22,4,45.5,42.2,3,66.7,47.7,16,0,0.0,3,20.3,Match Report,2018-12-23,16:15 (07:15),La Liga,Matchweek 17,Sun,Home,D,1,1,Sevilla,324,444,73.0,5952,2330,141,173,81.5,118,161,73.3,47,76,61.8,1,1.2,1.2,11,29,10,2,29,Match Report,2018-12-23,16:15 (07:15),La Liga,Matchweek 17,Sun,Home,D,1,1,Sevilla,444,396,46,11,0,3,14,27,3,2,1,0,324,2,8,Match Report,2018-12-23,16:15 (07:15),La Liga,Matchweek 17,Sun,Home,D,1,1,Sevilla,20,14,3,1,0,1,1,2,2,0,0,0,0,0,Match Report,2018-12-23,16:15 (07:15),La Liga,Matchweek 17,Sun,Home,D,1,1,Sevilla,19,9,9,8,2,7,11,63.6,4,12,3,9,13,32,34,0,Match Report,2018-12-23,16:15 (07:15),La Liga,Matchweek 17,Sun,Home,D,1,1,Sevilla,47,568,46,190,254,132,18,568,12,3,25.0,9,75.0,216,1534,843,19,18,2,12,17,324,29,Match Report,2018-12-23,16:15 (07:15),La Liga,Matchweek 17,Sun,Home,D,1,1,Sevilla,3,0,0,14,9,2,14,13,9,0,0,0,55,29,17,63.0,Match Report
2019-01-04,21:00 (12:00),La Liga,Matchweek 18,Fri,Away,L,0,1,Espanyol,0,10,2,20.0,0.00,0.00,25.9,1,0,0,0.4,0.4,0.04,-0.4,-0.4,Match Report,2019-01-04,21:00 (12:00),La Liga,Matchweek 18,Fri,Away,L,0,1,Espanyol,1,1,0,0.0,0,0.6,-0.4,0,0,0,0,6,15,40.0,25,4,44.0,39.6,8,50.0,45.1,8,0,0.0,0,,Match Report,2019-01-04,21:00 (12:00),La Liga,Matchweek 18,Fri,Away,L,0,1,Espanyol,354,471,75.2,6902,2391,151,184,82.1,140,174,80.5,57,94,60.6,0,0.2,0.3,5,34,3,2,32,Match Report,2019-01-04,21:00 (12:00),La Liga,Matchweek 18,Fri,Away,L,0,1,Espanyol,471,430,40,9,0,8,30,15,6,2,4,0,354,1,8,Match Report,2019-01-04,21:00 (12:00),La Liga,Matchweek 18,Fri,Away,L,0,1,Espanyol,17,14,0,0,0,1,2,0,0,0,0,0,0,0,Match Report,2019-01-04,21:00 (12:00),La Liga,Matchweek 18,Fri,Away,L,0,1,Espanyol,12,6,5,4,3,4,12,33.3,8,14,3,11,6,18,16,0,Match Report,2019-01-04,21:00 (12:00),La Liga,Matchweek 18,Fri,Away,L,0,1,Espanyol,48,549,52,157,262,136,19,549,7,2,28.6,5,71.4,267,1419,780,10,15,3,8,9,353,32,Match Report,2019-01-04,21:00 (12:00),La Liga,Matchweek 18,Fri,Away,L,0,1,Espanyol,5,1,1,17,9,1,30,6,6,0,0,0,42,24,21,53.3,Match Report
2019-01-09,21:30 (12:30),Copa del Rey,Round of 16,Wed,Away,L,0,3,Real Madrid,0,10,3,30.0,0.00,0.00,,,0,0,,,,,,Match Report,2019-01-09,21:30 (12:30),Copa del Rey,Round of 16,Wed,Away,L,0,3,Real Madrid,8,3,6,75.0,0,,,1,1,0,0,,,,,,,,,,,,,,,,Match Report,2019-01-09,21:30 (12:30),Copa del Rey,Round of 16,Wed,Away,L,0,3,Real Madrid,,,,,,,,,,,,,,,0,,,,,,,,Match Report,2019-01-09,21:30 (12:30),Copa del Rey,Round of 16,Wed,Away,L,0,3,Real Madrid,,,,,,,10,,,,,,,,,Match Report,2019-01-09,21:30 (12:30),Copa del Rey,Round of 16,Wed,Away,L,0,3,Real Madrid,,,,,,,,,,,,,,,Match Report,2019-01-09,21:30 (12:30),Copa del Rey,Round of 16,Wed,Away,L,0,3,Real Madrid,,11,,,,,,,,,,,17,0,,,Match Report,2019-01-09,21:30 (12:30),Copa del Rey,Round of 16,Wed,Away,L,0,3,Real Madrid,36,,,,,,,,,,,,,,,,,,,,,,,Match Report,2019-01-09,21:30 (12:30),Copa del Rey,Round of 16,Wed,Away,L,0,3,Real Madrid,2,0,0,12,13,1,10,17,11,0,1,0,,,,,Match Report
2019-01-12,13:00 (04:00),La Liga,Matchweek 19,Sat,Home,W,1,0,Huesca,1,14,7,50.0,0.07,0.14,14.9,0,0,0,2.0,2.0,0.15,-1.0,-1.0,Match Report,2019-01-12,13:00 (04:00),La Liga,Matchweek 19,Sat,Home,W,1,0,Huesca,2,0,2,100.0,1,0.1,+0.1,0,0,0,0,8,25,32.0,24,2,83.3,54.6,5,100.0,61.2,15,2,13.3,2,11.4,Match Report,2019-01-12,13:00 (04:00),La Liga,Matchweek 19,Sat,Home,W,1,0,Huesca,316,447,70.7,5765,2408,147,175,84.0,117,154,76.0,40,90,44.4,1,1.7,0.8,11,27,7,4,37,Match Report,2019-01-12,13:00 (04:00),La Liga,Matchweek 19,Sat,Home,W,1,0,Huesca,447,399,45,10,0,6,19,25,4,2,2,0,316,3,7,Match Report,2019-01-12,13:00 (04:00),La Liga,Matchweek 19,Sat,Home,W,1,0,Huesca,23,16,4,0,2,0,1,2,2,0,0,0,0,0,Match Report,2019-01-12,13:00 (04:00),La Liga,Matchweek 19,Sat,Home,W,1,0,Huesca,17,14,7,7,3,8,18,44.4,10,9,3,6,10,27,11,0,Match Report,2019-01-12,13:00 (04:00),La Liga,Matchweek 19,Sat,Home,W,1,0,Huesca,50,547,41,152,267,134,24,547,9,4,44.4,5,55.6,241,1585,766,16,12,4,18,7,309,35,Match Report,2019-01-12,13:00 (04:00),La Liga,Matchweek 19,Sat,Home,W,1,0,Huesca,3,0,0,11,9,3,19,10,14,0,0,0,57,24,24,50.0,Match Report
2019-01-16,21:30 (12:30),Copa del Rey,Round of 16,Wed,Home,W,1,0,Real Madrid,1,21,6,28.6,0.05,0.17,,,0,0,,,,,,Match Report,2019-01-16,21:30 (12:30),Copa del Rey,Round of 16,Wed,Home,W,1,0,Real Madrid,4,0,4,100.0,1,,,0,0,0,0,,,,,,,,,,,,,,,,Match Report,2019-01-16,21:30 (12:30),Copa del Rey,Round of 16,Wed,Home,W,1,0,Real Madrid,,,,,,,,,,,,,,,0,,,,,,,,Match Report,2019-01-16,21:30 (12:30),Copa del Rey,Round of 16,Wed,Home,W,1,0,Real Madrid,,,,,,,31,,,,,,,,,Match Report,2019-01-16,21:30 (12:30),Copa del Rey,Round of 16,Wed,Home,W,1,0,Real Madrid,,,,,,,,,,,,,,,Match Report,2019-01-16,21:30 (12:30),Copa del Rey,Round of 16,Wed,Home,W,1,0,Real Madrid,,14,,,,,,,,,,,11,0,,,Match Report,2019-01-16,21:30 (12:30),Copa del Rey,Round of 16,Wed,Home,W,1,0,Real Madrid,50,,,,,,,,,,,,,,,,,,,,,,,Match Report,2019-01-16,21:30 (12:30),Copa del Rey,Round of 16,Wed,Home,W,1,0,Real Madrid,1,0,0,15,14,3,31,11,14,0,0,0,,,,,Match Report
2019-01-20,20:45 (11:45),La Liga,Matchweek 20,Sun,Away,L,1,3,Barcelona,1,5,2,40.0,0.20,0.50,23.4,1,0,0,0.9,0.9,0.18,+0.1,+0.1,Match Report,2019-01-20,20:45 (11:45),La Liga,Matchweek 20,Sun,Away,L,1,3,Barcelona,7,3,4,57.1,0,2.5,-0.5,0,0,0,0,9,30,30.0,26,2,69.2,47.8,12,100.0,61.0,10,0,0.0,0,13.5,Match Report,2019-01-20,20:45 (11:45),La Liga,Matchweek 20,Sun,Away,L,1,3,Barcelona,211,317,66.6,3830,1798,106,134,79.1,70,90,77.8,27,72,37.5,1,0.8,0.8,3,12,3,1,14,Match Report,2019-01-20,20:45 (11:45),La Liga,Matchweek 20,Sun,Away,L,1,3,Barcelona,317,279,37,10,2,5,6,10,1,0,0,0,211,1,9,Match Report,2019-01-20,20:45 (11:45),La Liga,Matchweek 20,Sun,Away,L,1,3,Barcelona,8,7,0,0,0,1,0,2,2,0,0,0,0,0,Match Report,2019-01-20,20:45 (11:45),La Liga,Matchweek 20,Sun,Away,L,1,3,Barcelona,22,13,14,6,2,12,44,27.3,32,11,1,10,14,36,21,0,Match Report,2019-01-20,20:45 (11:45),La Liga,Matchweek 20,Sun,Away,L,1,3,Barcelona,28,420,69,184,188,53,8,420,10,4,40.0,6,60.0,222,1134,586,10,6,3,8,7,211,14,Match Report,2019-01-20,20:45 (11:45),La Liga,Matchweek 20,Sun,Away,L,1,3,Barcelona,3,0,0,18,11,1,6,14,13,0,0,0,57,11,11,50.0,Match Report
2019-01-26,18:30 (09:30),La Liga,Matchweek 21,Sat,Home,D,2,2,Eibar,2,9,3,33.3,0.22,0.67,15.1,0,0,0,0.7,0.7,0.07,+1.3,+1.3,Match Report,2019-01-26,18:30 (09:30),La Liga,Matchweek 21,Sat,Home,D,2,2,Eibar,2,2,0,0.0,0,0.4,-1.6,0,0,0,0,11,27,40.7,28,5,75.0,48.5,6,100.0,63.7,18,1,5.6,0,9.0,Match Report,2019-01-26,18:30 (09:30),La Liga,Matchweek 21,Sat,Home,D,2,2,Eibar,274,442,62.0,5045,2335,142,187,75.9,83,130,63.8,42,98,42.9,2,0.5,0.6,6,19,3,2,22,Match Report,2019-01-26,18:30 (09:30),La Liga,Matchweek 21,Sat,Home,D,2,2,Eibar,442,376,65,17,0,6,17,35,4,2,1,0,274,1,7,Match Report,2019-01-26,18:30 (09:30),La Liga,Matchweek 21,Sat,Home,D,2,2,Eibar,17,11,3,2,0,1,0,4,3,0,1,0,0,0,Match Report,2019-01-26,18:30 (09:30),La Liga,Matchweek 21,Sat,Home,D,2,2,Eibar,13,9,6,6,1,4,9,44.4,5,6,1,5,15,28,20,0,Match Report,2019-01-26,18:30 (09:30),La Liga,Matchweek 21,Sat,Home,D,2,2,Eibar,54,549,44,184,261,109,15,549,19,11,57.9,8,42.1,228,1250,602,15,8,4,13,10,271,21,Match Report,2019-01-26,18:30 (09:30),La Liga,Matchweek 21,Sat,Home,D,2,2,Eibar,2,0,0,16,12,1,17,15,9,0,0,0,56,34,30,53.1,Match Report
2019-02-04,21:00 (12:00),La Liga,Matchweek 22,Mon,Away,W,2,1,Rayo Vallecano,2,13,4,30.8,0.15,0.50,14.5,0,0,0,1.3,1.3,0.10,+0.7,+0.7,Match Report,2019-02-04,21:00 (12:00),La Liga,Matchweek 22,Mon,Away,W,2,1,Rayo Vallecano,6,1,5,83.3,0,1.9,+0.9,0,0,0,0,4,27,14.8,21,2,81.0,58.2,10,100.0,63.7,25,0,0.0,0,,Match Report,2019-02-04,21:00 (12:00),La Liga,Matchweek 22,Mon,Away,W,2,1,Rayo Vallecano,194,315,61.6,3706,1839,83,114,72.8,80,108,74.1,29,80,36.3,2,1.2,0.8,11,21,7,4,30,Match Report,2019-02-04,21:00 (12:00),La Liga,Matchweek 22,Mon,Away,W,2,1,Rayo Vallecano,315,252,63,21,0,3,21,24,6,0,5,0,194,0,8,Match Report,2019-02-04,21:00 (12:00),La Liga,Matchweek 22,Mon,Away,W,2,1,Rayo Vallecano,21,10,7,1,0,2,1,3,0,3,0,0,0,0,Match Report,2019-02-04,21:00 (12:00),La Liga,Matchweek 22,Mon,Away,W,2,1,Rayo Vallecano,18,11,13,4,1,5,13,38.5,8,9,4,5,5,23,40,0,Match Report,2019-02-04,21:00 (12:00),La Liga,Matchweek 22,Mon,Away,W,2,1,Rayo Vallecano,39,435,66,153,161,126,19,435,10,7,70.0,3,30.0,192,830,354,9,8,0,11,11,193,29,Match Report,2019-02-04,21:00 (12:00),La Liga,Matchweek 22,Mon,Away,W,2,1,Rayo Vallecano,4,1,0,10,19,0,21,5,11,0,0,0,43,28,15,65.1,Match Report
2019-02-10,12:00 (03:00),La Liga,Matchweek 23,Sun,Home,W,3,0,Betis,3,16,4,25.0,0.19,0.75,15.5,0,0,0,1.6,1.6,0.10,+1.4,+1.4,Match Report,2019-02-10,12:00 (03:00),La Liga,Matchweek 23,Sun,Home,W,3,0,Betis,1,0,1,100.0,1,0.1,+0.1,0,0,0,0,8,13,61.5,19,2,47.4,40.2,4,100.0,58.3,10,2,20.0,2,14.4,Match Report,2019-02-10,12:00 (03:00),La Liga,Matchweek 23,Sun,Home,W,3,0,Betis,237,320,74.1,4494,1871,101,114,88.6,90,110,81.8,36,71,50.7,3,1.4,1.2,11,24,6,3,31,Match Report,2019-02-10,12:00 (03:00),La Liga,Matchweek 23,Sun,Home,W,3,0,Betis,320,290,27,11,1,3,17,7,4,0,4,0,237,3,9,Match Report,2019-02-10,12:00 (03:00),La Liga,Matchweek 23,Sun,Home,W,3,0,Betis,28,22,2,2,0,1,1,5,3,1,1,0,0,0,Match Report,2019-02-10,12:00 (03:00),La Liga,Matchweek 23,Sun,Home,W,3,0,Betis,23,13,11,8,4,11,24,45.8,13,11,1,10,16,39,22,1,Match Report,2019-02-10,12:00 (03:00),La Liga,Matchweek 23,Sun,Home,W,3,0,Betis,32,437,32,124,203,121,24,437,23,14,60.9,9,39.1,212,1421,878,26,12,9,10,3,237,31,Match Report,2019-02-10,12:00 (03:00),La Liga,Matchweek 23,Sun,Home,W,3,0,Betis,4,0,0,22,10,3,17,16,13,0,0,0,51,10,7,58.8,Match Report
2019-02-16,18:30 (09:30),La Liga,Matchweek 24,Sat,Away,L,0,3,Real Sociedad,0,8,3,37.5,0.00,0.00,13.7,1,0,0,1.2,1.2,0.15,-1.2,-1.2,Match Report,2019-02-16,18:30 (09:30),La Liga,Matchweek 24,Sat,Away,L,0,3,Real Sociedad,6,3,3,50.0,0,2.0,-1.0,0,0,0,0,6,26,23.1,20,1,80.0,49.6,11,90.9,61.4,17,1,5.9,5,16.4,Match Report,2019-02-16,18:30 (09:30),La Liga,Matchweek 24,Sat,Away,L,0,3,Real Sociedad,237,338,70.1,4378,1686,117,134,87.3,80,108,74.1,36,83,43.4,0,0.5,0.4,5,19,4,2,21,Match Report,2019-02-16,18:30 (09:30),La Liga,Matchweek 24,Sat,Away,L,0,3,Real Sociedad,338,281,56,11,0,4,14,29,1,0,1,0,237,1,7,Match Report,2019-02-16,18:30 (09:30),La Liga,Matchweek 24,Sat,Away,L,0,3,Real Sociedad,12,7,2,1,1,1,0,0,0,0,0,0,0,0,Match Report,2019-02-16,18:30 (09:30),La Liga,Matchweek 24,Sat,Away,L,0,3,Real Sociedad,17,10,8,7,2,5,22,22.7,17,7,1,6,13,30,18,0,Match Report,2019-02-16,18:30 (09:30),La Liga,Matchweek 24,Sat,Away,L,0,3,Real Sociedad,39,443,44,122,216,107,13,443,13,7,53.8,6,46.2,240,1001,334,5,4,2,21,11,237,21,Match Report,2019-02-16,18:30 (09:30),La Liga,Matchweek 24,Sat,Away,L,0,3,Real Sociedad,2,0,0,16,8,1,14,13,10,0,0,0,42,15,12,55.6,Match Report
2019-02-24,12:00 (03:00),La Liga,Matchweek 25,Sun,Home,D,1,1,Valencia,1,17,6,35.3,0.06,0.17,18.4,0,0,0,1.8,1.8,0.12,-0.8,-0.8,Match Report,2019-02-24,12:00 (03:00),La Liga,Matchweek 25,Sun,Home,D,1,1,Valencia,1,1,0,0.0,0,0.8,-0.2,0,0,0,0,13,20,65.0,28,6,50.0,39.5,7,85.7,60.9,9,0,0.0,1,16.0,Match Report,2019-02-24,12:00 (03:00),La Liga,Matchweek 25,Sun,Home,D,1,1,Valencia,375,478,78.5,7886,2962,150,169,88.8,143,174,82.2,80,124,64.5,0,0.5,0.6,9,46,10,7,47,Match Report,2019-02-24,12:00 (03:00),La Liga,Matchweek 25,Sun,Home,D,1,1,Valencia,478,424,54,10,1,4,31,31,4,2,0,0,375,0,7,Match Report,2019-02-24,12:00 (03:00),La Liga,Matchweek 25,Sun,Home,D,1,1,Valencia,27,19,1,2,2,2,1,1,0,0,0,1,0,0,Match Report,2019-02-24,12:00 (03:00),La Liga,Matchweek 25,Sun,Home,D,1,1,Valencia,16,8,4,8,4,4,20,20.0,16,4,0,4,16,32,15,0,Match Report,2019-02-24,12:00 (03:00),La Liga,Matchweek 25,Sun,Home,D,1,1,Valencia,50,584,32,146,280,171,22,584,20,11,55.0,9,45.0,358,1931,986,17,13,6,11,9,370,46,Match Report,2019-02-24,12:00 (03:00),La Liga,Matchweek 25,Sun,Home,D,1,1,Valencia,5,0,0,14,10,0,31,16,8,0,0,0,51,35,21,62.5,Match Report
2019-03-04,21:00 (12:00),La Liga,Matchweek 26,Mon,Home,W,1,0,Levante,1,14,3,21.4,0.07,0.33,17.2,1,0,0,1.9,1.9,0.14,-0.9,-0.9,Match Report,2019-03-04,21:00 (12:00),La Liga,Matchweek 26,Mon,Home,W,1,0,Levante,4,0,4,100.0,1,0.7,+0.7,0,0,0,0,11,27,40.7,23,1,69.6,47.7,11,100.0,66.5,20,0,0.0,1,15.3,Match Report,2019-03-04,21:00 (12:00),La Liga,Matchweek 26,Mon,Home,W,1,0,Levante,224,326,68.7,4092,1901,107,123,87.0,70,101,69.3,36,78,46.2,0,1.3,0.9,9,24,6,2,17,Match Report,2019-03-04,21:00 (12:00),La Liga,Matchweek 26,Mon,Home,W,1,0,Levante,326,274,52,12,1,1,13,26,2,2,0,0,224,0,6,Match Report,2019-03-04,21:00 (12:00),La Liga,Matchweek 26,Mon,Home,W,1,0,Levante,23,15,1,3,2,2,0,1,0,0,0,1,0,0,Match Report,2019-03-04,21:00 (12:00),La Liga,Matchweek 26,Mon,Home,W,1,0,Levante,21,13,11,6,4,8,17,47.1,9,8,3,5,7,28,33,0,Match Report,2019-03-04,21:00 (12:00),La Liga,Matchweek 26,Mon,Home,W,1,0,Levante,39,448,60,151,198,102,22,448,17,12,70.6,5,29.4,169,1242,594,11,10,5,14,5,223,17,Match Report,2019-03-04,21:00 (12:00),La Liga,Matchweek 26,Mon,Home,W,1,0,Levante,6,0,0,15,8,0,13,7,13,0,0,0,38,20,11,64.5,Match Report
2019-03-09,16:15 (07:15),La Liga,Matchweek 27,Sat,Away,L,0,1,Atlético Madrid,0,3,2,66.7,0.00,0.00,22.8,0,0,0,0.1,0.1,0.04,-0.1,-0.1,Match Report,2019-03-09,16:15 (07:15),La Liga,Matchweek 27,Sat,Away,L,0,1,Atlético Madrid,4,1,2,75.0,0,1.4,+0.4,1,0,1,0,10,18,55.6,16,3,62.5,44.4,9,88.9,60.9,4,0,0.0,0,,Match Report,2019-03-09,16:15 (07:15),La Liga,Matchweek 27,Sat,Away,L,0,1,Atlético Madrid,455,578,78.7,9332,2890,168,195,86.2,213,252,84.5,71,112,63.4,0,0.1,0.2,2,40,1,0,51,Match Report,2019-03-09,16:15 (07:15),La Liga,Matchweek 27,Sat,Away,L,0,1,Atlético Madrid,578,524,54,9,1,11,29,30,4,4,0,0,455,0,10,Match Report,2019-03-09,16:15 (07:15),La Liga,Matchweek 27,Sat,Away,L,0,1,Atlético Madrid,6,4,1,0,0,1,0,0,0,0,0,0,0,0,Match Report,2019-03-09,16:15 (07:15),La Liga,Matchweek 27,Sat,Away,L,0,1,Atlético Madrid,9,6,4,4,1,1,12,8.3,11,9,4,5,20,29,14,0,Match Report,2019-03-09,16:15 (07:15),La Liga,Matchweek 27,Sat,Away,L,0,1,Atlético Madrid,55,677,44,183,359,139,4,677,14,6,42.9,8,57.1,393,1715,747,10,12,1,16,11,453,50,Match Report,2019-03-09,16:15 (07:15),La Liga,Matchweek 27,Sat,Away,L,0,1,Atlético Madrid,2,0,0,7,9,0,29,20,6,0,1,0,52,13,20,39.4,Match Report
2019-03-16,20:45 (12:45),La Liga,Matchweek 28,Sat,Home,L,0,2,Girona,0,12,3,25.0,0.00,0.00,19.9,0,0,0,0.6,0.6,0.05,-0.6,-0.6,Match Report,2019-03-16,20:45 (12:45),La Liga,Matchweek 28,Sat,Home,L,0,2,Girona,4,2,2,50.0,0,2.0,0.0,0,0,0,0,8,18,44.4,16,2,62.5,41.9,8,100.0,63.1,5,0,0.0,0,19.0,Match Report,2019-03-16,20:45 (12:45),La Liga,Matchweek 28,Sat,Home,L,0,2,Girona,379,501,75.6,7093,2917,189,220,85.9,138,169,81.7,51,96,53.1,0,0.5,0.7,10,33,7,2,45,Match Report,2019-03-16,20:45 (12:45),La Liga,Matchweek 28,Sat,Home,L,0,2,Girona,501,438,61,6,1,5,21,38,6,2,3,0,379,2,9,Match Report,2019-03-16,20:45 (12:45),La Liga,Matchweek 28,Sat,Home,L,0,2,Girona,20,15,1,3,0,0,1,0,0,0,0,0,0,0,Match Report,2019-03-16,20:45 (12:45),La Liga,Matchweek 28,Sat,Home,L,0,2,Girona,21,11,11,7,3,5,11,45.5,6,5,0,5,12,33,11,1,Match Report,2019-03-16,20:45 (12:45),La Liga,Matchweek 28,Sat,Home,L,0,2,Girona,54,601,32,136,311,159,19,601,22,11,50.0,11,50.0,370,1637,696,17,16,5,14,7,376,43,Match Report,2019-03-16,20:45 (12:45),La Liga,Matchweek 28,Sat,Home,L,0,2,Girona,8,0,0,20,5,2,21,12,11,0,0,0,55,34,24,58.6,Match Report
2019-03-30,13:00 (05:00),La Liga,Matchweek 29,Sat,Away,W,2,0,Getafe,2,6,2,33.3,0.33,1.00,14.1,0,0,1,1.3,0.6,0.10,+0.7,+1.4,Match Report,2019-03-30,13:00 (05:00),La Liga,Matchweek 29,Sat,Away,W,2,0,Getafe,2,0,2,100.0,1,0.2,+0.2,0,0,0,0,9,26,34.6,19,2,89.5,56.5,10,90.0,63.6,17,1,5.9,0,8.5,Match Report,2019-03-30,13:00 (05:00),La Liga,Matchweek 29,Sat,Away,W,2,0,Getafe,179,313,57.2,3614,1803,92,122,75.4,50,85,58.8,34,88,38.6,2,0.6,0.5,6,13,4,2,13,Match Report,2019-03-30,13:00 (05:00),La Liga,Matchweek 29,Sat,Away,W,2,0,Getafe,313,263,46,14,2,4,15,17,4,1,3,0,179,4,7,Match Report,2019-03-30,13:00 (05:00),La Liga,Matchweek 29,Sat,Away,W,2,0,Getafe,11,7,2,1,1,0,0,3,2,1,0,0,0,0,Match Report,2019-03-30,13:00 (05:00),La Liga,Matchweek 29,Sat,Away,W,2,0,Getafe,19,14,8,7,4,8,16,50.0,8,10,1,9,7,26,41,0,Match Report,2019-03-30,13:00 (05:00),La Liga,Matchweek 29,Sat,Away,W,2,0,Getafe,44,422,53,153,191,86,19,421,9,5,55.6,4,44.4,198,1061,499,10,8,4,10,4,178,13,Match Report,2019-03-30,13:00 (05:00),La Liga,Matchweek 29,Sat,Away,W,2,0,Getafe,2,0,0,25,12,4,15,7,14,0,0,0,57,27,17,61.4,Match Report
2019-04-04,20:30 (11:30),La Liga,Matchweek 30,Thu,Home,W,1,0,Valladolid,1,18,2,11.1,0.06,0.50,16.0,0,0,0,1.7,1.7,0.10,-0.7,-0.7,Match Report,2019-04-04,20:30 (11:30),La Liga,Matchweek 30,Thu,Home,W,1,0,Valladolid,1,0,1,100.0,1,0.1,+0.1,0,0,0,0,7,17,41.2,22,3,54.5,46.5,6,83.3,55.8,10,2,20.0,0,10.0,Match Report,2019-04-04,20:30 (11:30),La Liga,Matchweek 30,Thu,Home,W,1,0,Valladolid,382,522,73.2,7320,3020,167,201,83.1,159,202,78.7,55,102,53.9,1,1.5,1.8,13,36,12,5,50,Match Report,2019-04-04,20:30 (11:30),La Liga,Matchweek 30,Thu,Home,W,1,0,Valladolid,522,467,54,13,0,3,20,31,3,1,1,0,382,1,11,Match Report,2019-04-04,20:30 (11:30),La Liga,Matchweek 30,Thu,Home,W,1,0,Valladolid,31,24,5,0,0,1,1,2,2,0,0,0,0,0,Match Report,2019-04-04,20:30 (11:30),La Liga,Matchweek 30,Thu,Home,W,1,0,Valladolid,11,6,9,1,1,7,11,63.6,4,8,1,7,12,23,16,1,Match Report,2019-04-04,20:30 (11:30),La Liga,Matchweek 30,Thu,Home,W,1,0,Valladolid,56,624,29,157,304,170,32,624,9,4,44.4,5,55.6,380,1957,994,16,13,2,15,3,376,49,Match Report,2019-04-04,20:30 (11:30),La Liga,Matchweek 30,Thu,Home,W,1,0,Valladolid,2,0,0,13,11,1,20,12,6,0,0,0,58,36,29,55.4,Match Report
2019-04-07,12:00 (03:00),La Liga,Matchweek 31,Sun,Away,D,1,1,Alavés,1,9,5,55.6,0.11,0.20,18.5,1,0,0,0.9,0.9,0.11,+0.1,+0.1,Match Report,2019-04-07,12:00 (03:00),La Liga,Matchweek 31,Sun,Away,D,1,1,Alavés,1,1,0,100.0,0,1.0,0.0,1,1,0,0,5,22,22.7,28,3,60.7,45.9,5,100.0,65.4,9,0,0.0,1,16.0,Match Report,2019-04-07,12:00 (03:00),La Liga,Matchweek 31,Sun,Away,D,1,1,Alavés,298,436,68.3,5651,2094,120,156,76.9,139,178,78.1,35,84,41.7,1,0.9,0.9,8,31,11,2,50,Match Report,2019-04-07,12:00 (03:00),La Liga,Matchweek 31,Sun,Away,D,1,1,Alavés,436,373,61,18,3,5,22,33,3,0,2,0,298,2,5,Match Report,2019-04-07,12:00 (03:00),La Liga,Matchweek 31,Sun,Away,D,1,1,Alavés,18,14,0,2,1,1,0,2,2,0,0,0,0,0,Match Report,2019-04-07,12:00 (03:00),La Liga,Matchweek 31,Sun,Away,D,1,1,Alavés,9,5,8,1,0,3,9,33.3,6,6,2,4,4,13,24,0,Match Report,2019-04-07,12:00 (03:00),La Liga,Matchweek 31,Sun,Away,D,1,1,Alavés,55,530,35,151,235,152,16,530,12,7,58.3,5,41.7,284,1249,687,6,5,4,14,6,295,49,Match Report,2019-04-07,12:00 (03:00),La Liga,Matchweek 31,Sun,Away,D,1,1,Alavés,4,0,0,15,16,2,22,4,5,0,1,0,35,20,42,32.3,Match Report
For Leganés,For Leganés,For Leganés,For Leganés,For Leganés,For Leganés,For Leganés,For Leganés,For Leganés,For Leganés,Standard,Standard,Standard,Standard,Standard,Standard,Standard,Standard,Standard,Standard,Expected,Expected,Expected,Expected,Expected,,For Leganés,For Leganés,For Leganés,For Leganés,For Leganés,For Leganés,For Leganés,For Leganés,For Leganés,For Leganés,Performance,Performance,Performance,Performance,Performance,Performance,Performance,Penalty Kicks,Penalty Kicks,Penalty Kicks,Penalty Kicks,Launched,Launched,Launched,Passes,Passes,Passes,Passes,Goal Kicks,Goal Kicks,Goal Kicks,Crosses,Crosses,Crosses,Sweeper,Sweeper,,For Leganés,For Leganés,For Leganés,For Leganés,For Leganés,For Leganés,For Leganés,For Leganés,For Leganés,For Leganés,Total,Total,Total,Total,Total,Short,Short,Short,Medium,Medium,Medium,Long,Long,Long,,,,,,,,,,For Leganés,For Leganés,For Leganés,For Leganés,For Leganés,For Leganés,For Leganés,For Leganés,For Leganés,For Leganés,For Leganés,Pass Types,Pass Types,Pass Types,Pass Types,Pass Types,Pass Types,Pass Types,Pass Types,Corner Kicks,Corner Kicks,Corner Kicks,Outcomes,Outcomes,Outcomes,,For Leganés,For Leganés,For Leganés,For Leganés,For Leganés,For Leganés,For Leganés,For Leganés,For Leganés,For Leganés,SCA Types,SCA Types,SCA Types,SCA Types,SCA Types,SCA Types,SCA Types,GCA Types,GCA Types,GCA Types,GCA Types,GCA Types,GCA Types,GCA Types,,For Leganés,For Leganés,For Leganés,For Leganés,For Leganés,For Leganés,For Leganés,For Leganés,For Leganés,For Leganés,Tackles,Tackles,Tackles,Tackles,Tackles,Challenges,Challenges,Challenges,Challenges,Blocks,Blocks,Blocks,,,,,,For Leganés,For Leganés,For Leganés,For Leganés,For Leganés,For Leganés,For Leganés,For Leganés,For Leganés,For Leganés,For Leganés,Touches,Touches,Touches,Touches,Touches,Touches,Touches,Take-Ons,Take-Ons,Take-Ons,Take-Ons,Take-Ons,Carries,Carries,Carries,Carries,Carries,Carries,Carries,Carries,Receiving,Receiving,,For Leganés,For Leganés,For Leganés,For Leganés,For Leganés,For Leganés,For Leganés,For Leganés,For Leganés,For Leganés,Performance,Performance,Performance,Performance,Performance,Performance,Performance,Performance,Performance,Performance,Performance,Performance,Performance,Aerial Duels,Aerial Duels,Aerial Duels,
Date,Time,Comp,Round,Day,Venue,Result,GF,GA,Opponent,Gls,Sh,SoT,SoT%,G/Sh,G/SoT,Dist,FK,PK,PKatt,xG,npxG,npxG/Sh,G-xG,np:G-xG,Match Report,Date,Time,Comp,Round,Day,Venue,Result,GF,GA,Opponent,SoTA,GA,Saves,Save%,CS,PSxG,PSxG+/-,PKatt,PKA,PKsv,PKm,Cmp,Att,Cmp%,Att (GK),Thr,Launch%,AvgLen,Att,Launch%,AvgLen,Opp,Stp,Stp%,#OPA,AvgDist,Match Report,Date,Time,Comp,Round,Day,Venue,Result,GF,GA,Opponent,Cmp,Att,Cmp%,TotDist,PrgDist,Cmp,Att,Cmp%,Cmp,Att,Cmp%,Cmp,Att,Cmp%,Ast,xAG,xA,KP,1/3,PPA,CrsPA,PrgP,Match Report,Date,Time,Comp,Round,Day,Venue,Result,GF,GA,Opponent,Att,Live,Dead,FK,TB,Sw,Crs,TI,CK,In,Out,Str,Cmp,Off,Blocks,Match Report,Date,Time,Comp,Round,Day,Venue,Result,GF,GA,Opponent,SCA,PassLive,PassDead,TO,Sh,Fld,Def,GCA,PassLive,PassDead,TO,Sh,Fld,Def,Match Report,Date,Time,Comp,Round,Day,Venue,Result,GF,GA,Opponent,Tkl,TklW,Def 3rd,Mid 3rd,Att 3rd,Tkl,Att,Tkl%,Lost,Blocks,Sh,Pass,Int,Tkl+Int,Clr,Err,Match Report,Date,Time,Comp,Round,Day,Venue,Result,GF,GA,Opponent,Poss,Touches,Def Pen,Def 3rd,Mid 3rd,Att 3rd,Att Pen,Live,Att,Succ,Succ%,Tkld,Tkld%,Carries,TotDist,PrgDist,PrgC,1/3,CPA,Mis,Dis,Rec,PrgR,Match Report,Date,Time,Comp,Round,Day,Venue,Result,GF,GA,Opponent,CrdY,CrdR,2CrdY,Fls,Fld,Off,Crs,Int,TklW,PKwon,PKcon,OG,Recov,Won,Lost,Won%,Match Report
2019-04-15,21:00 (12:00),La Liga,Matchweek 32,Mon,Home,D,1,1,Real Madrid,1,5,2,40.0,0.20,0.50,14.3,0,0,0,0.6,0.6,0.12,+0.4,+0.4,Match Report,2019-04-15,21:00 (12:00),La Liga,Matchweek 32,Mon,Home,D,1,1,Real Madrid,6,1,5,83.3,0,1.6,+0.6,0,0,0,0,11,29,37.9,19,2,84.2,51.8,13,100.0,65.9,15,1,6.7,0,8.0,Match Report,2019-04-15,21:00 (12:00),La Liga,Matchweek 32,Mon,Home,D,1,1,Real Madrid,207,324,63.9,3940,1688,104,122,85.2,65,91,71.4,32,86,37.2,1,0.6,0.7,4,17,2,1,19,Match Report,2019-04-15,21:00 (12:00),La Liga,Matchweek 32,Mon,Home,D,1,1,Real Madrid,324,271,50,11,0,5,11,23,1,0,1,0,207,3,9,Match Report,2019-04-15,21:00 (12:00),La Liga,Matchweek 32,Mon,Home,D,1,1,Real Madrid,8,7,1,0,0,0,0,2,2,0,0,0,0,0,Match Report,2019-04-15,21:00 (12:00),La Liga,Matchweek 32,Mon,Home,D,1,1,Real Madrid,13,8,7,4,2,8,21,38.1,13,9,1,8,11,24,17,0,Match Report,2019-04-15,21:00 (12:00),La Liga,Matchweek 32,Mon,Home,D,1,1,Real Madrid,31,410,60,148,170,94,8,410,11,4,36.4,7,63.6,152,823,405,7,4,1,7,6,207,19,Match Report,2019-04-15,21:00 (12:00),La Liga,Matchweek 32,Mon,Home,D,1,1,Real Madrid,0,0,0,11,11,3,11,11,8,0,0,0,48,16,13,55.2,Match Report
2019-04-21,18:30 (09:30),La Liga,Matchweek 33,Sun,Away,L,1,2,Villarreal,1,5,1,20.0,0.00,0.00,16.0,0,1,1,1.2,0.4,0.08,-0.2,-0.4,Match Report,2019-04-21,18:30 (09:30),La Liga,Matchweek 33,Sun,Away,L,1,2,Villarreal,5,2,3,60.0,0,0.9,-1.1,0,0,0,0,10,24,41.7,23,1,73.9,49.6,8,87.5,59.5,16,1,6.3,3,15.7,Match Report,2019-04-21,18:30 (09:30),La Liga,Matchweek 33,Sun,Away,L,1,2,Villarreal,202,310,65.2,4046,1854,82,106,77.4,87,109,79.8,28,75,37.3,0,0.4,0.4,5,16,2,2,20,Match Report,2019-04-21,18:30 (09:30),La Liga,Matchweek 33,Sun,Away,L,1,2,Villarreal,310,263,44,15,1,4,19,14,4,2,2,0,202,3,7,Match Report,2019-04-21,18:30 (09:30),La Liga,Matchweek 33,Sun,Away,L,1,2,Villarreal,10,5,2,0,2,1,0,2,1,0,0,0,1,0,Match Report,2019-04-21,18:30 (09:30),La Liga,Matchweek 33,Sun,Away,L,1,2,Villarreal,18,12,12,3,3,8,16,50.0,8,10,4,6,19,37,30,1,Match Report,2019-04-21,18:30 (09:30),La Liga,Matchweek 33,Sun,Away,L,1,2,Villarreal,34,420,56,177,153,95,10,419,7,2,28.6,5,71.4,213,932,495,9,6,1,7,2,199,20,Match Report,2019-04-21,18:30 (09:30),La Liga,Matchweek 33,Sun,Away,L,1,2,Villarreal,1,0,0,15,9,3,19,19,12,1,0,0,51,28,12,70.0,Match Report
2019-04-24,20:30 (11:30),La Liga,Matchweek 34,Wed,Home,L,0,1,Athletic Club,0,14,1,7.1,0.00,0.00,21.5,1,0,0,0.6,0.6,0.04,-0.6,-0.6,Match Report,2019-04-24,20:30 (11:30),La Liga,Matchweek 34,Wed,Home,L,0,1,Athletic Club,2,1,2,50.0,0,1.1,+1.1,0,0,0,0,8,20,40.0,37,7,51.4,39.4,2,50.0,40.0,13,1,7.7,1,17.7,Match Report,2019-04-24,20:30 (11:30),La Liga,Matchweek 34,Wed,Home,L,0,1,Athletic Club,389,539,72.2,7085,2527,151,182,83.0,173,205,84.4,47,114,41.2,0,0.3,0.8,7,38,11,6,43,Match Report,2019-04-24,20:30 (11:30),La Liga,Matchweek 34,Wed,Home,L,0,1,Athletic Club,539,483,54,13,0,4,27,35,2,0,1,0,389,2,12,Match Report,2019-04-24,20:30 (11:30),La Liga,Matchweek 34,Wed,Home,L,0,1,Athletic Club,22,13,5,1,1,2,0,0,0,0,0,0,0,0,Match Report,2019-04-24,20:30 (11:30),La Liga,Matchweek 34,Wed,Home,L,0,1,Athletic Club,12,8,6,5,1,4,10,40.0,6,3,0,3,7,19,16,0,Match Report,2019-04-24,20:30 (11:30),La Liga,Matchweek 34,Wed,Home,L,0,1,Athletic Club,57,621,41,147,310,174,21,621,15,10,66.7,5,33.3,324,1502,872,16,11,0,8,10,386,43,Match Report,2019-04-24,20:30 (11:30),La Liga,Matchweek 34,Wed,Home,L,0,1,Athletic Club,1,0,0,11,13,2,27,7,8,0,0,1,54,32,30,51.6,Match Report
2019-04-27,18:30 (09:30),La Liga,Matchweek 35,Sat,Home,D,0,0,Celta Vigo,0,10,1,10.0,0.00,0.00,18.0,0,0,0,0.5,0.5,0.05,-0.5,-0.5,Match Report,2019-04-27,18:30 (09:30),La Liga,Matchweek 35,Sat,Home,D,0,0,Celta Vigo,1,0,1,100.0,1,0.1,+0.1,0,0,0,0,5,17,29.4,22,3,54.5,44.8,6,83.3,62.3,11,4,36.4,0,13.0,Match Report,2019-04-27,18:30 (09:30),La Liga,Matchweek 35,Sat,Home,D,0,0,Celta Vigo,304,427,71.2,5763,2296,135,167,80.8,128,149,85.9,40,97,41.2,0,0.5,0.6,10,24,7,6,38,Match Report,2019-04-27,18:30 (09:30),La Liga,Matchweek 35,Sat,Home,D,0,0,Celta Vigo,427,379,47,6,0,4,24,30,4,0,4,0,304,1,8,Match Report,2019-04-27,18:30 (09:30),La Liga,Matchweek 35,Sat,Home,D,0,0,Celta Vigo,18,15,2,0,0,0,1,0,0,0,0,0,0,0,Match Report,2019-04-27,18:30 (09:30),La Liga,Matchweek 35,Sat,Home,D,0,0,Celta Vigo,14,11,8,6,0,4,12,33.3,8,9,3,6,10,24,29,0,Match Report,2019-04-27,18:30 (09:30),La Liga,Matchweek 35,Sat,Home,D,0,0,Celta Vigo,48,532,44,149,246,143,20,532,17,7,41.2,10,58.8,295,1548,764,16,14,2,14,3,304,38,Match Report,2019-04-27,18:30 (09:30),La Liga,Matchweek 35,Sat,Home,D,0,0,Celta Vigo,1,0,0,16,5,1,24,10,11,0,0,0,57,28,18,60.9,Match Report
2019-05-03,21:00 (12:00),La Liga,Matchweek 36,Fri,Away,W,3,0,Sevilla,3,9,5,55.6,0.33,0.60,18.2,0,0,0,0.9,0.9,0.10,+2.1,+2.1,Match Report,2019-05-03,21:00 (12:00),La Liga,Matchweek 36,Fri,Away,W,3,0,Sevilla,3,0,3,100.0,1,0.7,+0.7,0,0,0,0,9,23,39.1,18,2,83.3,48.2,9,88.9,61.2,22,0,0.0,0,6.8,Match Report,2019-05-03,21:00 (12:00),La Liga,Matchweek 36,Fri,Away,W,3,0,Sevilla,205,318,64.5,3813,1771,107,127,84.3,61,90,67.8,35,84,41.7,2,0.7,0.6,8,14,7,1,21,Match Report,2019-05-03,21:00 (12:00),La Liga,Matchweek 36,Fri,Away,W,3,0,Sevilla,318,264,51,12,0,3,12,25,4,0,3,1,205,3,5,Match Report,2019-05-03,21:00 (12:00),La Liga,Matchweek 36,Fri,Away,W,3,0,Sevilla,16,9,4,2,0,1,0,6,5,0,1,0,0,0,Match Report,2019-05-03,21:00 (12:00),La Liga,Matchweek 36,Fri,Away,W,3,0,Sevilla,18,11,9,8,1,5,26,19.2,21,10,1,9,11,29,43,0,Match Report,2019-05-03,21:00 (12:00),La Liga,Matchweek 36,Fri,Away,W,3,0,Sevilla,36,446,64,158,195,101,20,446,17,7,41.2,10,58.8,224,925,350,4,6,5,10,7,203,21,Match Report,2019-05-03,21:00 (12:00),La Liga,Matchweek 36,Fri,Away,W,3,0,Sevilla,1,0,0,23,11,3,12,11,11,0,0,0,56,29,17,63.0,Match Report
2019-05-12,18:30 (09:30),La Liga,Matchweek 37,Sun,Home,L,0,2,Espanyol,0,11,4,36.4,0.00,0.00,15.0,0,0,0,0.7,0.7,0.06,-0.7,-0.7,Match Report,2019-05-12,18:30 (09:30),La Liga,Matchweek 37,Sun,Home,L,0,2,Espanyol,7,2,5,85.7,0,3.4,+1.4,1,1,0,0,10,19,52.6,34,9,38.2,35.4,9,66.7,52.7,8,0,0.0,0,12.0,Match Report,2019-05-12,18:30 (09:30),La Liga,Matchweek 37,Sun,Home,L,0,2,Espanyol,341,441,77.3,7509,2988,123,143,86.0,149,175,85.1,68,111,61.3,0,0.5,0.9,8,24,12,7,32,Match Report,2019-05-12,18:30 (09:30),La Liga,Matchweek 37,Sun,Home,L,0,2,Espanyol,441,393,46,15,1,8,25,13,6,3,2,0,341,2,8,Match Report,2019-05-12,18:30 (09:30),La Liga,Matchweek 37,Sun,Home,L,0,2,Espanyol,20,16,1,0,1,1,1,0,0,0,0,0,0,0,Match Report,2019-05-12,18:30 (09:30),La Liga,Matchweek 37,Sun,Home,L,0,2,Espanyol,11,6,5,5,1,6,13,46.2,7,8,3,5,6,17,10,0,Match Report,2019-05-12,18:30 (09:30),La Liga,Matchweek 37,Sun,Home,L,0,2,Espanyol,46,518,62,191,223,109,22,518,9,4,44.4,5,55.6,328,1775,881,21,14,5,12,10,338,32,Match Report,2019-05-12,18:30 (09:30),La Liga,Matchweek 37,Sun,Home,L,0,2,Espanyol,4,1,1,11,8,2,25,6,6,0,1,0,39,13,14,48.1,Match Report
2019-05-18,20:45 (11:45),La Liga,Matchweek 38,Sat,Away,L,1,2,Huesca,0,9,1,11.1,0.00,0.00,14.0,0,0,0,0.9,0.9,0.10,-0.9,-0.9,Match Report,2019-05-18,20:45 (11:45),La Liga,Matchweek 38,Sat,Away,L,1,2,Huesca,6,2,4,66.7,0,1.3,-0.7,0,0,0,0,8,18,44.4,17,3,64.7,44.1,8,87.5,60.1,17,0,0.0,2,23.0,Match Report,2019-05-18,20:45 (11:45),La Liga,Matchweek 38,Sat,Away,L,1,2,Huesca,304,437,69.6,6050,2515,122,153,79.7,133,178,74.7,46,83,55.4,0,0.8,0.6,7,34,7,4,48,Match Report,2019-05-18,20:45 (11:45),La Liga,Matchweek 38,Sat,Away,L,1,2,Huesca,437,383,52,19,0,5,35,16,6,2,3,0,304,2,12,Match Report,2019-05-18,20:45 (11:45),La Liga,Matchweek 38,Sat,Away,L,1,2,Huesca,15,12,2,1,0,0,0,0,0,0,0,0,0,0,Match Report,2019-05-18,20:45 (11:45),La Liga,Matchweek 38,Sat,Away,L,1,2,Huesca,27,16,16,9,2,14,27,51.9,13,7,3,4,10,37,24,1,Match Report,2019-05-18,20:45 (11:45),La Liga,Matchweek 38,Sat,Away,L,1,2,Huesca,49,554,54,174,233,152,18,554,12,10,83.3,2,16.7,287,1491,835,14,12,2,17,5,303,48,Match Report,2019-05-18,20:45 (11:45),La Liga,Matchweek 38,Sat,Away,L,1,2,Huesca,1,0,0,12,16,2,35,10,16,0,0,0,68,21,18,53.8,Match Report
,,,,,,--,,,,39,476,147,30.9,0.08,0.24,17.6,14,3,5,,,0.09,+39.0,+36.0,,,,,,,,--,,,,152,48,106,71.1,13,43.2,+1.2,6,4,2,0,344,834,41.2,894,112,63.0,45.8,307,88.3,60.3,585,28,4.8,30,13.5,,,,,,,,--,,,,10733,15210,70.6,211020,87095,4636,5593,82.9,4186,5407,77.4,1727,3486,49.5,27,,,306,933,234,121,1153,,,,,,,,--,,,,15210,13274,1861,458,19,174,828,876,139,40,81,2,10733,75,307,,,,,,,,--,,,,707,490,86,37,34,45,15,61,42,8,3,5,3,0,,,,,,,,--,,,,609,431,325,221,63,227,581,39.1,354,329,84,245,485,1041,907,10,,,,,,,,--,,,,,19164,1976,6160,8726,4496,632,19159,469,253,53.9,216,46.1,9754,50091,24360,447,367,98,476,304,10646,1141,,,,,,,,--,,,,113,4,2,596,445,87,828,485,431,3,6,1,1942,914,721,55.9,
