For Düsseldorf_Date,For Düsseldorf_Time,For Düsseldorf_Comp,For Düsseldorf_Round,For Düsseldorf_Day,For Düsseldorf_Venue,For Düsseldorf_Result,For Düsseldorf_GF,For Düsseldorf_GA,For Düsseldorf_Opponent,Standard_Gls,Standard_Sh,Standard_SoT,Standard_SoT%,Standard_G/Sh,Standard_G/SoT,Standard_Dist,Standard_FK,Standard_PK,Standard_PKatt,Expected_xG,Expected_npxG,Expected_npxG/Sh,Expected_G-xG,Expected_np:G-xG,Match Report,For Düsseldorf_Date,For Düsseldorf_Time,For Düsseldorf_Comp,For Düsseldorf_Round,For Düsseldorf_Day,For Düsseldorf_Venue,For Düsseldorf_Result,For Düsseldorf_GF,For Düsseldorf_GA,For Düsseldorf_Opponent,Performance_SoTA,Performance_GA,Performance_Saves,Performance_Save%,Performance_CS,Performance_PSxG,Performance_PSxG+/-,Penalty Kicks_PKatt,Penalty Kicks_PKA,Penalty Kicks_PKsv,Penalty Kicks_PKm,Launched_Cmp,Launched_Att,Launched_Cmp%,Passes_Att (GK),Passes_Thr,Passes_Launch%,Passes_AvgLen,Goal Kicks_Att,Goal Kicks_Launch%,Goal Kicks_AvgLen,Crosses_Opp,Crosses_Stp,Crosses_Stp%,Sweeper_#OPA,Sweeper_AvgDist,Match Report,For Düsseldorf_Date,For Düsseldorf_Time,For Düsseldorf_Comp,For Düsseldorf_Round,For Düsseldorf_Day,For Düsseldorf_Venue,For Düsseldorf_Result,For Düsseldorf_GF,For Düsseldorf_GA,For Düsseldorf_Opponent,Total_Cmp,Total_Att,Total_Cmp%,Total_TotDist,Total_PrgDist,Short_Cmp,Short_Att,Short_Cmp%,Medium_Cmp,Medium_Att,Medium_Cmp%,Long_Cmp,Long_Att,Long_Cmp%,Ast,xAG,xA,KP,1/3,PPA,CrsPA,PrgP,Match Report,For Düsseldorf_Date,For Düsseldorf_Time,For Düsseldorf_Comp,For Düsseldorf_Round,For Düsseldorf_Day,For Düsseldorf_Venue,For Düsseldorf_Result,For Düsseldorf_GF,For Düsseldorf_GA,For Düsseldorf_Opponent,For Düsseldorf_Att,Pass Types_Live,Pass Types_Dead,Pass Types_FK,Pass Types_TB,Pass Types_Sw,Pass Types_Crs,Pass Types_TI,Pass Types_CK,Corner Kicks_In,Corner Kicks_Out,Corner Kicks_Str,Outcomes_Cmp,Outcomes_Off,Outcomes_Blocks,Match Report,For Düsseldorf_Date,For Düsseldorf_Time,For Düsseldorf_Comp,For Düsseldorf_Round,For Düsseldorf_Day,For Düsseldorf_Venue,For Düsseldorf_Result,For Düsseldorf_GF,For Düsseldorf_GA,For Düsseldorf_Opponent,SCA Types_SCA,SCA Types_PassLive,SCA Types_PassDead,SCA Types_TO,SCA Types_Sh,SCA Types_Fld,SCA Types_Def,GCA Types_GCA,GCA Types_PassLive,GCA Types_PassDead,GCA Types_TO,GCA Types_Sh,GCA Types_Fld,GCA Types_Def,Match Report,For Düsseldorf_Date,For Düsseldorf_Time,For Düsseldorf_Comp,For Düsseldorf_Round,For Düsseldorf_Day,For Düsseldorf_Venue,For Düsseldorf_Result,For Düsseldorf_GF,For Düsseldorf_GA,For Düsseldorf_Opponent,Tackles_Tkl,Tackles_TklW,Tackles_Def 3rd,Tackles_Mid 3rd,Tackles_Att 3rd,Challenges_Tkl,Challenges_Att,Challenges_Tkl%,Challenges_Lost,Blocks_Blocks,Blocks_Sh,Blocks_Pass,Int,Tkl+Int,Clr,Err,Match Report,For Düsseldorf_Date,For Düsseldorf_Time,For Düsseldorf_Comp,For Düsseldorf_Round,For Düsseldorf_Day,For Düsseldorf_Venue,For Düsseldorf_Result,For Düsseldorf_GF,For Düsseldorf_GA,For Düsseldorf_Opponent,For Düsseldorf_Poss,Touches_Touches,Touches_Def Pen,Touches_Def 3rd,Touches_Mid 3rd,Touches_Att 3rd,Touches_Att Pen,Touches_Live,Take-Ons_Att,Take-Ons_Succ,Take-Ons_Succ%,Take-Ons_Tkld,Take-Ons_Tkld%,Carries_Carries,Carries_TotDist,Carries_PrgDist,Carries_PrgC,Carries_1/3,Carries_CPA,Carries_Mis,Carries_Dis,Receiving_Rec,Receiving_PrgR,Match Report,For Düsseldorf_Date,For Düsseldorf_Time,For Düsseldorf_Comp,For Düsseldorf_Round,For Düsseldorf_Day,For Düsseldorf_Venue,For Düsseldorf_Result,For Düsseldorf_GF,For Düsseldorf_GA,For Düsseldorf_Opponent,Performance_CrdY,Performance_CrdR,Performance_2CrdY,Performance_Fls,Performance_Fld,Performance_Off,Performance_Crs,Performance_Int,Performance_TklW,Performance_PKwon,Performance_PKcon,Performance_OG,Performance_Recov,Aerial Duels_Won,Aerial Duels_Lost,Aerial Duels_Won%,Match Report
2019-08-10,15:30 (06:30),DFB-Pokal,First round,Sat,Away,W,3,1,Villingen,3,28,10,35.7,0.11,0.3,,,0,0,,,,,,Match Report,2019-08-10,15:30 (06:30),DFB-Pokal,First round,Sat,Away,W,3,1,Villingen,4,1,4,100.0,0,,,1,1,0,0,,,,,,,,,,,,,,,,Match Report,2019-08-10,15:30 (06:30),DFB-Pokal,First round,Sat,Away,W,3,1,Villingen,,,,,,,,,,,,,,,1,,,,,,,,Match Report,2019-08-10,15:30 (06:30),DFB-Pokal,First round,Sat,Away,W,3,1,Villingen,,,,,,,44,,,,,,,,,Match Report,2019-08-10,15:30 (06:30),DFB-Pokal,First round,Sat,Away,W,3,1,Villingen,,,,,,,,,,,,,,,Match Report,2019-08-10,15:30 (06:30),DFB-Pokal,First round,Sat,Away,W,3,1,Villingen,,18,,,,,,,,,,,11,0,,,Match Report,2019-08-10,15:30 (06:30),DFB-Pokal,First round,Sat,Away,W,3,1,Villingen,75.0,,,,,,,,,,,,,,,,,,,,,,,Match Report,2019-08-10,15:30 (06:30),DFB-Pokal,First round,Sat,Away,W,3,1,Villingen,4,0,0,14,18,3,44,11,18,,,0,,,,,Match Report
2019-08-17,15:30 (06:30),Bundesliga,Matchweek 1,Sat,Away,W,3,1,Werder Bremen,3,12,7,58.3,0.25,0.43,19.4,0.0,0,0,1.0,1.0,0.08,2.0,2.0,Match Report,2019-08-17,15:30 (06:30),Bundesliga,Matchweek 1,Sat,Away,W,3,1,Werder Bremen,10,1,9,90.0,0,1.5,0.5,0,0,0,0,9.0,21.0,42.9,29.0,7.0,51.7,42.1,7.0,85.7,62.9,28.0,1.0,3.6,0.0,5.8,Match Report,2019-08-17,15:30 (06:30),Bundesliga,Matchweek 1,Sat,Away,W,3,1,Werder Bremen,257.0,350.0,73.4,5557.0,2261.0,93.0,106.0,87.7,104.0,124.0,83.9,53.0,92.0,57.6,3,0.9,1.0,9.0,16.0,6.0,1.0,26.0,Match Report,2019-08-17,15:30 (06:30),Bundesliga,Matchweek 1,Sat,Away,W,3,1,Werder Bremen,350.0,311.0,38.0,11.0,0.0,4.0,21,13.0,5.0,0.0,5.0,0.0,257.0,1.0,14.0,Match Report,2019-08-17,15:30 (06:30),Bundesliga,Matchweek 1,Sat,Away,W,3,1,Werder Bremen,22.0,15.0,3.0,2.0,2.0,0.0,0.0,6.0,4.0,1.0,0.0,1.0,0.0,0.0,Match Report,2019-08-17,15:30 (06:30),Bundesliga,Matchweek 1,Sat,Away,W,3,1,Werder Bremen,16.0,9,11.0,4.0,1.0,4.0,9.0,44.4,5.0,14.0,5.0,9.0,11,27,30.0,1.0,Match Report,2019-08-17,15:30 (06:30),Bundesliga,Matchweek 1,Sat,Away,W,3,1,Werder Bremen,33.0,478.0,81.0,184.0,191.0,109.0,14.0,478.0,8.0,6.0,75.0,2.0,25.0,205.0,1183.0,599.0,13.0,9.0,0.0,15.0,7.0,253.0,26.0,Match Report,2019-08-17,15:30 (06:30),Bundesliga,Matchweek 1,Sat,Away,W,3,1,Werder Bremen,2,0,0,13,8,1,21,11,9,0.0,0.0,0,42.0,14.0,19.0,42.4,Match Report
2019-08-24,15:30 (06:30),Bundesliga,Matchweek 2,Sat,Home,L,1,3,Leverkusen,1,12,6,50.0,0.08,0.17,20.2,2.0,0,0,1.0,1.0,0.08,0.0,0.0,Match Report,2019-08-24,15:30 (06:30),Bundesliga,Matchweek 2,Sat,Home,L,1,3,Leverkusen,6,3,4,50.0,0,1.5,-0.5,0,0,0,0,11.0,21.0,52.4,22.0,4.0,50.0,38.6,12.0,83.3,56.7,9.0,0.0,0.0,1.0,10.7,Match Report,2019-08-24,15:30 (06:30),Bundesliga,Matchweek 2,Sat,Home,L,1,3,Leverkusen,241.0,330.0,73.0,4743.0,2049.0,105.0,126.0,83.3,97.0,125.0,77.6,36.0,62.0,58.1,0,0.4,0.4,8.0,22.0,4.0,1.0,33.0,Match Report,2019-08-24,15:30 (06:30),Bundesliga,Matchweek 2,Sat,Home,L,1,3,Leverkusen,330.0,282.0,47.0,10.0,0.0,5.0,9,20.0,1.0,0.0,1.0,0.0,241.0,1.0,8.0,Match Report,2019-08-24,15:30 (06:30),Bundesliga,Matchweek 2,Sat,Home,L,1,3,Leverkusen,21.0,12.0,2.0,3.0,0.0,3.0,1.0,2.0,1.0,0.0,1.0,0.0,0.0,0.0,Match Report,2019-08-24,15:30 (06:30),Bundesliga,Matchweek 2,Sat,Home,L,1,3,Leverkusen,17.0,10,8.0,6.0,3.0,3.0,12.0,25.0,9.0,13.0,4.0,9.0,10,27,5.0,0.0,Match Report,2019-08-24,15:30 (06:30),Bundesliga,Matchweek 2,Sat,Home,L,1,3,Leverkusen,32.0,425.0,56.0,144.0,193.0,97.0,10.0,425.0,28.0,13.0,46.4,15.0,53.6,213.0,1188.0,600.0,15.0,15.0,3.0,11.0,8.0,238.0,33.0,Match Report,2019-08-24,15:30 (06:30),Bundesliga,Matchweek 2,Sat,Home,L,1,3,Leverkusen,3,0,0,15,10,1,9,10,10,0.0,0.0,1,47.0,8.0,15.0,34.8,Match Report
2019-09-01,18:00 (09:00),Bundesliga,Matchweek 3,Sun,Away,L,1,2,Eint Frankfurt,1,14,4,28.6,0.07,0.25,22.4,1.0,0,0,0.9,0.9,0.06,0.1,0.1,Match Report,2019-09-01,18:00 (09:00),Bundesliga,Matchweek 3,Sun,Away,L,1,2,Eint Frankfurt,8,2,6,75.0,0,2.3,0.3,0,0,0,0,10.0,23.0,43.5,28.0,4.0,53.6,44.3,8.0,100.0,68.4,20.0,2.0,10.0,1.0,10.1,Match Report,2019-09-01,18:00 (09:00),Bundesliga,Matchweek 3,Sun,Away,L,1,2,Eint Frankfurt,238.0,371.0,64.2,5157.0,2341.0,83.0,113.0,73.5,95.0,127.0,74.8,49.0,90.0,54.4,1,0.6,0.6,9.0,23.0,11.0,3.0,35.0,Match Report,2019-09-01,18:00 (09:00),Bundesliga,Matchweek 3,Sun,Away,L,1,2,Eint Frankfurt,371.0,319.0,49.0,14.0,1.0,8.0,15,23.0,1.0,0.0,1.0,0.0,238.0,3.0,15.0,Match Report,2019-09-01,18:00 (09:00),Bundesliga,Matchweek 3,Sun,Away,L,1,2,Eint Frankfurt,24.0,15.0,2.0,2.0,2.0,2.0,1.0,2.0,2.0,0.0,0.0,0.0,0.0,0.0,Match Report,2019-09-01,18:00 (09:00),Bundesliga,Matchweek 3,Sun,Away,L,1,2,Eint Frankfurt,17.0,13,8.0,9.0,0.0,7.0,27.0,25.9,20.0,12.0,2.0,10.0,11,28,14.0,0.0,Match Report,2019-09-01,18:00 (09:00),Bundesliga,Matchweek 3,Sun,Away,L,1,2,Eint Frankfurt,42.0,485.0,48.0,146.0,207.0,139.0,22.0,485.0,17.0,11.0,64.7,6.0,35.3,166.0,1104.0,715.0,18.0,12.0,2.0,17.0,5.0,236.0,35.0,Match Report,2019-09-01,18:00 (09:00),Bundesliga,Matchweek 3,Sun,Away,L,1,2,Eint Frankfurt,4,0,0,16,14,3,15,11,13,0.0,0.0,0,55.0,28.0,29.0,49.1,Match Report
2019-09-13,20:30 (11:30),Bundesliga,Matchweek 4,Fri,Home,D,1,1,Wolfsburg,1,12,3,25.0,0.08,0.33,23.7,2.0,0,0,0.7,0.7,0.06,0.3,0.3,Match Report,2019-09-13,20:30 (11:30),Bundesliga,Matchweek 4,Fri,Home,D,1,1,Wolfsburg,6,1,5,83.3,0,2.1,1.1,0,0,0,0,9.0,18.0,50.0,35.0,11.0,40.0,35.5,5.0,80.0,58.6,22.0,3.0,13.6,0.0,6.0,Match Report,2019-09-13,20:30 (11:30),Bundesliga,Matchweek 4,Fri,Home,D,1,1,Wolfsburg,278.0,389.0,71.5,6248.0,2709.0,98.0,122.0,80.3,116.0,149.0,77.9,61.0,99.0,61.6,1,0.4,0.6,8.0,28.0,10.0,4.0,42.0,Match Report,2019-09-13,20:30 (11:30),Bundesliga,Matchweek 4,Fri,Home,D,1,1,Wolfsburg,389.0,344.0,44.0,14.0,0.0,12.0,12,20.0,3.0,3.0,0.0,0.0,278.0,1.0,8.0,Match Report,2019-09-13,20:30 (11:30),Bundesliga,Matchweek 4,Fri,Home,D,1,1,Wolfsburg,23.0,14.0,4.0,1.0,1.0,2.0,1.0,2.0,2.0,0.0,0.0,0.0,0.0,0.0,Match Report,2019-09-13,20:30 (11:30),Bundesliga,Matchweek 4,Fri,Home,D,1,1,Wolfsburg,22.0,13,11.0,8.0,3.0,10.0,21.0,47.6,11.0,18.0,4.0,14.0,8,30,25.0,0.0,Match Report,2019-09-13,20:30 (11:30),Bundesliga,Matchweek 4,Fri,Home,D,1,1,Wolfsburg,42.0,518.0,70.0,211.0,195.0,120.0,22.0,518.0,18.0,8.0,44.4,10.0,55.6,256.0,1383.0,692.0,16.0,5.0,4.0,21.0,12.0,276.0,42.0,Match Report,2019-09-13,20:30 (11:30),Bundesliga,Matchweek 4,Fri,Home,D,1,1,Wolfsburg,0,0,0,7,14,1,12,8,13,0.0,0.0,0,62.0,20.0,10.0,66.7,Match Report
2019-09-22,15:30 (06:30),Bundesliga,Matchweek 5,Sun,Away,L,1,2,Gladbach,1,18,4,22.2,0.06,0.25,23.6,0.0,0,0,1.2,1.2,0.07,-0.2,-0.2,Match Report,2019-09-22,15:30 (06:30),Bundesliga,Matchweek 5,Sun,Away,L,1,2,Gladbach,11,2,9,81.8,0,3.2,1.2,0,0,0,0,8.0,23.0,34.8,26.0,9.0,69.2,47.8,8.0,62.5,47.5,24.0,0.0,0.0,0.0,6.0,Match Report,2019-09-22,15:30 (06:30),Bundesliga,Matchweek 5,Sun,Away,L,1,2,Gladbach,279.0,389.0,71.7,5575.0,2284.0,113.0,134.0,84.3,102.0,127.0,80.3,54.0,96.0,56.3,1,1.0,1.0,13.0,25.0,8.0,1.0,36.0,Match Report,2019-09-22,15:30 (06:30),Bundesliga,Matchweek 5,Sun,Away,L,1,2,Gladbach,389.0,334.0,54.0,20.0,1.0,8.0,21,19.0,4.0,1.0,3.0,0.0,279.0,1.0,11.0,Match Report,2019-09-22,15:30 (06:30),Bundesliga,Matchweek 5,Sun,Away,L,1,2,Gladbach,30.0,16.0,5.0,5.0,0.0,3.0,1.0,2.0,2.0,0.0,0.0,0.0,0.0,0.0,Match Report,2019-09-22,15:30 (06:30),Bundesliga,Matchweek 5,Sun,Away,L,1,2,Gladbach,15.0,9,6.0,8.0,1.0,7.0,23.0,30.4,16.0,10.0,7.0,3.0,7,22,28.0,0.0,Match Report,2019-09-22,15:30 (06:30),Bundesliga,Matchweek 5,Sun,Away,L,1,2,Gladbach,42.0,510.0,80.0,173.0,195.0,146.0,20.0,510.0,14.0,9.0,64.3,5.0,35.7,223.0,1237.0,721.0,10.0,8.0,2.0,10.0,8.0,276.0,35.0,Match Report,2019-09-22,15:30 (06:30),Bundesliga,Matchweek 5,Sun,Away,L,1,2,Gladbach,3,0,0,11,13,1,21,7,9,0.0,0.0,0,42.0,12.0,18.0,40.0,Match Report
2019-09-29,15:30 (06:30),Bundesliga,Matchweek 6,Sun,Home,L,1,2,Freiburg,1,18,7,38.9,0.06,0.14,18.1,1.0,0,0,1.5,1.4,0.08,-0.5,-0.4,Match Report,2019-09-29,15:30 (06:30),Bundesliga,Matchweek 6,Sun,Home,L,1,2,Freiburg,3,2,0,33.3,0,2.3,0.3,1,0,1,0,10.0,15.0,66.7,32.0,6.0,43.8,34.6,3.0,33.3,35.7,6.0,0.0,0.0,2.0,25.5,Match Report,2019-09-29,15:30 (06:30),Bundesliga,Matchweek 6,Sun,Home,L,1,2,Freiburg,430.0,537.0,80.1,8601.0,2950.0,141.0,161.0,87.6,237.0,271.0,87.5,50.0,87.0,57.5,1,0.7,0.6,10.0,26.0,6.0,2.0,45.0,Match Report,2019-09-29,15:30 (06:30),Bundesliga,Matchweek 6,Sun,Home,L,1,2,Freiburg,537.0,491.0,42.0,9.0,2.0,9.0,24,22.0,5.0,1.0,4.0,0.0,430.0,4.0,10.0,Match Report,2019-09-29,15:30 (06:30),Bundesliga,Matchweek 6,Sun,Home,L,1,2,Freiburg,29.0,15.0,5.0,4.0,3.0,2.0,0.0,2.0,1.0,1.0,0.0,0.0,0.0,0.0,Match Report,2019-09-29,15:30 (06:30),Bundesliga,Matchweek 6,Sun,Home,L,1,2,Freiburg,14.0,11,11.0,2.0,1.0,7.0,14.0,50.0,7.0,10.0,4.0,6.0,6,20,11.0,0.0,Match Report,2019-09-29,15:30 (06:30),Bundesliga,Matchweek 6,Sun,Home,L,1,2,Freiburg,55.0,616.0,43.0,185.0,291.0,147.0,23.0,616.0,17.0,10.0,58.8,7.0,41.2,346.0,2118.0,1059.0,16.0,10.0,4.0,7.0,7.0,426.0,43.0,Match Report,2019-09-29,15:30 (06:30),Bundesliga,Matchweek 6,Sun,Home,L,1,2,Freiburg,2,0,0,9,11,4,24,6,11,0.0,1.0,0,47.0,18.0,9.0,66.7,Match Report
2019-10-04,20:30 (11:30),Bundesliga,Matchweek 7,Fri,Away,L,1,3,Hertha BSC,1,9,2,22.2,0.0,0.0,22.1,1.0,1,1,1.3,0.5,0.05,-0.3,-0.5,Match Report,2019-10-04,20:30 (11:30),Bundesliga,Matchweek 7,Fri,Away,L,1,3,Hertha BSC,3,3,0,0.0,0,1.8,-1.2,0,0,0,0,4.0,8.0,50.0,21.0,4.0,23.8,29.0,6.0,50.0,47.3,20.0,1.0,5.0,1.0,12.3,Match Report,2019-10-04,20:30 (11:30),Bundesliga,Matchweek 7,Fri,Away,L,1,3,Hertha BSC,358.0,445.0,80.4,6607.0,2545.0,147.0,166.0,88.6,146.0,173.0,84.4,51.0,76.0,67.1,0,0.4,0.4,7.0,25.0,6.0,3.0,39.0,Match Report,2019-10-04,20:30 (11:30),Bundesliga,Matchweek 7,Fri,Away,L,1,3,Hertha BSC,445.0,388.0,57.0,15.0,0.0,7.0,15,30.0,2.0,0.0,2.0,0.0,358.0,0.0,7.0,Match Report,2019-10-04,20:30 (11:30),Bundesliga,Matchweek 7,Fri,Away,L,1,3,Hertha BSC,19.0,13.0,3.0,0.0,0.0,3.0,0.0,2.0,0.0,1.0,0.0,0.0,1.0,0.0,Match Report,2019-10-04,20:30 (11:30),Bundesliga,Matchweek 7,Fri,Away,L,1,3,Hertha BSC,11.0,5,8.0,1.0,2.0,7.0,19.0,36.8,12.0,15.0,6.0,9.0,10,21,17.0,0.0,Match Report,2019-10-04,20:30 (11:30),Bundesliga,Matchweek 7,Fri,Away,L,1,3,Hertha BSC,48.0,540.0,54.0,190.0,245.0,110.0,12.0,539.0,13.0,6.0,46.2,7.0,53.8,280.0,1371.0,705.0,14.0,4.0,2.0,10.0,13.0,355.0,38.0,Match Report,2019-10-04,20:30 (11:30),Bundesliga,Matchweek 7,Fri,Away,L,1,3,Hertha BSC,3,0,0,18,16,0,15,10,5,1.0,0.0,0,46.0,11.0,16.0,40.7,Match Report
2019-10-19,15:30 (06:30),Bundesliga,Matchweek 8,Sat,Home,W,1,0,Mainz 05,1,20,4,20.0,0.05,0.25,20.7,0.0,0,0,1.6,1.6,0.08,-0.6,-0.6,Match Report,2019-10-19,15:30 (06:30),Bundesliga,Matchweek 8,Sat,Home,W,1,0,Mainz 05,1,0,1,100.0,1,0.1,0.1,0,0,0,0,3.0,12.0,25.0,25.0,4.0,36.0,33.8,4.0,75.0,57.3,4.0,0.0,0.0,0.0,13.8,Match Report,2019-10-19,15:30 (06:30),Bundesliga,Matchweek 8,Sat,Home,W,1,0,Mainz 05,417.0,524.0,79.6,8709.0,2975.0,144.0,164.0,87.8,205.0,244.0,84.0,68.0,109.0,62.4,1,1.6,1.4,18.0,39.0,11.0,5.0,52.0,Match Report,2019-10-19,15:30 (06:30),Bundesliga,Matchweek 8,Sat,Home,W,1,0,Mainz 05,524.0,467.0,57.0,20.0,1.0,14.0,38,24.0,8.0,0.0,8.0,0.0,417.0,0.0,4.0,Match Report,2019-10-19,15:30 (06:30),Bundesliga,Matchweek 8,Sat,Home,W,1,0,Mainz 05,35.0,21.0,5.0,4.0,2.0,2.0,1.0,1.0,1.0,0.0,0.0,0.0,0.0,0.0,Match Report,2019-10-19,15:30 (06:30),Bundesliga,Matchweek 8,Sat,Home,W,1,0,Mainz 05,15.0,11,4.0,9.0,2.0,6.0,12.0,50.0,6.0,9.0,3.0,6.0,9,24,12.0,0.0,Match Report,2019-10-19,15:30 (06:30),Bundesliga,Matchweek 8,Sat,Home,W,1,0,Mainz 05,55.0,628.0,39.0,145.0,317.0,169.0,19.0,628.0,18.0,8.0,44.4,10.0,55.6,360.0,2126.0,1024.0,23.0,18.0,2.0,13.0,6.0,417.0,52.0,Match Report,2019-10-19,15:30 (06:30),Bundesliga,Matchweek 8,Sat,Home,W,1,0,Mainz 05,2,0,0,11,17,0,38,9,11,0.0,0.0,0,48.0,23.0,15.0,60.5,Match Report
2019-10-26,15:30 (06:30),Bundesliga,Matchweek 9,Sat,Away,L,0,2,Paderborn 07,0,18,4,22.2,0.0,0.0,19.8,1.0,0,0,1.4,1.4,0.08,-1.4,-1.4,Match Report,2019-10-26,15:30 (06:30),Bundesliga,Matchweek 9,Sat,Away,L,0,2,Paderborn 07,6,2,4,66.7,0,1.7,-0.3,0,0,0,0,10.0,23.0,43.5,33.0,5.0,51.5,37.8,11.0,54.5,46.0,10.0,0.0,0.0,1.0,21.3,Match Report,2019-10-26,15:30 (06:30),Bundesliga,Matchweek 9,Sat,Away,L,0,2,Paderborn 07,314.0,430.0,73.0,6424.0,2844.0,117.0,146.0,80.1,147.0,178.0,82.6,48.0,94.0,51.1,0,0.8,0.7,8.0,22.0,5.0,1.0,31.0,Match Report,2019-10-26,15:30 (06:30),Bundesliga,Matchweek 9,Sat,Away,L,0,2,Paderborn 07,430.0,363.0,66.0,24.0,3.0,4.0,21,21.0,7.0,0.0,7.0,0.0,314.0,1.0,4.0,Match Report,2019-10-26,15:30 (06:30),Bundesliga,Matchweek 9,Sat,Away,L,0,2,Paderborn 07,29.0,13.0,7.0,1.0,5.0,3.0,0.0,0.0,0.0,0.0,0.0,0.0,0.0,0.0,Match Report,2019-10-26,15:30 (06:30),Bundesliga,Matchweek 9,Sat,Away,L,0,2,Paderborn 07,12.0,11,6.0,5.0,1.0,6.0,13.0,46.2,7.0,8.0,1.0,7.0,11,23,16.0,0.0,Match Report,2019-10-26,15:30 (06:30),Bundesliga,Matchweek 9,Sat,Away,L,0,2,Paderborn 07,51.0,548.0,60.0,205.0,208.0,138.0,19.0,548.0,12.0,9.0,75.0,3.0,25.0,276.0,1227.0,542.0,11.0,10.0,1.0,25.0,9.0,310.0,30.0,Match Report,2019-10-26,15:30 (06:30),Bundesliga,Matchweek 9,Sat,Away,L,0,2,Paderborn 07,4,0,0,16,23,1,21,11,11,0.0,0.0,0,45.0,18.0,15.0,54.5,Match Report
2019-10-30,20:45 (12:45),DFB-Pokal,Second round,Wed,Home,W,2,1,Erzgebirge Aue,2,18,6,33.3,0.06,0.17,,,1,1,,,,,,Match Report,2019-10-30,20:45 (12:45),DFB-Pokal,Second round,Wed,Home,W,2,1,Erzgebirge Aue,3,1,2,66.7,0,,,0,0,0,0,,,,,,,,,,,,,,,,Match Report,2019-10-30,20:45 (12:45),DFB-Pokal,Second round,Wed,Home,W,2,1,Erzgebirge Aue,,,,,,,,,,,,,,,0,,,,,,,,Match Report,2019-10-30,20:45 (12:45),DFB-Pokal,Second round,Wed,Home,W,2,1,Erzgebirge Aue,,,,,,,28,,,,,,,,,Match Report,2019-10-30,20:45 (12:45),DFB-Pokal,Second round,Wed,Home,W,2,1,Erzgebirge Aue,,,,,,,,,,,,,,,Match Report,2019-10-30,20:45 (12:45),DFB-Pokal,Second round,Wed,Home,W,2,1,Erzgebirge Aue,,6,,,,,,,,,,,6,0,,,Match Report,2019-10-30,20:45 (12:45),DFB-Pokal,Second round,Wed,Home,W,2,1,Erzgebirge Aue,60.0,,,,,,,,,,,,,,,,,,,,,,,Match Report,2019-10-30,20:45 (12:45),DFB-Pokal,Second round,Wed,Home,W,2,1,Erzgebirge Aue,2,0,0,12,16,7,28,6,6,,,0,,,,,Match Report
2019-11-03,15:30 (06:30),Bundesliga,Matchweek 10,Sun,Home,W,2,0,Köln,2,8,2,25.0,0.13,0.5,19.8,0.0,1,1,2.0,1.2,0.15,0.0,-0.2,Match Report,2019-11-03,15:30 (06:30),Bundesliga,Matchweek 10,Sun,Home,W,2,0,Köln,1,0,1,100.0,1,0.5,0.5,0,0,0,0,8.0,21.0,38.1,30.0,3.0,53.3,42.1,6.0,83.3,58.2,17.0,1.0,5.9,0.0,6.5,Match Report,2019-11-03,15:30 (06:30),Bundesliga,Matchweek 10,Sun,Home,W,2,0,Köln,222.0,344.0,64.5,4421.0,2040.0,93.0,121.0,76.9,90.0,123.0,73.2,36.0,86.0,41.9,1,1.2,0.4,7.0,25.0,1.0,1.0,26.0,Match Report,2019-11-03,15:30 (06:30),Bundesliga,Matchweek 10,Sun,Home,W,2,0,Köln,344.0,293.0,51.0,21.0,1.0,2.0,20,20.0,3.0,0.0,3.0,0.0,222.0,0.0,8.0,Match Report,2019-11-03,15:30 (06:30),Bundesliga,Matchweek 10,Sun,Home,W,2,0,Köln,16.0,8.0,1.0,3.0,0.0,3.0,1.0,4.0,2.0,0.0,1.0,0.0,1.0,0.0,Match Report,2019-11-03,15:30 (06:30),Bundesliga,Matchweek 10,Sun,Home,W,2,0,Köln,21.0,11,8.0,11.0,2.0,9.0,18.0,50.0,9.0,8.0,3.0,5.0,16,37,25.0,0.0,Match Report,2019-11-03,15:30 (06:30),Bundesliga,Matchweek 10,Sun,Home,W,2,0,Köln,40.0,450.0,58.0,166.0,209.0,84.0,11.0,449.0,12.0,8.0,66.7,4.0,33.3,217.0,1383.0,728.0,14.0,5.0,3.0,8.0,7.0,219.0,25.0,Match Report,2019-11-03,15:30 (06:30),Bundesliga,Matchweek 10,Sun,Home,W,2,0,Köln,1,0,0,11,20,0,20,16,11,1.0,0.0,0,53.0,22.0,29.0,43.1,Match Report
2019-11-09,15:30 (06:30),Bundesliga,Matchweek 11,Sat,Away,D,3,3,Schalke 04,3,8,4,50.0,0.25,0.5,16.3,0.0,1,1,2.1,1.3,0.16,0.9,0.7,Match Report,2019-11-09,15:30 (06:30),Bundesliga,Matchweek 11,Sat,Away,D,3,3,Schalke 04,4,3,1,25.0,0,0.7,-2.3,0,0,0,0,4.0,17.0,23.5,18.0,2.0,38.9,37.6,15.0,66.7,52.9,7.0,0.0,0.0,0.0,,Match Report,2019-11-09,15:30 (06:30),Bundesliga,Matchweek 11,Sat,Away,D,3,3,Schalke 04,240.0,358.0,67.0,4492.0,1929.0,108.0,135.0,80.0,94.0,134.0,70.1,35.0,77.0,45.5,2,1.3,1.1,8.0,23.0,7.0,4.0,34.0,Match Report,2019-11-09,15:30 (06:30),Bundesliga,Matchweek 11,Sat,Away,D,3,3,Schalke 04,358.0,304.0,54.0,11.0,1.0,5.0,19,20.0,4.0,0.0,4.0,0.0,240.0,0.0,4.0,Match Report,2019-11-09,15:30 (06:30),Bundesliga,Matchweek 11,Sat,Away,D,3,3,Schalke 04,17.0,14.0,2.0,0.0,1.0,0.0,0.0,5.0,4.0,0.0,0.0,1.0,0.0,0.0,Match Report,2019-11-09,15:30 (06:30),Bundesliga,Matchweek 11,Sat,Away,D,3,3,Schalke 04,18.0,10,8.0,9.0,1.0,8.0,19.0,42.1,11.0,12.0,2.0,10.0,8,26,18.0,1.0,Match Report,2019-11-09,15:30 (06:30),Bundesliga,Matchweek 11,Sat,Away,D,3,3,Schalke 04,43.0,464.0,50.0,138.0,227.0,99.0,16.0,463.0,6.0,5.0,83.3,1.0,16.7,196.0,1171.0,510.0,9.0,10.0,2.0,16.0,5.0,237.0,32.0,Match Report,2019-11-09,15:30 (06:30),Bundesliga,Matchweek 11,Sat,Away,D,3,3,Schalke 04,4,0,0,17,9,0,19,8,10,0.0,0.0,0,32.0,17.0,29.0,37.0,Match Report
2019-11-23,15:30 (06:30),Bundesliga,Matchweek 12,Sat,Home,L,0,4,Bayern Munich,0,13,1,7.7,0.0,0.0,20.5,0.0,0,0,0.7,0.7,0.05,-0.7,-0.7,Match Report,2019-11-23,15:30 (06:30),Bundesliga,Matchweek 12,Sat,Home,L,0,4,Bayern Munich,5,4,1,20.0,0,3.3,-0.7,0,0,0,0,8.0,18.0,44.4,23.0,7.0,39.1,37.7,12.0,75.0,54.6,17.0,1.0,5.9,1.0,10.3,Match Report,2019-11-23,15:30 (06:30),Bundesliga,Matchweek 12,Sat,Home,L,0,4,Bayern Munich,209.0,316.0,66.1,4317.0,2304.0,80.0,96.0,83.3,84.0,114.0,73.7,41.0,76.0,53.9,0,0.6,0.7,10.0,21.0,4.0,1.0,24.0,Match Report,2019-11-23,15:30 (06:30),Bundesliga,Matchweek 12,Sat,Home,L,0,4,Bayern Munich,316.0,260.0,53.0,12.0,0.0,2.0,22,16.0,8.0,0.0,8.0,0.0,209.0,3.0,8.0,Match Report,2019-11-23,15:30 (06:30),Bundesliga,Matchweek 12,Sat,Home,L,0,4,Bayern Munich,23.0,19.0,1.0,2.0,0.0,1.0,0.0,0.0,0.0,0.0,0.0,0.0,0.0,0.0,Match Report,2019-11-23,15:30 (06:30),Bundesliga,Matchweek 12,Sat,Home,L,0,4,Bayern Munich,18.0,11,11.0,6.0,1.0,10.0,23.0,43.5,13.0,11.0,4.0,7.0,10,28,17.0,1.0,Match Report,2019-11-23,15:30 (06:30),Bundesliga,Matchweek 12,Sat,Home,L,0,4,Bayern Munich,30.0,418.0,68.0,188.0,143.0,93.0,14.0,418.0,13.0,9.0,69.2,4.0,30.8,203.0,1159.0,638.0,15.0,12.0,3.0,12.0,14.0,208.0,24.0,Match Report,2019-11-23,15:30 (06:30),Bundesliga,Matchweek 12,Sat,Home,L,0,4,Bayern Munich,1,0,0,8,6,3,22,10,11,0.0,0.0,0,56.0,8.0,8.0,50.0,Match Report
2019-11-30,15:30 (06:30),Bundesliga,Matchweek 13,Sat,Away,D,1,1,Hoffenheim,1,11,3,27.3,0.09,0.33,15.0,2.0,0,0,0.9,0.9,0.08,0.1,0.1,Match Report,2019-11-30,15:30 (06:30),Bundesliga,Matchweek 13,Sat,Away,D,1,1,Hoffenheim,6,1,5,83.3,0,1.0,0.0,0,0,0,0,2.0,4.0,50.0,19.0,8.0,15.8,24.1,6.0,16.7,31.2,11.0,0.0,0.0,3.0,29.7,Match Report,2019-11-30,15:30 (06:30),Bundesliga,Matchweek 13,Sat,Away,D,1,1,Hoffenheim,419.0,523.0,80.1,8487.0,3127.0,145.0,173.0,83.8,206.0,241.0,85.5,65.0,91.0,71.4,1,0.7,0.5,7.0,35.0,8.0,5.0,53.0,Match Report,2019-11-30,15:30 (06:30),Bundesliga,Matchweek 13,Sat,Away,D,1,1,Hoffenheim,523.0,476.0,44.0,12.0,1.0,9.0,36,19.0,5.0,1.0,4.0,0.0,419.0,3.0,9.0,Match Report,2019-11-30,15:30 (06:30),Bundesliga,Matchweek 13,Sat,Away,D,1,1,Hoffenheim,22.0,15.0,2.0,1.0,1.0,3.0,0.0,2.0,2.0,0.0,0.0,0.0,0.0,0.0,Match Report,2019-11-30,15:30 (06:30),Bundesliga,Matchweek 13,Sat,Away,D,1,1,Hoffenheim,16.0,9,6.0,7.0,3.0,6.0,14.0,42.9,8.0,9.0,0.0,9.0,12,28,10.0,0.0,Match Report,2019-11-30,15:30 (06:30),Bundesliga,Matchweek 13,Sat,Away,D,1,1,Hoffenheim,49.0,647.0,43.0,158.0,338.0,161.0,24.0,647.0,30.0,15.0,50.0,15.0,50.0,404.0,2382.0,1282.0,22.0,19.0,4.0,19.0,4.0,415.0,52.0,Match Report,2019-11-30,15:30 (06:30),Bundesliga,Matchweek 13,Sat,Away,D,1,1,Hoffenheim,4,0,0,16,11,3,36,12,9,0.0,0.0,0,59.0,12.0,19.0,38.7,Match Report
2019-12-07,15:30 (06:30),Bundesliga,Matchweek 14,Sat,Away,L,0,5,Dortmund,0,2,0,0.0,0.0,,15.3,0.0,0,0,0.1,0.1,0.07,-0.1,-0.1,Match Report,2019-12-07,15:30 (06:30),Bundesliga,Matchweek 14,Sat,Away,L,0,5,Dortmund,10,5,5,50.0,0,5.8,0.8,0,0,0,0,9.0,17.0,52.9,28.0,6.0,42.9,35.8,13.0,38.5,39.7,11.0,0.0,0.0,0.0,,Match Report,2019-12-07,15:30 (06:30),Bundesliga,Matchweek 14,Sat,Away,L,0,5,Dortmund,265.0,354.0,74.9,4926.0,1961.0,115.0,136.0,84.6,106.0,130.0,81.5,38.0,65.0,58.5,0,0.1,0.2,2.0,15.0,4.0,0.0,21.0,Match Report,2019-12-07,15:30 (06:30),Bundesliga,Matchweek 14,Sat,Away,L,0,5,Dortmund,354.0,309.0,43.0,10.0,0.0,7.0,4,14.0,0.0,0.0,0.0,0.0,265.0,2.0,6.0,Match Report,2019-12-07,15:30 (06:30),Bundesliga,Matchweek 14,Sat,Away,L,0,5,Dortmund,4.0,3.0,0.0,1.0,0.0,0.0,0.0,0.0,0.0,0.0,0.0,0.0,0.0,0.0,Match Report,2019-12-07,15:30 (06:30),Bundesliga,Matchweek 14,Sat,Away,L,0,5,Dortmund,19.0,8,13.0,4.0,2.0,7.0,24.0,29.2,17.0,6.0,3.0,3.0,12,31,19.0,0.0,Match Report,2019-12-07,15:30 (06:30),Bundesliga,Matchweek 14,Sat,Away,L,0,5,Dortmund,27.0,440.0,81.0,235.0,160.0,47.0,7.0,440.0,8.0,6.0,75.0,2.0,25.0,242.0,1144.0,594.0,11.0,4.0,4.0,13.0,11.0,264.0,21.0,Match Report,2019-12-07,15:30 (06:30),Bundesliga,Matchweek 14,Sat,Away,L,0,5,Dortmund,3,0,0,10,8,2,4,12,8,0.0,0.0,0,50.0,3.0,9.0,25.0,Match Report
2019-12-14,18:30 (09:30),Bundesliga,Matchweek 15,Sat,Home,L,0,3,RB Leipzig,0,4,1,25.0,0.0,0.0,22.3,0.0,0,0,0.2,0.2,0.04,-0.2,-0.2,Match Report,2019-12-14,18:30 (09:30),Bundesliga,Matchweek 15,Sat,Home,L,0,3,RB Leipzig,7,3,4,71.4,0,1.8,-1.2,1,1,0,0,7.0,15.0,46.7,28.0,8.0,25.0,33.5,13.0,61.5,44.5,19.0,2.0,10.5,1.0,11.0,Match Report,2019-12-14,18:30 (09:30),Bundesliga,Matchweek 15,Sat,Home,L,0,3,RB Leipzig,247.0,332.0,74.4,5158.0,2137.0,84.0,95.0,88.4,118.0,144.0,81.9,44.0,84.0,52.4,0,0.1,0.2,3.0,15.0,1.0,1.0,24.0,Match Report,2019-12-14,18:30 (09:30),Bundesliga,Matchweek 15,Sat,Home,L,0,3,RB Leipzig,332.0,287.0,45.0,10.0,2.0,5.0,11,15.0,3.0,1.0,2.0,0.0,247.0,0.0,7.0,Match Report,2019-12-14,18:30 (09:30),Bundesliga,Matchweek 15,Sat,Home,L,0,3,RB Leipzig,6.0,3.0,2.0,1.0,0.0,0.0,0.0,0.0,0.0,0.0,0.0,0.0,0.0,0.0,Match Report,2019-12-14,18:30 (09:30),Bundesliga,Matchweek 15,Sat,Home,L,0,3,RB Leipzig,21.0,15,15.0,4.0,2.0,8.0,13.0,61.5,5.0,7.0,5.0,2.0,6,27,16.0,1.0,Match Report,2019-12-14,18:30 (09:30),Bundesliga,Matchweek 15,Sat,Home,L,0,3,RB Leipzig,31.0,423.0,76.0,202.0,155.0,69.0,7.0,423.0,16.0,6.0,37.5,10.0,62.5,237.0,1357.0,656.0,6.0,8.0,2.0,11.0,3.0,245.0,24.0,Match Report,2019-12-14,18:30 (09:30),Bundesliga,Matchweek 15,Sat,Home,L,0,3,RB Leipzig,2,0,0,12,10,0,11,6,15,0.0,1.0,0,34.0,7.0,16.0,30.4,Match Report
2019-12-17,20:30 (11:30),Bundesliga,Matchweek 16,Tue,Away,L,0,3,Augsburg,0,6,2,33.3,0.0,0.0,19.8,1.0,0,0,0.6,0.6,0.1,-0.6,-0.6,Match Report,2019-12-17,20:30 (11:30),Bundesliga,Matchweek 16,Tue,Away,L,0,3,Augsburg,7,3,4,57.1,0,1.0,-2.0,0,0,0,0,10.0,23.0,43.5,46.0,9.0,43.5,37.9,5.0,60.0,48.0,15.0,1.0,6.7,2.0,11.7,Match Report,2019-12-17,20:30 (11:30),Bundesliga,Matchweek 16,Tue,Away,L,0,3,Augsburg,320.0,440.0,72.7,6987.0,2843.0,108.0,141.0,76.6,159.0,196.0,81.1,53.0,87.0,60.9,0,0.5,0.5,4.0,24.0,3.0,2.0,29.0,Match Report,2019-12-17,20:30 (11:30),Bundesliga,Matchweek 16,Tue,Away,L,0,3,Augsburg,440.0,392.0,47.0,14.0,1.0,5.0,11,22.0,2.0,1.0,1.0,0.0,320.0,1.0,10.0,Match Report,2019-12-17,20:30 (11:30),Bundesliga,Matchweek 16,Tue,Away,L,0,3,Augsburg,11.0,6.0,1.0,2.0,0.0,2.0,0.0,0.0,0.0,0.0,0.0,0.0,0.0,0.0,Match Report,2019-12-17,20:30 (11:30),Bundesliga,Matchweek 16,Tue,Away,L,0,3,Augsburg,10.0,7,6.0,4.0,0.0,6.0,10.0,60.0,4.0,7.0,1.0,6.0,15,25,25.0,1.0,Match Report,2019-12-17,20:30 (11:30),Bundesliga,Matchweek 16,Tue,Away,L,0,3,Augsburg,53.0,554.0,79.0,264.0,223.0,71.0,7.0,554.0,12.0,7.0,58.3,5.0,41.7,343.0,1424.0,646.0,8.0,8.0,3.0,17.0,7.0,316.0,28.0,Match Report,2019-12-17,20:30 (11:30),Bundesliga,Matchweek 16,Tue,Away,L,0,3,Augsburg,4,0,0,14,11,1,11,15,7,0.0,0.0,0,46.0,23.0,22.0,51.1,Match Report
2019-12-22,15:30 (06:30),Bundesliga,Matchweek 17,Sun,Home,W,2,1,Union Berlin,2,22,8,36.4,0.09,0.25,20.0,2.0,0,0,1.3,1.3,0.06,0.7,0.7,Match Report,2019-12-22,15:30 (06:30),Bundesliga,Matchweek 17,Sun,Home,W,2,1,Union Berlin,5,1,4,80.0,0,2.0,1.0,0,0,0,0,7.0,17.0,41.2,29.0,5.0,31.0,30.2,10.0,80.0,58.9,24.0,2.0,8.3,3.0,19.2,Match Report,2019-12-22,15:30 (06:30),Bundesliga,Matchweek 17,Sun,Home,W,2,1,Union Berlin,349.0,470.0,74.3,6821.0,2727.0,146.0,177.0,82.5,133.0,167.0,79.6,61.0,97.0,62.9,1,1.0,0.8,14.0,22.0,10.0,1.0,45.0,Match Report,2019-12-22,15:30 (06:30),Bundesliga,Matchweek 17,Sun,Home,W,2,1,Union Berlin,470.0,404.0,66.0,19.0,0.0,6.0,31,28.0,7.0,0.0,7.0,0.0,349.0,0.0,10.0,Match Report,2019-12-22,15:30 (06:30),Bundesliga,Matchweek 17,Sun,Home,W,2,1,Union Berlin,38.0,21.0,7.0,1.0,2.0,4.0,3.0,2.0,1.0,1.0,0.0,0.0,0.0,0.0,Match Report,2019-12-22,15:30 (06:30),Bundesliga,Matchweek 17,Sun,Home,W,2,1,Union Berlin,12.0,7,8.0,3.0,1.0,4.0,11.0,36.4,7.0,12.0,5.0,7.0,8,20,24.0,0.0,Match Report,2019-12-22,15:30 (06:30),Bundesliga,Matchweek 17,Sun,Home,W,2,1,Union Berlin,48.0,604.0,76.0,206.0,228.0,178.0,26.0,604.0,26.0,11.0,42.3,15.0,57.7,255.0,1738.0,884.0,20.0,19.0,7.0,15.0,6.0,345.0,45.0,Match Report,2019-12-22,15:30 (06:30),Bundesliga,Matchweek 17,Sun,Home,W,2,1,Union Berlin,2,0,0,12,18,0,31,8,7,0.0,0.0,0,57.0,29.0,27.0,51.8,Match Report
2020-01-18,15:30 (06:30),Bundesliga,Matchweek 18,Sat,Home,L,0,1,Werder Bremen,0,18,2,11.1,0.0,0.0,18.9,0.0,0,0,1.1,1.1,0.06,-1.1,-1.1,Match Report,2020-01-18,15:30 (06:30),Bundesliga,Matchweek 18,Sat,Home,L,0,1,Werder Bremen,4,1,4,75.0,0,0.5,0.5,0,0,0,0,2.0,8.0,25.0,23.0,3.0,17.4,27.8,8.0,50.0,42.3,16.0,0.0,0.0,2.0,15.8,Match Report,2020-01-18,15:30 (06:30),Bundesliga,Matchweek 18,Sat,Home,L,0,1,Werder Bremen,334.0,477.0,70.0,6233.0,2445.0,131.0,169.0,77.5,148.0,186.0,79.6,44.0,88.0,50.0,0,0.5,0.9,11.0,26.0,10.0,5.0,47.0,Match Report,2020-01-18,15:30 (06:30),Bundesliga,Matchweek 18,Sat,Home,L,0,1,Werder Bremen,477.0,418.0,57.0,12.0,0.0,9.0,31,29.0,6.0,1.0,5.0,0.0,334.0,2.0,14.0,Match Report,2020-01-18,15:30 (06:30),Bundesliga,Matchweek 18,Sat,Home,L,0,1,Werder Bremen,35.0,29.0,2.0,1.0,2.0,1.0,0.0,0.0,0.0,0.0,0.0,0.0,0.0,0.0,Match Report,2020-01-18,15:30 (06:30),Bundesliga,Matchweek 18,Sat,Home,L,0,1,Werder Bremen,14.0,7,7.0,6.0,1.0,7.0,18.0,38.9,11.0,13.0,3.0,10.0,20,34,21.0,0.0,Match Report,2020-01-18,15:30 (06:30),Bundesliga,Matchweek 18,Sat,Home,L,0,1,Werder Bremen,49.0,595.0,60.0,182.0,254.0,163.0,19.0,595.0,7.0,6.0,85.7,1.0,14.3,234.0,1229.0,685.0,15.0,9.0,3.0,15.0,14.0,328.0,46.0,Match Report,2020-01-18,15:30 (06:30),Bundesliga,Matchweek 18,Sat,Home,L,0,1,Werder Bremen,4,0,0,17,12,2,31,20,7,0.0,0.0,1,56.0,23.0,27.0,46.0,Match Report
2020-01-26,18:00 (09:00),Bundesliga,Matchweek 19,Sun,Away,L,0,3,Leverkusen,0,12,3,25.0,0.0,0.0,17.4,0.0,0,0,0.9,0.9,0.08,-0.9,-0.9,Match Report,2020-01-26,18:00 (09:00),Bundesliga,Matchweek 19,Sun,Away,L,0,3,Leverkusen,10,3,7,80.0,0,3.4,0.4,1,1,0,0,10.0,20.0,50.0,20.0,3.0,50.0,39.3,12.0,83.3,57.9,17.0,1.0,5.9,1.0,10.4,Match Report,2020-01-26,18:00 (09:00),Bundesliga,Matchweek 19,Sun,Away,L,0,3,Leverkusen,215.0,327.0,65.7,4509.0,2256.0,90.0,106.0,84.9,68.0,97.0,70.1,45.0,90.0,50.0,0,0.9,0.7,10.0,22.0,7.0,3.0,24.0,Match Report,2020-01-26,18:00 (09:00),Bundesliga,Matchweek 19,Sun,Away,L,0,3,Leverkusen,327.0,278.0,46.0,12.0,1.0,11.0,23,13.0,5.0,2.0,3.0,0.0,215.0,3.0,11.0,Match Report,2020-01-26,18:00 (09:00),Bundesliga,Matchweek 19,Sun,Away,L,0,3,Leverkusen,23.0,16.0,2.0,1.0,3.0,0.0,1.0,0.0,0.0,0.0,0.0,0.0,0.0,0.0,Match Report,2020-01-26,18:00 (09:00),Bundesliga,Matchweek 19,Sun,Away,L,0,3,Leverkusen,21.0,15,7.0,12.0,2.0,8.0,32.0,25.0,24.0,14.0,7.0,7.0,18,39,17.0,1.0,Match Report,2020-01-26,18:00 (09:00),Bundesliga,Matchweek 19,Sun,Away,L,0,3,Leverkusen,34.0,449.0,69.0,169.0,205.0,81.0,18.0,449.0,10.0,8.0,80.0,2.0,20.0,180.0,981.0,505.0,12.0,7.0,5.0,13.0,6.0,214.0,24.0,Match Report,2020-01-26,18:00 (09:00),Bundesliga,Matchweek 19,Sun,Away,L,0,3,Leverkusen,3,0,0,11,10,3,23,18,15,0.0,1.0,0,52.0,13.0,19.0,40.6,Match Report
2020-02-01,15:30 (06:30),Bundesliga,Matchweek 20,Sat,Home,D,1,1,Eint Frankfurt,1,8,1,12.5,0.13,1.0,22.0,1.0,0,0,0.4,0.4,0.04,0.6,0.6,Match Report,2020-02-01,15:30 (06:30),Bundesliga,Matchweek 20,Sat,Home,D,1,1,Eint Frankfurt,4,1,3,75.0,0,0.4,-0.6,0,0,0,0,7.0,13.0,53.8,30.0,2.0,33.3,33.0,3.0,100.0,55.0,9.0,0.0,0.0,1.0,16.0,Match Report,2020-02-01,15:30 (06:30),Bundesliga,Matchweek 20,Sat,Home,D,1,1,Eint Frankfurt,398.0,521.0,76.4,7401.0,2774.0,172.0,196.0,87.8,150.0,179.0,83.8,58.0,102.0,56.9,0,0.2,0.3,5.0,31.0,5.0,2.0,48.0,Match Report,2020-02-01,15:30 (06:30),Bundesliga,Matchweek 20,Sat,Home,D,1,1,Eint Frankfurt,521.0,471.0,45.0,14.0,0.0,8.0,25,23.0,4.0,3.0,0.0,0.0,398.0,5.0,10.0,Match Report,2020-02-01,15:30 (06:30),Bundesliga,Matchweek 20,Sat,Home,D,1,1,Eint Frankfurt,14.0,13.0,0.0,0.0,0.0,1.0,0.0,2.0,1.0,0.0,0.0,0.0,1.0,0.0,Match Report,2020-02-01,15:30 (06:30),Bundesliga,Matchweek 20,Sat,Home,D,1,1,Eint Frankfurt,8.0,6,6.0,2.0,0.0,2.0,9.0,22.2,7.0,5.0,0.0,5.0,12,20,9.0,0.0,Match Report,2020-02-01,15:30 (06:30),Bundesliga,Matchweek 20,Sat,Home,D,1,1,Eint Frankfurt,53.0,606.0,36.0,189.0,304.0,120.0,9.0,606.0,12.0,5.0,41.7,7.0,58.3,335.0,1767.0,958.0,16.0,14.0,3.0,17.0,9.0,397.0,48.0,Match Report,2020-02-01,15:30 (06:30),Bundesliga,Matchweek 20,Sat,Home,D,1,1,Eint Frankfurt,2,0,0,8,12,5,25,12,6,0.0,0.0,0,67.0,20.0,13.0,60.6,Match Report
2020-02-04,18:30 (09:30),DFB-Pokal,Round of 16,Tue,Away,W,5,2,Kaiserslautern,5,17,7,41.2,0.29,0.71,,,0,0,,,,,,Match Report,2020-02-04,18:30 (09:30),DFB-Pokal,Round of 16,Tue,Away,W,5,2,Kaiserslautern,3,2,2,66.7,0,,,1,1,0,0,,,,,,,,,,,,,,,,Match Report,2020-02-04,18:30 (09:30),DFB-Pokal,Round of 16,Tue,Away,W,5,2,Kaiserslautern,,,,,,,,,,,,,,,4,,,,,,,,Match Report,2020-02-04,18:30 (09:30),DFB-Pokal,Round of 16,Tue,Away,W,5,2,Kaiserslautern,,,,,,,21,,,,,,,,,Match Report,2020-02-04,18:30 (09:30),DFB-Pokal,Round of 16,Tue,Away,W,5,2,Kaiserslautern,,,,,,,,,,,,,,,Match Report,2020-02-04,18:30 (09:30),DFB-Pokal,Round of 16,Tue,Away,W,5,2,Kaiserslautern,,11,,,,,,,,,,,10,0,,,Match Report,2020-02-04,18:30 (09:30),DFB-Pokal,Round of 16,Tue,Away,W,5,2,Kaiserslautern,70.0,,,,,,,,,,,,,,,,,,,,,,,Match Report,2020-02-04,18:30 (09:30),DFB-Pokal,Round of 16,Tue,Away,W,5,2,Kaiserslautern,5,0,0,12,7,0,21,10,11,,,0,,,,,Match Report
2020-02-08,15:30 (06:30),Bundesliga,Matchweek 21,Sat,Away,D,1,1,Wolfsburg,1,10,2,20.0,0.1,0.5,15.1,0.0,0,0,0.7,0.7,0.08,0.3,0.3,Match Report,2020-02-08,15:30 (06:30),Bundesliga,Matchweek 21,Sat,Away,D,1,1,Wolfsburg,5,1,4,80.0,0,1.5,0.5,0,0,0,0,6.0,21.0,28.6,37.0,6.0,45.9,38.2,5.0,80.0,49.6,15.0,0.0,0.0,6.0,25.0,Match Report,2020-02-08,15:30 (06:30),Bundesliga,Matchweek 21,Sat,Away,D,1,1,Wolfsburg,410.0,534.0,76.8,7839.0,2596.0,175.0,207.0,84.5,160.0,192.0,83.3,70.0,108.0,64.8,1,0.6,0.8,8.0,27.0,6.0,3.0,48.0,Match Report,2020-02-08,15:30 (06:30),Bundesliga,Matchweek 21,Sat,Away,D,1,1,Wolfsburg,534.0,482.0,49.0,15.0,0.0,5.0,21,22.0,5.0,0.0,3.0,0.0,410.0,3.0,9.0,Match Report,2020-02-08,15:30 (06:30),Bundesliga,Matchweek 21,Sat,Away,D,1,1,Wolfsburg,17.0,8.0,6.0,0.0,1.0,2.0,0.0,2.0,2.0,0.0,0.0,0.0,0.0,0.0,Match Report,2020-02-08,15:30 (06:30),Bundesliga,Matchweek 21,Sat,Away,D,1,1,Wolfsburg,9.0,4,4.0,4.0,1.0,3.0,8.0,37.5,5.0,7.0,0.0,7.0,9,18,21.0,0.0,Match Report,2020-02-08,15:30 (06:30),Bundesliga,Matchweek 21,Sat,Away,D,1,1,Wolfsburg,51.0,637.0,56.0,199.0,318.0,124.0,21.0,637.0,12.0,9.0,75.0,3.0,25.0,305.0,1697.0,922.0,19.0,10.0,5.0,20.0,4.0,407.0,48.0,Match Report,2020-02-08,15:30 (06:30),Bundesliga,Matchweek 21,Sat,Away,D,1,1,Wolfsburg,1,0,0,14,10,3,21,9,4,0.0,0.0,0,58.0,16.0,25.0,39.0,Match Report
2020-02-15,18:30 (09:30),Bundesliga,Matchweek 22,Sat,Home,L,1,4,Gladbach,1,9,4,44.4,0.11,0.25,19.6,0.0,0,0,0.8,0.8,0.09,0.2,0.2,Match Report,2020-02-15,18:30 (09:30),Bundesliga,Matchweek 22,Sat,Home,L,1,4,Gladbach,6,4,2,33.3,0,2.8,-1.2,0,0,0,0,9.0,19.0,47.4,40.0,2.0,42.5,37.8,6.0,33.3,36.2,12.0,0.0,0.0,2.0,23.0,Match Report,2020-02-15,18:30 (09:30),Bundesliga,Matchweek 22,Sat,Home,L,1,4,Gladbach,372.0,446.0,83.4,7534.0,2693.0,151.0,169.0,89.3,148.0,162.0,91.4,68.0,99.0,68.7,1,0.7,0.6,7.0,22.0,10.0,5.0,34.0,Match Report,2020-02-15,18:30 (09:30),Bundesliga,Matchweek 22,Sat,Home,L,1,4,Gladbach,446.0,407.0,37.0,12.0,0.0,9.0,14,12.0,2.0,1.0,1.0,0.0,372.0,2.0,6.0,Match Report,2020-02-15,18:30 (09:30),Bundesliga,Matchweek 22,Sat,Home,L,1,4,Gladbach,16.0,14.0,1.0,0.0,0.0,1.0,0.0,2.0,2.0,0.0,0.0,0.0,0.0,0.0,Match Report,2020-02-15,18:30 (09:30),Bundesliga,Matchweek 22,Sat,Home,L,1,4,Gladbach,8.0,4,1.0,5.0,2.0,5.0,19.0,26.3,14.0,8.0,5.0,3.0,14,22,18.0,0.0,Match Report,2020-02-15,18:30 (09:30),Bundesliga,Matchweek 22,Sat,Home,L,1,4,Gladbach,50.0,535.0,63.0,216.0,228.0,99.0,12.0,535.0,12.0,7.0,58.3,5.0,41.7,309.0,1875.0,851.0,15.0,16.0,2.0,12.0,5.0,367.0,34.0,Match Report,2020-02-15,18:30 (09:30),Bundesliga,Matchweek 22,Sat,Home,L,1,4,Gladbach,2,0,0,11,10,2,14,14,4,0.0,0.0,0,44.0,14.0,18.0,43.8,Match Report
2020-02-22,15:30 (06:30),Bundesliga,Matchweek 23,Sat,Away,W,2,0,Freiburg,2,9,4,44.4,0.22,0.5,23.0,0.0,0,0,0.9,0.9,0.11,1.1,1.1,Match Report,2020-02-22,15:30 (06:30),Bundesliga,Matchweek 23,Sat,Away,W,2,0,Freiburg,4,0,4,100.0,1,0.3,0.3,0,0,0,0,8.0,22.0,36.4,21.0,0.0,71.4,48.5,10.0,70.0,55.1,19.0,1.0,5.3,0.0,9.5,Match Report,2020-02-22,15:30 (06:30),Bundesliga,Matchweek 23,Sat,Away,W,2,0,Freiburg,253.0,371.0,68.2,4807.0,2032.0,111.0,135.0,82.2,103.0,135.0,76.3,35.0,81.0,43.2,2,0.9,0.6,8.0,11.0,6.0,3.0,24.0,Match Report,2020-02-22,15:30 (06:30),Bundesliga,Matchweek 23,Sat,Away,W,2,0,Freiburg,371.0,314.0,56.0,15.0,1.0,6.0,12,26.0,4.0,0.0,1.0,0.0,253.0,1.0,8.0,Match Report,2020-02-22,15:30 (06:30),Bundesliga,Matchweek 23,Sat,Away,W,2,0,Freiburg,16.0,10.0,2.0,2.0,0.0,2.0,0.0,4.0,2.0,1.0,1.0,0.0,0.0,0.0,Match Report,2020-02-22,15:30 (06:30),Bundesliga,Matchweek 23,Sat,Away,W,2,0,Freiburg,18.0,12,11.0,6.0,1.0,7.0,23.0,30.4,16.0,18.0,6.0,12.0,7,25,39.0,0.0,Match Report,2020-02-22,15:30 (06:30),Bundesliga,Matchweek 23,Sat,Away,W,2,0,Freiburg,40.0,494.0,76.0,204.0,203.0,94.0,12.0,494.0,14.0,10.0,71.4,4.0,28.6,215.0,1381.0,648.0,17.0,9.0,2.0,11.0,10.0,251.0,24.0,Match Report,2020-02-22,15:30 (06:30),Bundesliga,Matchweek 23,Sat,Away,W,2,0,Freiburg,4,0,0,10,13,1,12,7,12,0.0,0.0,0,55.0,23.0,31.0,42.6,Match Report
2020-02-28,20:30 (11:30),Bundesliga,Matchweek 24,Fri,Home,D,3,3,Hertha BSC,3,14,5,35.7,0.21,0.6,19.6,1.0,0,0,1.4,1.4,0.1,1.6,1.6,Match Report,2020-02-28,20:30 (11:30),Bundesliga,Matchweek 24,Fri,Home,D,3,3,Hertha BSC,7,3,5,71.4,0,2.8,0.8,1,1,0,0,4.0,24.0,16.7,29.0,0.0,69.0,45.4,7.0,57.1,49.6,17.0,0.0,0.0,1.0,12.7,Match Report,2020-02-28,20:30 (11:30),Bundesliga,Matchweek 24,Fri,Home,D,3,3,Hertha BSC,398.0,507.0,78.5,7263.0,2470.0,165.0,188.0,87.8,155.0,185.0,83.8,60.0,95.0,63.2,3,1.0,0.8,7.0,23.0,5.0,1.0,40.0,Match Report,2020-02-28,20:30 (11:30),Bundesliga,Matchweek 24,Fri,Home,D,3,3,Hertha BSC,507.0,454.0,47.0,14.0,1.0,4.0,16,19.0,3.0,1.0,2.0,0.0,398.0,6.0,6.0,Match Report,2020-02-28,20:30 (11:30),Bundesliga,Matchweek 24,Fri,Home,D,3,3,Hertha BSC,25.0,20.0,0.0,1.0,2.0,2.0,0.0,6.0,5.0,0.0,1.0,0.0,0.0,0.0,Match Report,2020-02-28,20:30 (11:30),Bundesliga,Matchweek 24,Fri,Home,D,3,3,Hertha BSC,9.0,6,4.0,5.0,0.0,2.0,19.0,10.5,17.0,10.0,3.0,7.0,9,18,25.0,1.0,Match Report,2020-02-28,20:30 (11:30),Bundesliga,Matchweek 24,Fri,Home,D,3,3,Hertha BSC,50.0,612.0,59.0,204.0,289.0,123.0,15.0,612.0,16.0,9.0,56.3,7.0,43.8,270.0,1427.0,684.0,15.0,10.0,2.0,13.0,5.0,397.0,40.0,Match Report,2020-02-28,20:30 (11:30),Bundesliga,Matchweek 24,Fri,Home,D,3,3,Hertha BSC,2,0,0,11,11,6,16,9,6,0.0,1.0,1,55.0,14.0,25.0,35.9,Match Report
2020-03-03,18:30 (09:30),DFB-Pokal,Quarter-finals,Tue,Away,D,1 (6),1 (7),Saarbrücken,1,36,16,44.4,0.03,0.06,,,0,1,,,,,,Match Report,2020-03-03,18:30 (09:30),DFB-Pokal,Quarter-finals,Tue,Away,D,1 (6),1 (7),Saarbrücken,6,1,5,83.3,0,,,0,0,0,0,,,,,,,,,,,,,,,,Match Report,2020-03-03,18:30 (09:30),DFB-Pokal,Quarter-finals,Tue,Away,D,1 (6),1 (7),Saarbrücken,,,,,,,,,,,,,,,1,,,,,,,,Match Report,2020-03-03,18:30 (09:30),DFB-Pokal,Quarter-finals,Tue,Away,D,1 (6),1 (7),Saarbrücken,,,,,,,40,,,,,,,,,Match Report,2020-03-03,18:30 (09:30),DFB-Pokal,Quarter-finals,Tue,Away,D,1 (6),1 (7),Saarbrücken,,,,,,,,,,,,,,,Match Report,2020-03-03,18:30 (09:30),DFB-Pokal,Quarter-finals,Tue,Away,D,1 (6),1 (7),Saarbrücken,,7,,,,,,,,,,,16,0,,,Match Report,2020-03-03,18:30 (09:30),DFB-Pokal,Quarter-finals,Tue,Away,D,1 (6),1 (7),Saarbrücken,74.0,,,,,,,,,,,,,,,,,,,,,,,Match Report,2020-03-03,18:30 (09:30),DFB-Pokal,Quarter-finals,Tue,Away,D,1 (6),1 (7),Saarbrücken,5,0,0,16,11,0,40,16,7,,,0,,,,,Match Report
2020-03-08,18:00 (10:00),Bundesliga,Matchweek 25,Sun,Away,D,1,1,Mainz 05,1,20,5,25.0,0.05,0.2,19.6,2.0,0,0,2.0,2.0,0.1,-1.0,-1.0,Match Report,2020-03-08,18:00 (10:00),Bundesliga,Matchweek 25,Sun,Away,D,1,1,Mainz 05,1,1,0,0.0,0,1.0,0.0,0,0,0,0,4.0,10.0,40.0,29.0,5.0,27.6,32.9,2.0,100.0,69.0,3.0,0.0,0.0,0.0,7.7,Match Report,2020-03-08,18:00 (10:00),Bundesliga,Matchweek 25,Sun,Away,D,1,1,Mainz 05,496.0,619.0,80.1,9504.0,3606.0,200.0,228.0,87.7,207.0,245.0,84.5,73.0,110.0,66.4,0,0.6,1.4,13.0,45.0,10.0,2.0,60.0,Match Report,2020-03-08,18:00 (10:00),Bundesliga,Matchweek 25,Sun,Away,D,1,1,Mainz 05,619.0,564.0,54.0,19.0,1.0,7.0,21,23.0,8.0,2.0,4.0,0.0,496.0,1.0,8.0,Match Report,2020-03-08,18:00 (10:00),Bundesliga,Matchweek 25,Sun,Away,D,1,1,Mainz 05,36.0,26.0,3.0,1.0,2.0,3.0,1.0,2.0,2.0,0.0,0.0,0.0,0.0,0.0,Match Report,2020-03-08,18:00 (10:00),Bundesliga,Matchweek 25,Sun,Away,D,1,1,Mainz 05,10.0,6,3.0,5.0,2.0,1.0,7.0,14.3,6.0,3.0,0.0,3.0,9,19,9.0,0.0,Match Report,2020-03-08,18:00 (10:00),Bundesliga,Matchweek 25,Sun,Away,D,1,1,Mainz 05,64.0,716.0,36.0,194.0,325.0,200.0,22.0,716.0,11.0,5.0,45.5,6.0,54.5,329.0,1535.0,689.0,12.0,7.0,2.0,20.0,8.0,492.0,59.0,Match Report,2020-03-08,18:00 (10:00),Bundesliga,Matchweek 25,Sun,Away,D,1,1,Mainz 05,1,0,0,11,18,1,21,9,6,0.0,0.0,0,59.0,17.0,17.0,50.0,Match Report
2020-05-16,15:30 (06:30),Bundesliga,Matchweek 26,Sat,Home,D,0,0,Paderborn 07,0,10,1,10.0,0.0,0.0,18.7,0.0,0,0,1.1,1.1,0.11,-1.1,-1.1,Match Report,2020-05-16,15:30 (06:30),Bundesliga,Matchweek 26,Sat,Home,D,0,0,Paderborn 07,1,0,1,100.0,1,0.0,0.0,0,0,0,0,6.0,8.0,75.0,38.0,5.0,21.1,29.0,5.0,0.0,22.0,8.0,0.0,0.0,2.0,18.2,Match Report,2020-05-16,15:30 (06:30),Bundesliga,Matchweek 26,Sat,Home,D,0,0,Paderborn 07,475.0,573.0,82.9,9287.0,3582.0,184.0,207.0,88.9,212.0,238.0,89.1,66.0,94.0,70.2,0,1.1,1.2,9.0,26.0,9.0,4.0,35.0,Match Report,2020-05-16,15:30 (06:30),Bundesliga,Matchweek 26,Sat,Home,D,0,0,Paderborn 07,573.0,521.0,48.0,16.0,0.0,16.0,15,24.0,2.0,0.0,0.0,0.0,475.0,4.0,13.0,Match Report,2020-05-16,15:30 (06:30),Bundesliga,Matchweek 26,Sat,Home,D,0,0,Paderborn 07,19.0,13.0,1.0,3.0,0.0,2.0,0.0,0.0,0.0,0.0,0.0,0.0,0.0,0.0,Match Report,2020-05-16,15:30 (06:30),Bundesliga,Matchweek 26,Sat,Home,D,0,0,Paderborn 07,14.0,10,6.0,6.0,2.0,6.0,11.0,54.5,5.0,6.0,2.0,4.0,7,21,11.0,0.0,Match Report,2020-05-16,15:30 (06:30),Bundesliga,Matchweek 26,Sat,Home,D,0,0,Paderborn 07,54.0,653.0,66.0,298.0,259.0,101.0,15.0,653.0,8.0,4.0,50.0,4.0,50.0,313.0,1529.0,569.0,11.0,7.0,2.0,19.0,3.0,472.0,35.0,Match Report,2020-05-16,15:30 (06:30),Bundesliga,Matchweek 26,Sat,Home,D,0,0,Paderborn 07,2,0,0,15,16,4,15,7,10,0.0,0.0,0,51.0,11.0,10.0,52.4,Match Report
2020-05-24,18:00 (09:00),Bundesliga,Matchweek 27,Sun,Away,D,2,2,Köln,2,10,4,40.0,0.2,0.5,26.9,0.0,0,0,0.4,0.4,0.04,1.6,1.6,Match Report,2020-05-24,18:00 (09:00),Bundesliga,Matchweek 27,Sun,Away,D,2,2,Köln,6,2,3,66.7,0,1.9,-0.1,1,0,1,0,5.0,25.0,20.0,33.0,4.0,57.6,45.5,7.0,85.7,64.0,21.0,1.0,4.8,1.0,14.7,Match Report,2020-05-24,18:00 (09:00),Bundesliga,Matchweek 27,Sun,Away,D,2,2,Köln,241.0,384.0,62.8,4419.0,2280.0,111.0,141.0,78.7,98.0,133.0,73.7,25.0,86.0,29.1,2,0.3,0.3,8.0,22.0,6.0,0.0,33.0,Match Report,2020-05-24,18:00 (09:00),Bundesliga,Matchweek 27,Sun,Away,D,2,2,Köln,384.0,312.0,72.0,22.0,0.0,2.0,14,38.0,2.0,0.0,0.0,0.0,241.0,0.0,9.0,Match Report,2020-05-24,18:00 (09:00),Bundesliga,Matchweek 27,Sun,Away,D,2,2,Köln,16.0,13.0,1.0,0.0,1.0,1.0,0.0,4.0,4.0,0.0,0.0,0.0,0.0,0.0,Match Report,2020-05-24,18:00 (09:00),Bundesliga,Matchweek 27,Sun,Away,D,2,2,Köln,10.0,5,3.0,7.0,0.0,1.0,12.0,8.3,11.0,8.0,3.0,5.0,8,18,19.0,0.0,Match Report,2020-05-24,18:00 (09:00),Bundesliga,Matchweek 27,Sun,Away,D,2,2,Köln,40.0,473.0,60.0,193.0,155.0,128.0,11.0,473.0,7.0,3.0,42.9,4.0,57.1,168.0,816.0,332.0,6.0,6.0,3.0,12.0,13.0,239.0,33.0,Match Report,2020-05-24,18:00 (09:00),Bundesliga,Matchweek 27,Sun,Away,D,2,2,Köln,1,0,0,17,19,0,14,8,5,0.0,1.0,0,47.0,24.0,38.0,38.7,Match Report
2020-05-27,20:30 (11:30),Bundesliga,Matchweek 28,Wed,Home,W,2,1,Schalke 04,2,13,7,53.8,0.15,0.29,21.0,2.0,0,0,1.5,1.5,0.11,0.5,0.5,Match Report,2020-05-27,20:30 (11:30),Bundesliga,Matchweek 28,Wed,Home,W,2,1,Schalke 04,3,1,2,66.7,0,0.7,-0.3,0,0,0,0,5.0,13.0,38.5,25.0,4.0,44.0,37.3,4.0,50.0,45.3,12.0,2.0,16.7,0.0,10.8,Match Report,2020-05-27,20:30 (11:30),Bundesliga,Matchweek 28,Wed,Home,W,2,1,Schalke 04,497.0,632.0,78.6,9497.0,3080.0,185.0,222.0,83.3,234.0,269.0,87.0,61.0,107.0,57.0,0,0.5,0.4,7.0,29.0,4.0,1.0,38.0,Match Report,2020-05-27,20:30 (11:30),Bundesliga,Matchweek 28,Wed,Home,W,2,1,Schalke 04,632.0,573.0,58.0,12.0,0.0,4.0,20,33.0,7.0,0.0,1.0,0.0,497.0,1.0,10.0,Match Report,2020-05-27,20:30 (11:30),Bundesliga,Matchweek 28,Wed,Home,W,2,1,Schalke 04,21.0,14.0,2.0,0.0,2.0,2.0,1.0,3.0,1.0,1.0,0.0,1.0,0.0,0.0,Match Report,2020-05-27,20:30 (11:30),Bundesliga,Matchweek 28,Wed,Home,W,2,1,Schalke 04,13.0,10,5.0,6.0,2.0,6.0,19.0,31.6,13.0,10.0,2.0,8.0,9,22,23.0,0.0,Match Report,2020-05-27,20:30 (11:30),Bundesliga,Matchweek 28,Wed,Home,W,2,1,Schalke 04,66.0,735.0,46.0,200.0,389.0,153.0,13.0,735.0,8.0,5.0,62.5,3.0,37.5,339.0,1878.0,1027.0,11.0,11.0,4.0,16.0,11.0,496.0,38.0,Match Report,2020-05-27,20:30 (11:30),Bundesliga,Matchweek 28,Wed,Home,W,2,1,Schalke 04,3,0,0,10,13,1,20,9,10,0.0,0.0,0,47.0,23.0,34.0,40.4,Match Report
2020-05-30,18:30 (09:30),Bundesliga,Matchweek 29,Sat,Away,L,0,5,Bayern Munich,0,7,2,28.6,0.0,0.0,18.0,0.0,0,0,0.7,0.7,0.1,-0.7,-0.7,Match Report,2020-05-30,18:30 (09:30),Bundesliga,Matchweek 29,Sat,Away,L,0,5,Bayern Munich,8,5,4,37.5,0,2.4,-1.6,0,0,0,0,9.0,18.0,50.0,36.0,6.0,36.1,35.9,15.0,33.3,34.3,18.0,0.0,0.0,0.0,15.0,Match Report,2020-05-30,18:30 (09:30),Bundesliga,Matchweek 29,Sat,Away,L,0,5,Bayern Munich,245.0,339.0,72.3,4445.0,2048.0,108.0,132.0,81.8,92.0,116.0,79.3,33.0,63.0,52.4,0,0.6,0.4,5.0,15.0,3.0,2.0,15.0,Match Report,2020-05-30,18:30 (09:30),Bundesliga,Matchweek 29,Sat,Away,L,0,5,Bayern Munich,339.0,287.0,51.0,13.0,0.0,3.0,8,15.0,2.0,1.0,0.0,0.0,245.0,1.0,7.0,Match Report,2020-05-30,18:30 (09:30),Bundesliga,Matchweek 29,Sat,Away,L,0,5,Bayern Munich,13.0,9.0,1.0,1.0,2.0,0.0,0.0,0.0,0.0,0.0,0.0,0.0,0.0,0.0,Match Report,2020-05-30,18:30 (09:30),Bundesliga,Matchweek 29,Sat,Away,L,0,5,Bayern Munich,11.0,6,5.0,6.0,0.0,2.0,15.0,13.3,13.0,15.0,6.0,9.0,18,29,32.0,0.0,Match Report,2020-05-30,18:30 (09:30),Bundesliga,Matchweek 29,Sat,Away,L,0,5,Bayern Munich,31.0,453.0,119.0,274.0,135.0,47.0,7.0,453.0,13.0,8.0,61.5,5.0,38.5,173.0,1022.0,485.0,14.0,5.0,4.0,12.0,4.0,243.0,15.0,Match Report,2020-05-30,18:30 (09:30),Bundesliga,Matchweek 29,Sat,Away,L,0,5,Bayern Munich,2,0,0,10,9,1,8,18,6,0.0,0.0,1,44.0,14.0,8.0,63.6,Match Report
2020-06-06,15:30 (06:30),Bundesliga,Matchweek 30,Sat,Home,D,2,2,Hoffenheim,2,24,3,12.5,0.04,0.33,19.1,1.0,1,1,2.8,2.0,0.08,-0.8,-1.0,Match Report,2020-06-06,15:30 (06:30),Bundesliga,Matchweek 30,Sat,Home,D,2,2,Hoffenheim,3,2,1,33.3,0,1.3,-0.7,0,0,0,0,2.0,6.0,33.3,22.0,3.0,27.3,26.3,3.0,0.0,25.7,3.0,0.0,0.0,0.0,13.0,Match Report,2020-06-06,15:30 (06:30),Bundesliga,Matchweek 30,Sat,Home,D,2,2,Hoffenheim,569.0,692.0,82.2,10557.0,3042.0,248.0,278.0,89.2,238.0,277.0,85.9,71.0,113.0,62.8,1,1.6,1.9,15.0,73.0,12.0,4.0,79.0,Match Report,2020-06-06,15:30 (06:30),Bundesliga,Matchweek 30,Sat,Home,D,2,2,Hoffenheim,692.0,642.0,49.0,13.0,0.0,9.0,55,23.0,7.0,2.0,3.0,0.0,569.0,1.0,10.0,Match Report,2020-06-06,15:30 (06:30),Bundesliga,Matchweek 30,Sat,Home,D,2,2,Hoffenheim,40.0,31.0,2.0,2.0,3.0,2.0,0.0,3.0,2.0,0.0,0.0,0.0,1.0,0.0,Match Report,2020-06-06,15:30 (06:30),Bundesliga,Matchweek 30,Sat,Home,D,2,2,Hoffenheim,11.0,6,3.0,2.0,6.0,4.0,7.0,57.1,3.0,11.0,0.0,11.0,6,17,6.0,0.0,Match Report,2020-06-06,15:30 (06:30),Bundesliga,Matchweek 30,Sat,Home,D,2,2,Hoffenheim,68.0,781.0,30.0,92.0,359.0,334.0,31.0,780.0,13.0,5.0,38.5,8.0,61.5,453.0,2917.0,1532.0,27.0,28.0,3.0,8.0,4.0,567.0,79.0,Match Report,2020-06-06,15:30 (06:30),Bundesliga,Matchweek 30,Sat,Home,D,2,2,Hoffenheim,4,0,0,13,13,1,55,6,6,1.0,0.0,0,53.0,17.0,13.0,56.7,Match Report
2020-06-13,15:30 (06:30),Bundesliga,Matchweek 31,Sat,Home,L,0,1,Dortmund,0,6,3,50.0,0.0,0.0,22.2,0.0,0,0,0.3,0.3,0.05,-0.3,-0.3,Match Report,2020-06-13,15:30 (06:30),Bundesliga,Matchweek 31,Sat,Home,L,0,1,Dortmund,3,1,2,66.7,0,1.3,0.3,0,0,0,0,10.0,20.0,50.0,32.0,2.0,59.4,45.1,3.0,33.3,24.3,5.0,0.0,0.0,0.0,14.0,Match Report,2020-06-13,15:30 (06:30),Bundesliga,Matchweek 31,Sat,Home,L,0,1,Dortmund,362.0,461.0,78.5,6530.0,2459.0,150.0,165.0,90.9,166.0,189.0,87.8,33.0,73.0,45.2,0,0.2,0.4,4.0,22.0,1.0,0.0,28.0,Match Report,2020-06-13,15:30 (06:30),Bundesliga,Matchweek 31,Sat,Home,L,0,1,Dortmund,461.0,418.0,42.0,16.0,1.0,2.0,17,15.0,6.0,1.0,3.0,0.0,362.0,1.0,9.0,Match Report,2020-06-13,15:30 (06:30),Bundesliga,Matchweek 31,Sat,Home,L,0,1,Dortmund,9.0,9.0,0.0,0.0,0.0,0.0,0.0,0.0,0.0,0.0,0.0,0.0,0.0,0.0,Match Report,2020-06-13,15:30 (06:30),Bundesliga,Matchweek 31,Sat,Home,L,0,1,Dortmund,16.0,9,9.0,7.0,0.0,6.0,16.0,37.5,10.0,7.0,1.0,6.0,22,38,9.0,0.0,Match Report,2020-06-13,15:30 (06:30),Bundesliga,Matchweek 31,Sat,Home,L,0,1,Dortmund,38.0,557.0,51.0,199.0,268.0,93.0,6.0,557.0,10.0,2.0,20.0,8.0,80.0,317.0,1241.0,493.0,5.0,6.0,1.0,13.0,7.0,357.0,28.0,Match Report,2020-06-13,15:30 (06:30),Bundesliga,Matchweek 31,Sat,Home,L,0,1,Dortmund,1,0,0,6,13,1,17,22,9,0.0,0.0,0,58.0,12.0,10.0,54.5,Match Report
2020-06-17,20:30 (11:30),Bundesliga,Matchweek 32,Wed,Away,D,2,2,RB Leipzig,2,12,2,16.7,0.17,1.0,18.7,0.0,0,0,0.9,0.9,0.08,1.1,1.1,Match Report,2020-06-17,20:30 (11:30),Bundesliga,Matchweek 32,Wed,Away,D,2,2,RB Leipzig,5,2,3,60.0,0,2.0,0.0,0,0,0,0,16.0,30.0,53.3,33.0,3.0,75.8,51.3,7.0,71.4,51.3,13.0,1.0,7.7,1.0,11.2,Match Report,2020-06-17,20:30 (11:30),Bundesliga,Matchweek 32,Wed,Away,D,2,2,RB Leipzig,208.0,325.0,64.0,4264.0,2110.0,98.0,122.0,80.3,66.0,96.0,68.8,40.0,82.0,48.8,2,0.8,0.6,8.0,27.0,5.0,1.0,24.0,Match Report,2020-06-17,20:30 (11:30),Bundesliga,Matchweek 32,Wed,Away,D,2,2,RB Leipzig,325.0,275.0,47.0,11.0,0.0,7.0,16,24.0,2.0,1.0,1.0,0.0,208.0,3.0,9.0,Match Report,2020-06-17,20:30 (11:30),Bundesliga,Matchweek 32,Wed,Away,D,2,2,RB Leipzig,21.0,13.0,2.0,1.0,2.0,1.0,2.0,3.0,1.0,1.0,0.0,1.0,0.0,0.0,Match Report,2020-06-17,20:30 (11:30),Bundesliga,Matchweek 32,Wed,Away,D,2,2,RB Leipzig,19.0,11,10.0,8.0,1.0,8.0,13.0,61.5,5.0,14.0,2.0,12.0,20,39,15.0,0.0,Match Report,2020-06-17,20:30 (11:30),Bundesliga,Matchweek 32,Wed,Away,D,2,2,RB Leipzig,29.0,436.0,53.0,162.0,163.0,114.0,18.0,436.0,7.0,3.0,42.9,4.0,57.1,212.0,1101.0,404.0,11.0,6.0,1.0,12.0,11.0,206.0,24.0,Match Report,2020-06-17,20:30 (11:30),Bundesliga,Matchweek 32,Wed,Away,D,2,2,RB Leipzig,0,0,0,7,6,3,16,20,11,0.0,0.0,0,54.0,16.0,12.0,57.1,Match Report
2020-06-20,15:30 (06:30),Bundesliga,Matchweek 33,Sat,Home,D,1,1,Augsburg,1,8,2,25.0,0.13,0.5,16.4,0.0,0,0,0.5,0.5,0.06,0.5,0.5,Match Report,2020-06-20,15:30 (06:30),Bundesliga,Matchweek 33,Sat,Home,D,1,1,Augsburg,3,1,2,66.7,0,0.8,-0.2,0,0,0,0,9.0,21.0,42.9,29.0,1.0,55.2,45.2,8.0,62.5,46.0,7.0,0.0,0.0,1.0,16.3,Match Report,2020-06-20,15:30 (06:30),Bundesliga,Matchweek 33,Sat,Home,D,1,1,Augsburg,406.0,522.0,77.8,8164.0,3142.0,155.0,187.0,82.9,180.0,207.0,87.0,66.0,111.0,59.5,1,0.3,0.3,5.0,42.0,1.0,0.0,42.0,Match Report,2020-06-20,15:30 (06:30),Bundesliga,Matchweek 33,Sat,Home,D,1,1,Augsburg,522.0,475.0,47.0,14.0,0.0,5.0,27,18.0,5.0,4.0,1.0,0.0,406.0,0.0,7.0,Match Report,2020-06-20,15:30 (06:30),Bundesliga,Matchweek 33,Sat,Home,D,1,1,Augsburg,13.0,6.0,2.0,2.0,1.0,2.0,0.0,1.0,1.0,0.0,0.0,0.0,0.0,0.0,Match Report,2020-06-20,15:30 (06:30),Bundesliga,Matchweek 33,Sat,Home,D,1,1,Augsburg,16.0,10,6.0,7.0,3.0,8.0,15.0,53.3,7.0,9.0,4.0,5.0,7,23,3.0,0.0,Match Report,2020-06-20,15:30 (06:30),Bundesliga,Matchweek 33,Sat,Home,D,1,1,Augsburg,56.0,603.0,44.0,184.0,313.0,113.0,8.0,603.0,7.0,6.0,85.7,1.0,14.3,301.0,1425.0,599.0,11.0,5.0,2.0,13.0,12.0,404.0,42.0,Match Report,2020-06-20,15:30 (06:30),Bundesliga,Matchweek 33,Sat,Home,D,1,1,Augsburg,1,0,0,14,11,0,27,7,10,0.0,0.0,0,52.0,16.0,23.0,41.0,Match Report
2020-06-27,15:30 (06:30),Bundesliga,Matchweek 34,Sat,Away,L,0,3,Union Berlin,0,27,2,7.4,0.0,0.0,20.0,0.0,0,0,1.2,1.2,0.04,-1.2,-1.2,Match Report,2020-06-27,15:30 (06:30),Bundesliga,Matchweek 34,Sat,Away,L,0,3,Union Berlin,5,3,2,40.0,0,2.1,-0.9,0,0,0,0,3.0,9.0,33.3,32.0,8.0,25.0,27.1,7.0,14.3,30.9,12.0,0.0,0.0,2.0,24.3,Match Report,2020-06-27,15:30 (06:30),Bundesliga,Matchweek 34,Sat,Away,L,0,3,Union Berlin,405.0,532.0,76.1,7493.0,2879.0,164.0,192.0,85.4,188.0,222.0,84.7,46.0,95.0,48.4,0,1.0,1.1,22.0,33.0,8.0,3.0,54.0,Match Report,2020-06-27,15:30 (06:30),Bundesliga,Matchweek 34,Sat,Away,L,0,3,Union Berlin,532.0,466.0,65.0,17.0,0.0,6.0,40,27.0,10.0,0.0,10.0,0.0,405.0,1.0,7.0,Match Report,2020-06-27,15:30 (06:30),Bundesliga,Matchweek 34,Sat,Away,L,0,3,Union Berlin,44.0,24.0,10.0,4.0,1.0,4.0,1.0,0.0,0.0,0.0,0.0,0.0,0.0,0.0,Match Report,2020-06-27,15:30 (06:30),Bundesliga,Matchweek 34,Sat,Away,L,0,3,Union Berlin,15.0,10,6.0,5.0,4.0,9.0,15.0,60.0,6.0,11.0,2.0,9.0,11,26,21.0,2.0,Match Report,2020-06-27,15:30 (06:30),Bundesliga,Matchweek 34,Sat,Away,L,0,3,Union Berlin,57.0,649.0,44.0,169.0,304.0,186.0,32.0,649.0,18.0,15.0,83.3,3.0,16.7,365.0,2445.0,1362.0,29.0,20.0,5.0,10.0,14.0,398.0,54.0,Match Report,2020-06-27,15:30 (06:30),Bundesliga,Matchweek 34,Sat,Away,L,0,3,Union Berlin,1,0,0,6,15,1,40,11,10,0.0,0.0,0,64.0,37.0,21.0,63.8,Match Report
,,,,,,--,,,,47,523,153,29.3,0.08,0.27,20.0,20.0,5,6,,,0.08,47.0,42.0,,,,,,,,--,,,,193,72,125,65.3,4,57.7,-5.3,7,5,2,0,244.0,583.0,41.9,981.0,159.0,43.5,37.5,256.0,60.9,48.5,471.0,20.0,4.2,36.0,14.4,,,,,,,,--,,,,11367.0,15164.0,75.0,222976.0,87520.0,4518.0,5356.0,84.4,4852.0,5895.0,82.3,1737.0,3065.0,56.7,32,,,297.0,902.0,213.0,75.0,1268.0,,,,,,,,--,,,,15164.0,13381.0,1727.0,493.0,19.0,225.0,838,730.0,148.0,27.0,98.0,0.0,11367.0,56.0,296.0,,,,,,,,--,,,,747.0,491.0,89.0,52.0,41.0,59.0,15.0,64.0,45.0,7.0,4.0,4.0,4.0,0.0,,,,,,,,--,,,,496.0,349,244.0,199.0,53.0,200.0,540.0,37.0,340.0,350.0,105.0,245.0,419,872,610.0,9.0,,,,,,,,--,,,,,18732.0,2030.0,6468.0,8196.0,4250.0,542.0,18728.0,453.0,257.0,56.7,196.0,43.3,9240.0,50961.0,25340.0,487.0,352.0,97.0,476.0,272.0,11271.0,1256.0,,,,,,,,--,,,,94,0,0,461,482,66,838,419,349,3.0,5.0,4,1737.0,583.0,649.0,47.3,
