For Cádiz_Date,For Cádiz_Time,For Cádiz_Comp,For Cádiz_Round,For Cádiz_Day,For Cádiz_Venue,For Cádiz_Result,For Cádiz_GF,For Cádiz_GA,For Cádiz_Opponent,Standard_Gls,Standard_Sh,Standard_SoT,Standard_SoT%,Standard_G/Sh,Standard_G/SoT,Standard_Dist,Standard_FK,Standard_PK,Standard_PKatt,Expected_xG,Expected_npxG,Expected_npxG/Sh,Expected_G-xG,Expected_np:G-xG,Match Report,For Cádiz_Date,For Cádiz_Time,For Cádiz_Comp,For Cádiz_Round,For Cádiz_Day,For Cádiz_Venue,For Cádiz_Result,For Cádiz_GF,For Cádiz_GA,For Cádiz_Opponent,Performance_SoTA,Performance_GA,Performance_Saves,Performance_Save%,Performance_CS,Performance_PSxG,Performance_PSxG+/-,Penalty Kicks_PKatt,Penalty Kicks_PKA,Penalty Kicks_PKsv,Penalty Kicks_PKm,Launched_Cmp,Launched_Att,Launched_Cmp%,Passes_Att (GK),Passes_Thr,Passes_Launch%,Passes_AvgLen,Goal Kicks_Att,Goal Kicks_Launch%,Goal Kicks_AvgLen,Crosses_Opp,Crosses_Stp,Crosses_Stp%,Sweeper_#OPA,Sweeper_AvgDist,Match Report,For Cádiz_Date,For Cádiz_Time,For Cádiz_Comp,For Cádiz_Round,For Cádiz_Day,For Cádiz_Venue,For Cádiz_Result,For Cádiz_GF,For Cádiz_GA,For Cádiz_Opponent,Total_Cmp,Total_Att,Total_Cmp%,Total_TotDist,Total_PrgDist,Short_Cmp,Short_Att,Short_Cmp%,Medium_Cmp,Medium_Att,Medium_Cmp%,Long_Cmp,Long_Att,Long_Cmp%,Ast,xAG,xA,KP,1/3,PPA,CrsPA,PrgP,Match Report,For Cádiz_Date,For Cádiz_Time,For Cádiz_Comp,For Cádiz_Round,For Cádiz_Day,For Cádiz_Venue,For Cádiz_Result,For Cádiz_GF,For Cádiz_GA,For Cádiz_Opponent,For Cádiz_Att,Pass Types_Live,Pass Types_Dead,Pass Types_FK,Pass Types_TB,Pass Types_Sw,Pass Types_Crs,Pass Types_TI,Pass Types_CK,Corner Kicks_In,Corner Kicks_Out,Corner Kicks_Str,Outcomes_Cmp,Outcomes_Off,Outcomes_Blocks,Match Report,For Cádiz_Date,For Cádiz_Time,For Cádiz_Comp,For Cádiz_Round,For Cádiz_Day,For Cádiz_Venue,For Cádiz_Result,For Cádiz_GF,For Cádiz_GA,For Cádiz_Opponent,SCA Types_SCA,SCA Types_PassLive,SCA Types_PassDead,SCA Types_TO,SCA Types_Sh,SCA Types_Fld,SCA Types_Def,GCA Types_GCA,GCA Types_PassLive,GCA Types_PassDead,GCA Types_TO,GCA Types_Sh,GCA Types_Fld,GCA Types_Def,Match Report,For Cádiz_Date,For Cádiz_Time,For Cádiz_Comp,For Cádiz_Round,For Cádiz_Day,For Cádiz_Venue,For Cádiz_Result,For Cádiz_GF,For Cádiz_GA,For Cádiz_Opponent,Tackles_Tkl,Tackles_TklW,Tackles_Def 3rd,Tackles_Mid 3rd,Tackles_Att 3rd,Challenges_Tkl,Challenges_Att,Challenges_Tkl%,Challenges_Lost,Blocks_Blocks,Blocks_Sh,Blocks_Pass,Int,Tkl+Int,Clr,Err,Match Report,For Cádiz_Date,For Cádiz_Time,For Cádiz_Comp,For Cádiz_Round,For Cádiz_Day,For Cádiz_Venue,For Cádiz_Result,For Cádiz_GF,For Cádiz_GA,For Cádiz_Opponent,For Cádiz_Poss,Touches_Touches,Touches_Def Pen,Touches_Def 3rd,Touches_Mid 3rd,Touches_Att 3rd,Touches_Att Pen,Touches_Live,Take-Ons_Att,Take-Ons_Succ,Take-Ons_Succ%,Take-Ons_Tkld,Take-Ons_Tkld%,Carries_Carries,Carries_TotDist,Carries_PrgDist,Carries_PrgC,Carries_1/3,Carries_CPA,Carries_Mis,Carries_Dis,Receiving_Rec,Receiving_PrgR,Match Report,For Cádiz_Date,For Cádiz_Time,For Cádiz_Comp,For Cádiz_Round,For Cádiz_Day,For Cádiz_Venue,For Cádiz_Result,For Cádiz_GF,For Cádiz_GA,For Cádiz_Opponent,Performance_CrdY,Performance_CrdR,Performance_2CrdY,Performance_Fls,Performance_Fld,Performance_Off,Performance_Crs,Performance_Int,Performance_TklW,Performance_PKwon,Performance_PKcon,Performance_OG,Performance_Recov,Aerial Duels_Won,Aerial Duels_Lost,Aerial Duels_Won%,Match Report
2020-09-12,21:00 (12:00),La Liga,Matchweek 1,Sat,Home,L,0,2,Osasuna,0,12,3,25.0,0.00,0.00,18.2,1,0,0,0.7,0.7,0.06,-0.7,-0.7,Match Report,2020-09-12,21:00 (12:00),La Liga,Matchweek 1,Sat,Home,L,0,2,Osasuna,4,2,2,50.0,0,1.2,-0.8,0,0,0,0,4,29,13.8,29,3,72.4,46.8,9,88.9,60.1,8,0,0.0,0,10.7,Match Report,2020-09-12,21:00 (12:00),La Liga,Matchweek 1,Sat,Home,L,0,2,Osasuna,266,408,65.2,4737,1961,116,146,79.5,97,135,71.9,35,97,36.1,0,0.6,0.6,10,17,8,3,34,Match Report,2020-09-12,21:00 (12:00),La Liga,Matchweek 1,Sat,Home,L,0,2,Osasuna,408,351,55,21,0,7,25,16,6,3,2,0,266,2,6,Match Report,2020-09-12,21:00 (12:00),La Liga,Matchweek 1,Sat,Home,L,0,2,Osasuna,22,15,3,1,1,2,0,0,0,0,0,0,0,0,Match Report,2020-09-12,21:00 (12:00),La Liga,Matchweek 1,Sat,Home,L,0,2,Osasuna,18,12,9,6,3,13,17,76.5,4,4,0,4,11,29,12,0,Match Report,2020-09-12,21:00 (12:00),La Liga,Matchweek 1,Sat,Home,L,0,2,Osasuna,52,514,46,176,238,107,18,514,17,11,64.7,6,35.3,247,1397,751,14,9,2,17,8,263,34,Match Report,2020-09-12,21:00 (12:00),La Liga,Matchweek 1,Sat,Home,L,0,2,Osasuna,2,0,0,14,21,2,25,11,12,0,0,0,59,24,39,38.1,Match Report
2020-09-20,16:00 (07:00),La Liga,Matchweek 2,Sun,Away,W,2,0,Huesca,2,6,4,66.7,0.33,0.50,18.6,0,0,0,1.2,1.2,0.20,+0.8,+0.8,Match Report,2020-09-20,16:00 (07:00),La Liga,Matchweek 2,Sun,Away,W,2,0,Huesca,1,0,0,100.0,1,0.2,+0.2,0,0,0,0,7,33,21.2,28,1,92.9,58.5,7,100.0,67.3,17,0,0.0,0,,Match Report,2020-09-20,16:00 (07:00),La Liga,Matchweek 2,Sun,Away,W,2,0,Huesca,160,270,59.3,3446,1465,62,82,75.6,69,93,74.2,29,88,33.0,1,0.7,0.2,4,15,2,1,14,Match Report,2020-09-20,16:00 (07:00),La Liga,Matchweek 2,Sun,Away,W,2,0,Huesca,270,219,51,22,1,4,14,20,1,0,0,0,160,0,5,Match Report,2020-09-20,16:00 (07:00),La Liga,Matchweek 2,Sun,Away,W,2,0,Huesca,12,6,1,2,0,1,2,4,3,0,1,0,0,0,Match Report,2020-09-20,16:00 (07:00),La Liga,Matchweek 2,Sun,Away,W,2,0,Huesca,18,11,9,8,1,3,14,21.4,11,11,1,10,15,33,15,0,Match Report,2020-09-20,16:00 (07:00),La Liga,Matchweek 2,Sun,Away,W,2,0,Huesca,30,371,44,146,168,64,7,371,18,9,50.0,9,50.0,171,1054,466,17,7,2,12,10,158,14,Match Report,2020-09-20,16:00 (07:00),La Liga,Matchweek 2,Sun,Away,W,2,0,Huesca,3,0,0,23,16,0,14,15,11,0,0,0,55,14,18,43.8,Match Report
2020-09-27,18:30 (09:30),La Liga,Matchweek 3,Sun,Home,L,1,3,Sevilla,1,12,5,41.7,0.08,0.20,20.6,0,0,0,1.1,1.1,0.09,-0.1,-0.1,Match Report,2020-09-27,18:30 (09:30),La Liga,Matchweek 3,Sun,Home,L,1,3,Sevilla,5,3,2,40.0,0,2.7,-0.3,0,0,0,0,15,27,55.6,25,2,76.0,49.1,8,100.0,59.0,15,0,0.0,4,27.0,Match Report,2020-09-27,18:30 (09:30),La Liga,Matchweek 3,Sun,Home,L,1,3,Sevilla,144,246,58.5,3146,1914,53,72,73.6,48,75,64.0,32,72,44.4,1,1.0,0.7,6,10,7,3,22,Match Report,2020-09-27,18:30 (09:30),La Liga,Matchweek 3,Sun,Home,L,1,3,Sevilla,246,200,46,16,0,6,23,12,6,4,2,0,144,0,5,Match Report,2020-09-27,18:30 (09:30),La Liga,Matchweek 3,Sun,Home,L,1,3,Sevilla,20,13,2,2,2,1,0,2,2,0,0,0,0,0,Match Report,2020-09-27,18:30 (09:30),La Liga,Matchweek 3,Sun,Home,L,1,3,Sevilla,19,12,10,9,0,11,18,61.1,7,6,1,5,10,29,16,0,Match Report,2020-09-27,18:30 (09:30),La Liga,Matchweek 3,Sun,Home,L,1,3,Sevilla,25,344,48,135,110,107,20,344,12,10,83.3,2,16.7,142,677,351,10,9,4,14,5,143,22,Match Report,2020-09-27,18:30 (09:30),La Liga,Matchweek 3,Sun,Home,L,1,3,Sevilla,4,0,0,9,13,0,23,10,12,0,0,0,45,19,15,55.9,Match Report
2020-10-01,19:00 (10:00),La Liga,Matchweek 4,Thu,Away,W,1,0,Athletic Club,0,3,1,33.3,0.00,0.00,15.5,0,0,0,0.2,0.2,0.08,-0.2,-0.2,Match Report,2020-10-01,19:00 (10:00),La Liga,Matchweek 4,Thu,Away,W,1,0,Athletic Club,4,0,4,100.0,1,0.5,+0.5,0,0,0,0,15,39,38.5,30,0,80.0,51.9,16,93.8,67.1,25,3,12.0,2,14.5,Match Report,2020-10-01,19:00 (10:00),La Liga,Matchweek 4,Thu,Away,W,1,0,Athletic Club,138,232,59.5,2997,1931,54,77,70.1,32,49,65.3,33,73,45.2,0,0.1,0.1,2,12,5,0,17,Match Report,2020-10-01,19:00 (10:00),La Liga,Matchweek 4,Thu,Away,W,1,0,Athletic Club,232,177,53,21,0,3,6,13,2,2,0,0,138,2,5,Match Report,2020-10-01,19:00 (10:00),La Liga,Matchweek 4,Thu,Away,W,1,0,Athletic Club,5,3,1,0,0,0,1,0,0,0,0,0,0,0,Match Report,2020-10-01,19:00 (10:00),La Liga,Matchweek 4,Thu,Away,W,1,0,Athletic Club,14,5,7,4,3,4,18,22.2,14,10,2,8,11,25,31,0,Match Report,2020-10-01,19:00 (10:00),La Liga,Matchweek 4,Thu,Away,W,1,0,Athletic Club,28,347,76,162,120,71,10,347,9,4,44.4,5,55.6,147,938,338,4,5,1,21,3,136,17,Match Report,2020-10-01,19:00 (10:00),La Liga,Matchweek 4,Thu,Away,W,1,0,Athletic Club,5,2,2,16,13,2,6,11,5,0,0,0,32,16,20,44.4,Match Report
2020-10-04,18:30 (09:30),La Liga,Matchweek 5,Sun,Home,D,1,1,Granada,1,14,4,28.6,0.07,0.25,19.8,2,0,0,1.0,1.0,0.08,0.0,0.0,Match Report,2020-10-04,18:30 (09:30),La Liga,Matchweek 5,Sun,Home,D,1,1,Granada,5,1,4,80.0,0,1.4,+0.4,0,0,0,0,7,16,43.8,18,1,72.2,47.1,4,75.0,59.0,17,0,0.0,0,10.3,Match Report,2020-10-04,18:30 (09:30),La Liga,Matchweek 5,Sun,Home,D,1,1,Granada,247,341,72.4,4747,2103,97,114,85.1,112,142,78.9,30,61,49.2,1,0.8,0.4,8,16,8,6,27,Match Report,2020-10-04,18:30 (09:30),La Liga,Matchweek 5,Sun,Home,D,1,1,Granada,341,299,42,15,0,2,15,19,2,1,1,0,247,0,6,Match Report,2020-10-04,18:30 (09:30),La Liga,Matchweek 5,Sun,Home,D,1,1,Granada,23,13,2,1,3,3,1,1,0,0,0,1,0,0,Match Report,2020-10-04,18:30 (09:30),La Liga,Matchweek 5,Sun,Home,D,1,1,Granada,17,11,11,4,2,8,21,38.1,13,10,4,6,14,31,20,0,Match Report,2020-10-04,18:30 (09:30),La Liga,Matchweek 5,Sun,Home,D,1,1,Granada,42,472,51,177,179,122,16,472,19,12,63.2,7,36.8,229,1198,540,11,13,0,19,16,244,26,Match Report,2020-10-04,18:30 (09:30),La Liga,Matchweek 5,Sun,Home,D,1,1,Granada,2,0,0,16,15,0,15,14,11,0,0,0,60,20,13,60.6,Match Report
2020-10-17,18:30 (09:30),La Liga,Matchweek 6,Sat,Away,W,1,0,Real Madrid,1,14,4,28.6,0.07,0.25,14.9,0,0,0,1.6,1.6,0.12,-0.6,-0.6,Match Report,2020-10-17,18:30 (09:30),La Liga,Matchweek 6,Sat,Away,W,1,0,Real Madrid,2,0,2,100.0,1,0.1,+0.1,0,0,0,0,17,41,41.5,23,0,100.0,63.3,18,100.0,69.8,24,3,12.5,0,7.3,Match Report,2020-10-17,18:30 (09:30),La Liga,Matchweek 6,Sat,Away,W,1,0,Real Madrid,133,239,55.6,3512,2233,49,61,80.3,38,65,58.5,44,97,45.4,1,1.3,0.7,11,16,8,6,14,Match Report,2020-10-17,18:30 (09:30),La Liga,Matchweek 6,Sat,Away,W,1,0,Real Madrid,239,182,56,13,1,4,26,13,11,7,4,0,133,1,10,Match Report,2020-10-17,18:30 (09:30),La Liga,Matchweek 6,Sat,Away,W,1,0,Real Madrid,20,14,4,1,1,0,0,2,2,0,0,0,0,0,Match Report,2020-10-17,18:30 (09:30),La Liga,Matchweek 6,Sat,Away,W,1,0,Real Madrid,14,8,9,4,1,5,18,27.8,13,8,2,6,17,31,26,0,Match Report,2020-10-17,18:30 (09:30),La Liga,Matchweek 6,Sat,Away,W,1,0,Real Madrid,25,346,84,157,102,90,16,346,5,2,40.0,3,60.0,97,580,244,5,6,1,15,6,129,14,Match Report,2020-10-17,18:30 (09:30),La Liga,Matchweek 6,Sat,Away,W,1,0,Real Madrid,0,0,0,5,7,1,26,17,8,0,0,0,44,19,15,55.9,Match Report
2020-10-25,16:00 (08:00),La Liga,Matchweek 7,Sun,Home,D,0,0,Villarreal,0,5,0,0.0,0.00,,18.6,0,0,0,0.2,0.2,0.05,-0.2,-0.2,Match Report,2020-10-25,16:00 (08:00),La Liga,Matchweek 7,Sun,Home,D,0,0,Villarreal,2,0,2,100.0,1,0.1,+0.1,0,0,0,0,5,25,20.0,24,3,75.0,48.3,7,100.0,64.6,16,1,6.3,2,17.0,Match Report,2020-10-25,16:00 (08:00),La Liga,Matchweek 7,Sun,Home,D,0,0,Villarreal,166,265,62.6,3093,1184,82,101,81.2,53,81,65.4,28,73,38.4,0,0.2,0.2,3,9,6,3,13,Match Report,2020-10-25,16:00 (08:00),La Liga,Matchweek 7,Sun,Home,D,0,0,Villarreal,265,222,42,9,0,5,17,25,0,0,0,0,166,1,3,Match Report,2020-10-25,16:00 (08:00),La Liga,Matchweek 7,Sun,Home,D,0,0,Villarreal,9,7,1,0,0,1,0,0,0,0,0,0,0,0,Match Report,2020-10-25,16:00 (08:00),La Liga,Matchweek 7,Sun,Home,D,0,0,Villarreal,10,5,6,3,1,2,10,20.0,8,11,2,9,11,21,21,0,Match Report,2020-10-25,16:00 (08:00),La Liga,Matchweek 7,Sun,Home,D,0,0,Villarreal,25,350,57,130,137,85,11,350,10,5,50.0,5,50.0,155,968,450,10,9,1,16,8,166,13,Match Report,2020-10-25,16:00 (08:00),La Liga,Matchweek 7,Sun,Home,D,0,0,Villarreal,2,0,0,14,6,1,17,11,5,0,0,0,36,15,14,51.7,Match Report
2020-10-30,21:00 (13:00),La Liga,Matchweek 8,Fri,Away,W,2,0,Eibar,2,6,4,66.7,0.33,0.50,16.9,0,0,0,1.0,1.0,0.16,+1.0,+1.0,Match Report,2020-10-30,21:00 (13:00),La Liga,Matchweek 8,Fri,Away,W,2,0,Eibar,3,0,3,100.0,1,0.6,+0.6,0,0,0,0,13,29,44.8,22,0,95.5,55.1,9,88.9,53.8,29,1,3.4,0,5.3,Match Report,2020-10-30,21:00 (13:00),La Liga,Matchweek 8,Fri,Away,W,2,0,Eibar,127,279,45.5,3053,1831,43,78,55.1,45,90,50.0,34,96,35.4,2,1.0,0.5,5,13,4,0,16,Match Report,2020-10-30,21:00 (13:00),La Liga,Matchweek 8,Fri,Away,W,2,0,Eibar,279,227,50,11,1,8,9,27,2,1,1,0,127,2,3,Match Report,2020-10-30,21:00 (13:00),La Liga,Matchweek 8,Fri,Away,W,2,0,Eibar,9,7,1,0,0,0,1,3,3,0,0,0,0,0,Match Report,2020-10-30,21:00 (13:00),La Liga,Matchweek 8,Fri,Away,W,2,0,Eibar,16,10,9,6,1,9,16,56.3,7,11,1,10,13,29,29,0,Match Report,2020-10-30,21:00 (13:00),La Liga,Matchweek 8,Fri,Away,W,2,0,Eibar,28,403,71,197,146,66,12,403,9,1,11.1,8,88.9,157,946,372,7,4,0,20,5,125,15,Match Report,2020-10-30,21:00 (13:00),La Liga,Matchweek 8,Fri,Away,W,2,0,Eibar,1,0,0,10,10,2,9,13,10,0,0,0,62,24,29,45.3,Match Report
2020-11-07,21:00 (12:00),La Liga,Matchweek 9,Sat,Away,L,0,4,Atlético Madrid,0,10,3,30.0,0.00,0.00,23.9,0,0,0,0.4,0.4,0.04,-0.4,-0.4,Match Report,2020-11-07,21:00 (12:00),La Liga,Matchweek 9,Sat,Away,L,0,4,Atlético Madrid,7,4,3,42.9,0,2.9,-1.1,0,0,0,0,8,18,44.4,23,4,65.2,42.3,3,100.0,63.0,4,1,25.0,0,11.0,Match Report,2020-11-07,21:00 (12:00),La Liga,Matchweek 9,Sat,Away,L,0,4,Atlético Madrid,281,392,71.7,5543,1895,117,138,84.8,118,149,79.2,42,87,48.3,0,0.3,0.3,5,29,2,1,30,Match Report,2020-11-07,21:00 (12:00),La Liga,Matchweek 9,Sat,Away,L,0,4,Atlético Madrid,392,345,46,13,0,12,32,18,7,2,5,0,281,1,8,Match Report,2020-11-07,21:00 (12:00),La Liga,Matchweek 9,Sat,Away,L,0,4,Atlético Madrid,20,12,2,3,0,2,1,0,0,0,0,0,0,0,Match Report,2020-11-07,21:00 (12:00),La Liga,Matchweek 9,Sat,Away,L,0,4,Atlético Madrid,19,9,10,7,2,3,11,27.3,8,7,5,2,12,31,10,2,Match Report,2020-11-07,21:00 (12:00),La Liga,Matchweek 9,Sat,Away,L,0,4,Atlético Madrid,33,468,44,147,224,104,9,468,17,12,70.6,5,29.4,233,1482,861,14,9,4,6,7,280,29,Match Report,2020-11-07,21:00 (12:00),La Liga,Matchweek 9,Sat,Away,L,0,4,Atlético Madrid,1,0,0,9,9,1,32,12,9,0,0,0,53,9,18,33.3,Match Report
2020-11-22,16:15 (07:15),La Liga,Matchweek 10,Sun,Home,L,0,1,Real Sociedad,0,2,0,0.0,0.00,,26.2,1,0,0,0.1,0.1,0.04,-0.1,-0.1,Match Report,2020-11-22,16:15 (07:15),La Liga,Matchweek 10,Sun,Home,L,0,1,Real Sociedad,3,1,2,66.7,0,0.3,-0.7,0,0,0,0,10,24,41.7,20,2,75.0,52.4,9,100.0,64.9,16,0,0.0,0,5.5,Match Report,2020-11-22,16:15 (07:15),La Liga,Matchweek 10,Sun,Home,L,0,1,Real Sociedad,177,289,61.2,3399,1669,69,95,72.6,71,92,77.2,25,66,37.9,0,0.0,0.1,0,19,0,0,21,Match Report,2020-11-22,16:15 (07:15),La Liga,Matchweek 10,Sun,Home,L,0,1,Real Sociedad,289,231,55,17,0,0,12,26,1,1,0,0,177,3,12,Match Report,2020-11-22,16:15 (07:15),La Liga,Matchweek 10,Sun,Home,L,0,1,Real Sociedad,3,1,0,0,0,1,1,0,0,0,0,0,0,0,Match Report,2020-11-22,16:15 (07:15),La Liga,Matchweek 10,Sun,Home,L,0,1,Real Sociedad,27,15,15,11,1,13,19,68.4,6,10,4,6,12,39,17,0,Match Report,2020-11-22,16:15 (07:15),La Liga,Matchweek 10,Sun,Home,L,0,1,Real Sociedad,33,391,53,140,176,79,2,391,13,8,61.5,5,38.5,181,940,369,9,6,3,14,8,176,21,Match Report,2020-11-22,16:15 (07:15),La Liga,Matchweek 10,Sun,Home,L,0,1,Real Sociedad,2,0,0,14,13,3,12,12,15,0,0,0,42,15,14,51.7,Match Report
2020-11-28,14:00 (05:00),La Liga,Matchweek 11,Sat,Away,D,1,1,Elche,1,6,2,33.3,0.17,0.50,18.1,0,0,0,0.5,0.5,0.09,+0.5,+0.5,Match Report,2020-11-28,14:00 (05:00),La Liga,Matchweek 11,Sat,Away,D,1,1,Elche,3,1,2,66.7,0,0.8,-0.2,0,0,0,0,7,19,36.8,23,2,60.9,42.3,6,83.3,57.8,5,0,0.0,0,,Match Report,2020-11-28,14:00 (05:00),La Liga,Matchweek 11,Sat,Away,D,1,1,Elche,374,470,79.6,7295,2216,133,147,90.5,203,233,87.1,35,70,50.0,1,0.5,0.5,6,28,5,4,36,Match Report,2020-11-28,14:00 (05:00),La Liga,Matchweek 11,Sat,Away,D,1,1,Elche,470,422,48,16,0,2,35,15,9,1,5,0,374,0,10,Match Report,2020-11-28,14:00 (05:00),La Liga,Matchweek 11,Sat,Away,D,1,1,Elche,12,9,1,2,0,0,0,2,2,0,0,0,0,0,Match Report,2020-11-28,14:00 (05:00),La Liga,Matchweek 11,Sat,Away,D,1,1,Elche,16,10,5,9,2,5,13,38.5,8,3,0,3,13,29,7,0,Match Report,2020-11-28,14:00 (05:00),La Liga,Matchweek 11,Sat,Away,D,1,1,Elche,53,550,34,131,276,144,12,550,11,6,54.5,5,45.5,343,2012,1117,26,24,4,11,11,373,36,Match Report,2020-11-28,14:00 (05:00),La Liga,Matchweek 11,Sat,Away,D,1,1,Elche,2,0,0,15,15,0,35,13,10,0,0,0,48,9,26,25.7,Match Report
2020-12-05,21:00 (12:00),La Liga,Matchweek 12,Sat,Home,W,2,1,Barcelona,2,7,3,42.9,0.29,0.67,15.8,1,0,0,2.5,2.5,0.36,-0.5,-0.5,Match Report,2020-12-05,21:00 (12:00),La Liga,Matchweek 12,Sat,Home,W,2,1,Barcelona,8,1,8,87.5,0,1.8,+1.8,0,0,0,0,10,25,40.0,14,1,85.7,55.3,13,100.0,64.1,16,2,12.5,0,5.2,Match Report,2020-12-05,21:00 (12:00),La Liga,Matchweek 12,Sat,Home,W,2,1,Barcelona,116,204,56.9,2317,1411,54,74,73.0,36,52,69.2,17,54,31.5,0,0.8,0.3,2,10,2,0,15,Match Report,2020-12-05,21:00 (12:00),La Liga,Matchweek 12,Sat,Home,W,2,1,Barcelona,204,168,35,6,1,5,10,9,5,2,2,0,116,1,9,Match Report,2020-12-05,21:00 (12:00),La Liga,Matchweek 12,Sat,Home,W,2,1,Barcelona,8,5,1,0,1,1,0,2,1,1,0,0,0,0,Match Report,2020-12-05,21:00 (12:00),La Liga,Matchweek 12,Sat,Home,W,2,1,Barcelona,15,9,11,2,2,8,24,33.3,16,21,9,12,22,37,38,0,Match Report,2020-12-05,21:00 (12:00),La Liga,Matchweek 12,Sat,Home,W,2,1,Barcelona,18,350,91,191,97,77,10,350,14,8,57.1,6,42.9,133,1145,626,13,18,1,16,5,114,14,Match Report,2020-12-05,21:00 (12:00),La Liga,Matchweek 12,Sat,Home,W,2,1,Barcelona,0,0,0,10,7,1,10,22,9,0,0,1,47,9,18,33.3,Match Report
2020-12-14,21:00 (12:00),La Liga,Matchweek 13,Mon,Away,L,0,4,Celta Vigo,0,12,2,16.7,0.00,0.00,18.5,2,0,0,0.6,0.6,0.05,-0.6,-0.6,Match Report,2020-12-14,21:00 (12:00),La Liga,Matchweek 13,Mon,Away,L,0,4,Celta Vigo,4,4,0,25.0,0,1.7,-2.3,1,1,0,0,11,25,44.0,28,1,75.0,48.0,4,100.0,67.5,2,0,0.0,2,19.0,Match Report,2020-12-14,21:00 (12:00),La Liga,Matchweek 13,Mon,Away,L,0,4,Celta Vigo,283,385,73.5,5622,2269,106,129,82.2,130,158,82.3,42,79,53.2,0,0.4,0.5,6,29,5,2,33,Match Report,2020-12-14,21:00 (12:00),La Liga,Matchweek 13,Mon,Away,L,0,4,Celta Vigo,385,322,61,27,0,2,23,20,5,3,1,0,283,2,8,Match Report,2020-12-14,21:00 (12:00),La Liga,Matchweek 13,Mon,Away,L,0,4,Celta Vigo,21,9,3,1,1,4,3,0,0,0,0,0,0,0,Match Report,2020-12-14,21:00 (12:00),La Liga,Matchweek 13,Mon,Away,L,0,4,Celta Vigo,14,9,7,4,3,5,15,33.3,10,6,0,6,14,28,11,0,Match Report,2020-12-14,21:00 (12:00),La Liga,Matchweek 13,Mon,Away,L,0,4,Celta Vigo,39,485,30,121,245,126,16,485,19,14,73.7,5,26.3,212,1195,485,15,11,1,15,4,280,33,Match Report,2020-12-14,21:00 (12:00),La Liga,Matchweek 13,Mon,Away,L,0,4,Celta Vigo,1,0,0,9,23,2,23,14,9,0,1,0,50,21,13,61.8,Match Report
2020-12-17,19:00 (10:00),Copa del Rey,First round,Thu,Away,W,2,0,CD Ribadumia,2,,,,,,,,0,1,,,,,,Match Report,2020-12-17,19:00 (10:00),Copa del Rey,First round,Thu,Away,W,2,0,CD Ribadumia,,0,,,1,,,0,0,0,0,,,,,,,,,,,,,,,,Match Report,2020-12-17,19:00 (10:00),Copa del Rey,First round,Thu,Away,W,2,0,CD Ribadumia,,,,,,,,,,,,,,,1,,,,,,,,Match Report,2020-12-17,19:00 (10:00),Copa del Rey,First round,Thu,Away,W,2,0,CD Ribadumia,,,,,,,,,,,,,,,,Match Report,2020-12-17,19:00 (10:00),Copa del Rey,First round,Thu,Away,W,2,0,CD Ribadumia,,,,,,,,,,,,,,,Match Report,2020-12-17,19:00 (10:00),Copa del Rey,First round,Thu,Away,W,2,0,CD Ribadumia,,,,,,,,,,,,,,0,,,Match Report,2020-12-17,19:00 (10:00),Copa del Rey,First round,Thu,Away,W,2,0,CD Ribadumia,,,,,,,,,,,,,,,,,,,,,,,,Match Report,2020-12-17,19:00 (10:00),Copa del Rey,First round,Thu,Away,W,2,0,CD Ribadumia,0,0,0,,,,,,,,,0,,,,,Match Report
2020-12-20,18:30 (09:30),La Liga,Matchweek 14,Sun,Home,L,0,2,Getafe,0,8,1,12.5,0.00,0.00,23.2,2,0,0,0.4,0.4,0.05,-0.4,-0.4,Match Report,2020-12-20,18:30 (09:30),La Liga,Matchweek 14,Sun,Home,L,0,2,Getafe,4,2,2,50.0,0,1.2,-0.8,0,0,0,0,5,10,50.0,23,9,39.1,32.4,4,25.0,36.5,9,0,0.0,0,10.0,Match Report,2020-12-20,18:30 (09:30),La Liga,Matchweek 14,Sun,Home,L,0,2,Getafe,417,519,80.3,7202,2500,178,199,89.4,177,200,88.5,42,78,53.8,0,0.3,0.4,5,31,5,1,30,Match Report,2020-12-20,18:30 (09:30),La Liga,Matchweek 14,Sun,Home,L,0,2,Getafe,519,466,50,23,0,4,17,18,2,1,1,0,417,3,8,Match Report,2020-12-20,18:30 (09:30),La Liga,Matchweek 14,Sun,Home,L,0,2,Getafe,14,8,3,1,0,1,1,0,0,0,0,0,0,0,Match Report,2020-12-20,18:30 (09:30),La Liga,Matchweek 14,Sun,Home,L,0,2,Getafe,15,11,8,7,0,6,15,40.0,9,10,1,9,10,25,22,0,Match Report,2020-12-20,18:30 (09:30),La Liga,Matchweek 14,Sun,Home,L,0,2,Getafe,61,621,41,177,325,128,12,621,21,15,71.4,6,28.6,349,1760,913,16,13,3,16,9,412,30,Match Report,2020-12-20,18:30 (09:30),La Liga,Matchweek 14,Sun,Home,L,0,2,Getafe,2,0,0,8,22,3,17,10,11,0,0,0,38,25,20,55.6,Match Report
2020-12-23,22:00 (13:00),La Liga,Matchweek 15,Wed,Away,L,0,1,Betis,0,6,3,50.0,0.00,0.00,12.0,0,0,0,0.3,0.3,0.06,-0.3,-0.3,Match Report,2020-12-23,22:00 (13:00),La Liga,Matchweek 15,Wed,Away,L,0,1,Betis,1,1,0,0.0,0,0.5,-0.5,0,0,0,0,13,31,41.9,27,0,85.2,49.4,8,100.0,63.1,14,1,7.1,1,11.5,Match Report,2020-12-23,22:00 (13:00),La Liga,Matchweek 15,Wed,Away,L,0,1,Betis,157,287,54.7,3388,1710,55,90,61.1,62,93,66.7,34,88,38.6,0,0.2,0.2,4,18,3,1,17,Match Report,2020-12-23,22:00 (13:00),La Liga,Matchweek 15,Wed,Away,L,0,1,Betis,287,227,58,21,0,2,17,22,5,2,3,0,157,2,3,Match Report,2020-12-23,22:00 (13:00),La Liga,Matchweek 15,Wed,Away,L,0,1,Betis,12,9,1,1,1,0,0,0,0,0,0,0,0,0,Match Report,2020-12-23,22:00 (13:00),La Liga,Matchweek 15,Wed,Away,L,0,1,Betis,13,9,6,7,0,5,25,20.0,20,12,3,9,8,21,17,0,Match Report,2020-12-23,22:00 (13:00),La Liga,Matchweek 15,Wed,Away,L,0,1,Betis,29,375,53,147,167,64,8,375,6,4,66.7,2,33.3,143,733,372,10,7,1,8,10,156,17,Match Report,2020-12-23,22:00 (13:00),La Liga,Matchweek 15,Wed,Away,L,0,1,Betis,1,0,0,9,15,2,17,8,9,0,0,0,52,23,21,52.3,Match Report
2020-12-29,21:30 (12:30),La Liga,Matchweek 16,Tue,Home,D,0,0,Valladolid,0,8,3,37.5,0.00,0.00,16.0,1,0,0,0.7,0.7,0.09,-0.7,-0.7,Match Report,2020-12-29,21:30 (12:30),La Liga,Matchweek 16,Tue,Home,D,0,0,Valladolid,1,0,1,100.0,1,0.6,+0.6,0,0,0,0,13,29,44.8,25,0,92.0,54.3,6,100.0,66.7,17,2,11.8,0,6.0,Match Report,2020-12-29,21:30 (12:30),La Liga,Matchweek 16,Tue,Home,D,0,0,Valladolid,199,323,61.6,4156,2351,78,117,66.7,78,112,69.6,34,74,45.9,0,0.6,0.7,5,19,10,4,35,Match Report,2020-12-29,21:30 (12:30),La Liga,Matchweek 16,Tue,Home,D,0,0,Valladolid,323,271,52,16,0,2,14,28,1,0,1,0,199,0,6,Match Report,2020-12-29,21:30 (12:30),La Liga,Matchweek 16,Tue,Home,D,0,0,Valladolid,13,9,1,2,0,1,0,0,0,0,0,0,0,0,Match Report,2020-12-29,21:30 (12:30),La Liga,Matchweek 16,Tue,Home,D,0,0,Valladolid,18,8,4,9,5,6,17,35.3,11,7,3,4,12,30,28,0,Match Report,2020-12-29,21:30 (12:30),La Liga,Matchweek 16,Tue,Home,D,0,0,Valladolid,36,450,47,135,204,113,18,450,14,7,50.0,7,50.0,158,865,392,6,8,1,21,10,198,35,Match Report,2020-12-29,21:30 (12:30),La Liga,Matchweek 16,Tue,Home,D,0,0,Valladolid,3,0,0,14,11,0,14,12,8,0,0,0,57,31,37,45.6,Match Report
2021-01-04,21:00 (12:00),La Liga,Matchweek 17,Mon,Away,D,1,1,Valencia,1,9,2,22.2,0.11,0.50,12.0,0,0,0,0.8,0.8,0.09,+0.2,+0.2,Match Report,2021-01-04,21:00 (12:00),La Liga,Matchweek 17,Mon,Away,D,1,1,Valencia,4,1,3,75.0,0,0.7,-0.3,0,0,0,0,14,28,50.0,24,0,95.8,61.0,5,100.0,69.0,27,2,7.4,2,12.6,Match Report,2021-01-04,21:00 (12:00),La Liga,Matchweek 17,Mon,Away,D,1,1,Valencia,157,255,61.6,3546,2077,57,79,72.2,53,71,74.6,38,78,48.7,0,0.5,0.5,6,25,4,2,26,Match Report,2021-01-04,21:00 (12:00),La Liga,Matchweek 17,Mon,Away,D,1,1,Valencia,255,212,37,13,0,5,25,10,7,2,5,0,157,6,8,Match Report,2021-01-04,21:00 (12:00),La Liga,Matchweek 17,Mon,Away,D,1,1,Valencia,14,9,4,0,0,1,0,0,0,0,0,0,0,0,Match Report,2021-01-04,21:00 (12:00),La Liga,Matchweek 17,Mon,Away,D,1,1,Valencia,8,6,5,2,1,3,9,33.3,6,14,4,10,11,19,34,0,Match Report,2021-01-04,21:00 (12:00),La Liga,Matchweek 17,Mon,Away,D,1,1,Valencia,29,370,59,159,119,97,21,370,12,6,50.0,6,50.0,174,910,409,12,6,6,10,11,156,26,Match Report,2021-01-04,21:00 (12:00),La Liga,Matchweek 17,Mon,Away,D,1,1,Valencia,2,0,0,17,11,6,25,11,6,0,0,0,44,18,19,48.6,Match Report
2021-01-07,19:00 (10:00),Copa del Rey,Second round,Thu,Away,D,0 (5),0 (4),Pontevedra,0,19,5,26.3,0.00,0.00,,,0,0,,,,,,Match Report,2021-01-07,19:00 (10:00),Copa del Rey,Second round,Thu,Away,D,0 (5),0 (4),Pontevedra,4,0,4,100.0,1,,,0,0,0,0,,,,,,,,,,,,,,,,Match Report,2021-01-07,19:00 (10:00),Copa del Rey,Second round,Thu,Away,D,0 (5),0 (4),Pontevedra,,,,,,,,,,,,,,,0,,,,,,,,Match Report,2021-01-07,19:00 (10:00),Copa del Rey,Second round,Thu,Away,D,0 (5),0 (4),Pontevedra,,,,,,,37,,,,,,,,,Match Report,2021-01-07,19:00 (10:00),Copa del Rey,Second round,Thu,Away,D,0 (5),0 (4),Pontevedra,,,,,,,,,,,,,,,Match Report,2021-01-07,19:00 (10:00),Copa del Rey,Second round,Thu,Away,D,0 (5),0 (4),Pontevedra,,10,,,,,,,,,,,17,0,,,Match Report,2021-01-07,19:00 (10:00),Copa del Rey,Second round,Thu,Away,D,0 (5),0 (4),Pontevedra,53,,,,,,,,,,,,,,,,,,,,,,,Match Report,2021-01-07,19:00 (10:00),Copa del Rey,Second round,Thu,Away,D,0 (5),0 (4),Pontevedra,1,0,0,12,19,2,37,17,10,,,0,,,,,Match Report
2021-01-10,16:15 (07:15),La Liga,Matchweek 18,Sun,Home,W,3,1,Alavés,3,10,7,70.0,0.30,0.43,11.6,0,0,0,2.6,2.6,0.26,+0.4,+0.4,Match Report,2021-01-10,16:15 (07:15),La Liga,Matchweek 18,Sun,Home,W,3,1,Alavés,2,1,1,100.0,0,1.1,+0.1,1,1,0,0,7,22,31.8,26,3,61.5,42.8,6,100.0,64.0,13,2,15.4,1,17.2,Match Report,2021-01-10,16:15 (07:15),La Liga,Matchweek 18,Sun,Home,W,3,1,Alavés,208,334,62.3,3871,1894,92,124,74.2,63,96,65.6,36,79,45.6,2,1.6,1.1,7,17,4,1,33,Match Report,2021-01-10,16:15 (07:15),La Liga,Matchweek 18,Sun,Home,W,3,1,Alavés,334,281,50,14,1,3,18,24,4,1,2,0,208,3,8,Match Report,2021-01-10,16:15 (07:15),La Liga,Matchweek 18,Sun,Home,W,3,1,Alavés,19,11,2,2,1,2,1,6,5,0,1,0,0,0,Match Report,2021-01-10,16:15 (07:15),La Liga,Matchweek 18,Sun,Home,W,3,1,Alavés,11,8,2,6,3,7,12,58.3,5,5,0,5,5,16,13,0,Match Report,2021-01-10,16:15 (07:15),La Liga,Matchweek 18,Sun,Home,W,3,1,Alavés,40,414,45,125,179,112,17,414,16,10,62.5,6,37.5,164,1023,566,11,8,4,14,6,202,30,Match Report,2021-01-10,16:15 (07:15),La Liga,Matchweek 18,Sun,Home,W,3,1,Alavés,1,0,0,17,10,3,18,5,8,0,1,0,42,20,32,38.5,Match Report
2021-01-16,16:00 (07:00),Copa del Rey,Round of 32,Sat,Away,L,0,2,Girona,0,7,4,57.1,0.00,0.00,,,0,0,,,,,,Match Report,2021-01-16,16:00 (07:00),Copa del Rey,Round of 32,Sat,Away,L,0,2,Girona,3,2,1,33.3,0,,,0,0,0,0,,,,,,,,,,,,,,,,Match Report,2021-01-16,16:00 (07:00),Copa del Rey,Round of 32,Sat,Away,L,0,2,Girona,,,,,,,,,,,,,,,0,,,,,,,,Match Report,2021-01-16,16:00 (07:00),Copa del Rey,Round of 32,Sat,Away,L,0,2,Girona,,,,,,,13,,,,,,,,,Match Report,2021-01-16,16:00 (07:00),Copa del Rey,Round of 32,Sat,Away,L,0,2,Girona,,,,,,,,,,,,,,,Match Report,2021-01-16,16:00 (07:00),Copa del Rey,Round of 32,Sat,Away,L,0,2,Girona,,14,,,,,,,,,,,16,0,,,Match Report,2021-01-16,16:00 (07:00),Copa del Rey,Round of 32,Sat,Away,L,0,2,Girona,46,,,,,,,,,,,,,,,,,,,,,,,Match Report,2021-01-16,16:00 (07:00),Copa del Rey,Round of 32,Sat,Away,L,0,2,Girona,1,0,0,11,16,8,13,16,14,,,0,,,,,Match Report
2021-01-19,19:00 (10:00),La Liga,Matchweek 19,Tue,Home,D,2,2,Levante,2,8,2,25.0,0.25,1.00,18.4,0,0,0,0.8,0.8,0.10,+1.2,+1.2,Match Report,2021-01-19,19:00 (10:00),La Liga,Matchweek 19,Tue,Home,D,2,2,Levante,5,2,3,60.0,0,2.1,+0.1,0,0,0,0,9,23,39.1,19,1,84.2,52.9,7,100.0,65.7,7,0,0.0,0,16.3,Match Report,2021-01-19,19:00 (10:00),La Liga,Matchweek 19,Tue,Home,D,2,2,Levante,193,294,65.6,3835,1796,80,108,74.1,76,93,81.7,30,75,40.0,1,0.3,0.4,6,23,4,4,20,Match Report,2021-01-19,19:00 (10:00),La Liga,Matchweek 19,Tue,Home,D,2,2,Levante,294,251,42,12,0,1,19,15,5,3,2,0,193,1,5,Match Report,2021-01-19,19:00 (10:00),La Liga,Matchweek 19,Tue,Home,D,2,2,Levante,12,10,2,0,0,0,0,3,2,1,0,0,0,0,Match Report,2021-01-19,19:00 (10:00),La Liga,Matchweek 19,Tue,Home,D,2,2,Levante,13,6,7,4,2,7,18,38.9,11,7,1,6,10,23,14,0,Match Report,2021-01-19,19:00 (10:00),La Liga,Matchweek 19,Tue,Home,D,2,2,Levante,31,383,47,123,175,90,11,383,12,8,66.7,4,33.3,187,1119,637,10,7,1,12,8,191,19,Match Report,2021-01-19,19:00 (10:00),La Liga,Matchweek 19,Tue,Home,D,2,2,Levante,3,0,0,13,10,1,19,10,6,0,0,0,47,17,19,47.2,Match Report
2021-01-23,16:15 (07:15),La Liga,Matchweek 20,Sat,Away,L,0,3,Sevilla,0,9,3,33.3,0.00,0.00,14.1,0,0,0,0.7,0.7,0.08,-0.7,-0.7,Match Report,2021-01-23,16:15 (07:15),La Liga,Matchweek 20,Sat,Away,L,0,3,Sevilla,7,3,4,57.1,0,2.6,-0.4,0,0,0,0,12,25,48.0,13,1,84.6,58.7,14,100.0,66.9,16,0,0.0,1,11.3,Match Report,2021-01-23,16:15 (07:15),La Liga,Matchweek 20,Sat,Away,L,0,3,Sevilla,112,206,54.4,2512,1526,51,69,73.9,31,59,52.5,28,60,46.7,0,0.6,0.3,6,12,1,1,12,Match Report,2021-01-23,16:15 (07:15),La Liga,Matchweek 20,Sat,Away,L,0,3,Sevilla,206,147,56,14,1,3,17,18,6,1,3,1,112,3,8,Match Report,2021-01-23,16:15 (07:15),La Liga,Matchweek 20,Sat,Away,L,0,3,Sevilla,11,3,2,1,4,1,0,0,0,0,0,0,0,0,Match Report,2021-01-23,16:15 (07:15),La Liga,Matchweek 20,Sat,Away,L,0,3,Sevilla,14,9,9,5,0,8,22,36.4,14,8,2,6,13,27,23,2,Match Report,2021-01-23,16:15 (07:15),La Liga,Matchweek 20,Sat,Away,L,0,3,Sevilla,21,300,53,120,109,77,13,300,11,8,72.7,3,27.3,119,643,317,9,6,3,13,5,110,12,Match Report,2021-01-23,16:15 (07:15),La Liga,Matchweek 20,Sat,Away,L,0,3,Sevilla,3,0,0,6,11,3,17,13,9,0,0,0,42,12,12,50.0,Match Report
2021-01-31,16:15 (07:15),La Liga,Matchweek 21,Sun,Home,L,2,4,Atlético Madrid,2,11,6,54.5,0.18,0.33,16.4,1,0,0,1.2,1.2,0.11,+0.8,+0.8,Match Report,2021-01-31,16:15 (07:15),La Liga,Matchweek 21,Sun,Home,L,2,4,Atlético Madrid,4,4,0,25.0,0,2.7,-1.3,1,1,0,0,6,20,30.0,22,3,63.6,42.3,8,75.0,58.9,8,0,0.0,0,10.5,Match Report,2021-01-31,16:15 (07:15),La Liga,Matchweek 21,Sun,Home,L,2,4,Atlético Madrid,414,512,80.9,7954,2237,166,189,87.8,170,194,87.6,65,101,64.4,0,1.0,0.8,6,33,7,7,42,Match Report,2021-01-31,16:15 (07:15),La Liga,Matchweek 21,Sun,Home,L,2,4,Atlético Madrid,512,464,48,10,0,6,34,23,2,1,1,0,414,0,11,Match Report,2021-01-31,16:15 (07:15),La Liga,Matchweek 21,Sun,Home,L,2,4,Atlético Madrid,20,13,2,0,1,2,2,3,2,0,0,0,0,1,Match Report,2021-01-31,16:15 (07:15),La Liga,Matchweek 21,Sun,Home,L,2,4,Atlético Madrid,13,11,5,6,2,5,11,45.5,6,7,1,6,11,24,8,0,Match Report,2021-01-31,16:15 (07:15),La Liga,Matchweek 21,Sun,Home,L,2,4,Atlético Madrid,48,586,37,120,302,168,12,586,17,11,64.7,6,35.3,366,1897,915,14,21,0,8,15,409,41,Match Report,2021-01-31,16:15 (07:15),La Liga,Matchweek 21,Sun,Home,L,2,4,Atlético Madrid,1,0,0,7,7,0,34,11,11,0,1,0,49,15,18,45.5,Match Report
2021-02-07,14:00 (05:00),La Liga,Matchweek 22,Sun,Away,L,1,4,Real Sociedad,1,2,1,50.0,0.50,1.00,12.4,0,0,0,0.5,0.5,0.23,+0.5,+0.5,Match Report,2021-02-07,14:00 (05:00),La Liga,Matchweek 22,Sun,Away,L,1,4,Real Sociedad,6,4,2,50.0,0,4.1,+0.1,1,1,0,0,6,17,35.3,17,3,52.9,42.5,9,88.9,65.6,8,0,0.0,2,16.0,Match Report,2021-02-07,14:00 (05:00),La Liga,Matchweek 22,Sun,Away,L,1,4,Real Sociedad,178,259,68.7,3379,1587,75,88,85.2,65,86,75.6,30,67,44.8,1,0.5,0.3,2,7,2,1,8,Match Report,2021-02-07,14:00 (05:00),La Liga,Matchweek 22,Sun,Away,L,1,4,Real Sociedad,259,217,42,10,1,4,10,17,1,0,1,0,178,0,4,Match Report,2021-02-07,14:00 (05:00),La Liga,Matchweek 22,Sun,Away,L,1,4,Real Sociedad,4,4,0,0,0,0,0,2,2,0,0,0,0,0,Match Report,2021-02-07,14:00 (05:00),La Liga,Matchweek 22,Sun,Away,L,1,4,Real Sociedad,14,8,12,2,0,6,19,31.6,13,12,7,5,12,26,21,0,Match Report,2021-02-07,14:00 (05:00),La Liga,Matchweek 22,Sun,Away,L,1,4,Real Sociedad,26,346,68,172,140,39,4,346,7,4,57.1,3,42.9,178,902,376,6,4,1,12,9,176,8,Match Report,2021-02-07,14:00 (05:00),La Liga,Matchweek 22,Sun,Away,L,1,4,Real Sociedad,2,1,0,7,7,0,10,12,8,0,1,0,49,10,6,62.5,Match Report
2021-02-15,21:00 (12:00),La Liga,Matchweek 23,Mon,Home,L,0,4,Athletic Club,0,11,2,18.2,0.00,0.00,19.6,0,0,0,0.5,0.5,0.05,-0.5,-0.5,Match Report,2021-02-15,21:00 (12:00),La Liga,Matchweek 23,Mon,Home,L,0,4,Athletic Club,7,4,3,42.9,0,2.0,-2.0,0,0,0,0,7,19,36.8,23,2,60.9,41.5,5,100.0,59.6,14,1,7.1,3,17.3,Match Report,2021-02-15,21:00 (12:00),La Liga,Matchweek 23,Mon,Home,L,0,4,Athletic Club,286,389,73.5,5115,1853,137,155,88.4,103,122,84.4,37,79,46.8,0,0.4,0.4,7,27,4,1,35,Match Report,2021-02-15,21:00 (12:00),La Liga,Matchweek 23,Mon,Home,L,0,4,Athletic Club,389,341,46,15,0,5,29,16,5,1,4,0,286,2,11,Match Report,2021-02-15,21:00 (12:00),La Liga,Matchweek 23,Mon,Home,L,0,4,Athletic Club,21,11,5,0,1,4,0,0,0,0,0,0,0,0,Match Report,2021-02-15,21:00 (12:00),La Liga,Matchweek 23,Mon,Home,L,0,4,Athletic Club,18,9,8,7,3,10,21,47.6,11,14,2,12,15,33,13,1,Match Report,2021-02-15,21:00 (12:00),La Liga,Matchweek 23,Mon,Home,L,0,4,Athletic Club,43,505,50,134,252,125,14,505,12,6,50.0,6,50.0,213,1166,549,11,5,0,15,8,285,35,Match Report,2021-02-15,21:00 (12:00),La Liga,Matchweek 23,Mon,Home,L,0,4,Athletic Club,3,0,0,15,13,2,29,15,9,0,0,0,54,8,9,47.1,Match Report
2021-02-21,14:00 (05:00),La Liga,Matchweek 24,Sun,Away,D,1,1,Barcelona,1,2,0,0.0,0.00,,19.4,0,1,1,1.4,0.6,0.30,-0.4,-0.6,Match Report,2021-02-21,14:00 (05:00),La Liga,Matchweek 24,Sun,Away,D,1,1,Barcelona,4,1,3,100.0,0,1.3,+0.3,1,1,0,0,9,33,27.3,18,0,100.0,59.3,15,100.0,67.9,10,0,0.0,0,4.3,Match Report,2021-02-21,14:00 (05:00),La Liga,Matchweek 24,Sun,Away,D,1,1,Barcelona,125,225,55.6,2385,1334,60,73,82.2,37,56,66.1,22,67,32.8,0,0.0,0.1,1,9,1,0,12,Match Report,2021-02-21,14:00 (05:00),La Liga,Matchweek 24,Sun,Away,D,1,1,Barcelona,225,173,52,20,0,1,12,15,0,0,0,0,125,0,11,Match Report,2021-02-21,14:00 (05:00),La Liga,Matchweek 24,Sun,Away,D,1,1,Barcelona,5,4,0,0,0,1,0,2,1,0,0,0,1,0,Match Report,2021-02-21,14:00 (05:00),La Liga,Matchweek 24,Sun,Away,D,1,1,Barcelona,16,10,11,4,1,11,24,45.8,13,12,4,8,21,37,27,0,Match Report,2021-02-21,14:00 (05:00),La Liga,Matchweek 24,Sun,Away,D,1,1,Barcelona,19,334,78,177,94,66,8,333,8,8,100.0,0,0.0,142,752,317,6,6,2,16,4,122,12,Match Report,2021-02-21,14:00 (05:00),La Liga,Matchweek 24,Sun,Away,D,1,1,Barcelona,2,0,0,12,13,0,12,21,10,1,1,0,41,10,17,37.0,Match Report
2021-02-28,16:15 (07:15),La Liga,Matchweek 25,Sun,Home,L,0,1,Betis,0,5,3,60.0,0.00,0.00,21.4,0,0,0,0.2,0.2,0.04,-0.2,-0.2,Match Report,2021-02-28,16:15 (07:15),La Liga,Matchweek 25,Sun,Home,L,0,1,Betis,4,1,3,75.0,0,0.6,-0.4,0,0,0,0,7,19,36.8,12,1,58.3,48.0,12,100.0,69.3,16,1,6.3,0,5.0,Match Report,2021-02-28,16:15 (07:15),La Liga,Matchweek 25,Sun,Home,L,0,1,Betis,221,337,65.6,4241,1681,86,109,78.9,95,119,79.8,29,75,38.7,0,0.1,0.1,3,14,1,0,24,Match Report,2021-02-28,16:15 (07:15),La Liga,Matchweek 25,Sun,Home,L,0,1,Betis,337,282,53,14,1,5,17,22,3,1,2,0,221,2,12,Match Report,2021-02-28,16:15 (07:15),La Liga,Matchweek 25,Sun,Home,L,0,1,Betis,8,6,1,1,0,0,0,0,0,0,0,0,0,0,Match Report,2021-02-28,16:15 (07:15),La Liga,Matchweek 25,Sun,Home,L,0,1,Betis,16,4,11,4,1,7,15,46.7,8,13,2,11,9,25,19,0,Match Report,2021-02-28,16:15 (07:15),La Liga,Matchweek 25,Sun,Home,L,0,1,Betis,36,435,48,175,185,87,5,435,18,14,77.8,4,22.2,164,1097,574,11,7,1,10,10,220,23,Match Report,2021-02-28,16:15 (07:15),La Liga,Matchweek 25,Sun,Home,L,0,1,Betis,1,0,0,9,12,2,17,9,4,0,0,0,51,16,20,44.4,Match Report
2021-03-06,18:30 (09:30),La Liga,Matchweek 26,Sat,Home,W,1,0,Eibar,1,6,2,33.3,0.17,0.50,13.4,0,0,0,1.6,1.6,0.26,-0.6,-0.6,Match Report,2021-03-06,18:30 (09:30),La Liga,Matchweek 26,Sat,Home,W,1,0,Eibar,1,0,0,100.0,1,1.0,+1.0,1,0,1,0,18,33,54.5,19,0,100.0,56.7,14,100.0,66.7,36,0,0.0,0,3.0,Match Report,2021-03-06,18:30 (09:30),La Liga,Matchweek 26,Sat,Home,W,1,0,Eibar,154,285,54.0,3219,2024,75,107,70.1,40,73,54.8,32,79,40.5,1,1.1,0.6,3,15,1,1,17,Match Report,2021-03-06,18:30 (09:30),La Liga,Matchweek 26,Sat,Home,W,1,0,Eibar,285,228,54,13,2,1,12,26,0,0,0,0,154,3,5,Match Report,2021-03-06,18:30 (09:30),La Liga,Matchweek 26,Sat,Home,W,1,0,Eibar,11,8,1,1,0,1,0,2,2,0,0,0,0,0,Match Report,2021-03-06,18:30 (09:30),La Liga,Matchweek 26,Sat,Home,W,1,0,Eibar,12,8,5,7,0,6,14,42.9,8,16,5,11,9,21,31,0,Match Report,2021-03-06,18:30 (09:30),La Liga,Matchweek 26,Sat,Home,W,1,0,Eibar,33,406,74,176,149,88,7,406,13,6,46.2,7,53.8,125,683,386,11,4,1,16,5,150,16,Match Report,2021-03-06,18:30 (09:30),La Liga,Matchweek 26,Sat,Home,W,1,0,Eibar,2,0,0,7,10,3,12,9,8,0,1,0,54,28,27,50.9,Match Report
2021-03-13,14:00 (05:00),La Liga,Matchweek 27,Sat,Away,D,1,1,Alavés,1,8,0,0.0,0.00,,16.6,0,1,1,1.5,0.7,0.09,-0.5,-0.7,Match Report,2021-03-13,14:00 (05:00),La Liga,Matchweek 27,Sat,Away,D,1,1,Alavés,2,1,1,100.0,0,1.1,+0.1,1,1,0,0,15,36,41.7,38,3,78.9,49.9,6,100.0,66.8,12,1,8.3,1,11.5,Match Report,2021-03-13,14:00 (05:00),La Liga,Matchweek 27,Sat,Away,D,1,1,Alavés,276,406,68.0,5432,2079,117,143,81.8,102,133,76.7,44,103,42.7,0,0.5,0.3,6,15,5,2,22,Match Report,2021-03-13,14:00 (05:00),La Liga,Matchweek 27,Sat,Away,D,1,1,Alavés,406,347,57,21,0,2,23,23,5,3,2,0,276,2,6,Match Report,2021-03-13,14:00 (05:00),La Liga,Matchweek 27,Sat,Away,D,1,1,Alavés,16,11,1,2,0,2,0,2,0,0,0,0,2,0,Match Report,2021-03-13,14:00 (05:00),La Liga,Matchweek 27,Sat,Away,D,1,1,Alavés,10,5,5,4,1,4,14,28.6,10,7,1,6,14,24,13,1,Match Report,2021-03-13,14:00 (05:00),La Liga,Matchweek 27,Sat,Away,D,1,1,Alavés,49,488,49,168,232,95,11,487,16,13,81.3,3,18.8,241,1286,605,15,12,2,14,3,272,22,Match Report,2021-03-13,14:00 (05:00),La Liga,Matchweek 27,Sat,Away,D,1,1,Alavés,3,0,0,6,22,2,23,14,5,1,1,0,48,22,36,37.9,Match Report
2021-03-21,16:15 (08:15),La Liga,Matchweek 28,Sun,Away,L,1,2,Villarreal,1,9,3,33.3,0.11,0.33,17.0,0,0,0,0.9,0.9,0.11,+0.1,+0.1,Match Report,2021-03-21,16:15 (08:15),La Liga,Matchweek 28,Sun,Away,L,1,2,Villarreal,4,2,2,75.0,0,2.4,+0.4,1,1,0,0,8,22,36.4,18,2,77.8,50.7,9,88.9,61.2,13,0,0.0,0,5.0,Match Report,2021-03-21,16:15 (08:15),La Liga,Matchweek 28,Sun,Away,L,1,2,Villarreal,291,390,74.6,5525,1941,119,132,90.2,111,134,82.8,45,87,51.7,0,0.3,0.5,6,24,5,3,34,Match Report,2021-03-21,16:15 (08:15),La Liga,Matchweek 28,Sun,Away,L,1,2,Villarreal,390,329,59,16,0,5,32,25,6,2,2,0,291,2,12,Match Report,2021-03-21,16:15 (08:15),La Liga,Matchweek 28,Sun,Away,L,1,2,Villarreal,17,16,0,0,1,0,0,1,0,0,0,1,0,0,Match Report,2021-03-21,16:15 (08:15),La Liga,Matchweek 28,Sun,Away,L,1,2,Villarreal,13,4,9,2,2,7,18,38.9,11,10,5,5,16,29,27,0,Match Report,2021-03-21,16:15 (08:15),La Liga,Matchweek 28,Sun,Away,L,1,2,Villarreal,43,499,66,166,216,122,17,499,18,12,66.7,6,33.3,301,1686,826,20,11,2,12,7,290,34,Match Report,2021-03-21,16:15 (08:15),La Liga,Matchweek 28,Sun,Away,L,1,2,Villarreal,3,0,0,6,13,2,32,16,4,0,1,0,40,9,20,31.0,Match Report
2021-04-04,18:30 (09:30),La Liga,Matchweek 29,Sun,Home,W,2,1,Valencia,2,6,2,33.3,0.33,1.00,16.8,0,0,0,0.6,0.6,0.09,+1.4,+1.4,Match Report,2021-04-04,18:30 (09:30),La Liga,Matchweek 29,Sun,Home,W,2,1,Valencia,6,1,5,83.3,0,2.1,+1.1,0,0,0,0,9,24,37.5,14,1,85.7,54.6,13,92.3,63.4,18,0,0.0,0,17.0,Match Report,2021-04-04,18:30 (09:30),La Liga,Matchweek 29,Sun,Home,W,2,1,Valencia,185,296,62.5,3530,1740,67,87,77.0,71,94,75.5,27,75,36.0,1,0.3,0.5,2,11,2,1,26,Match Report,2021-04-04,18:30 (09:30),La Liga,Matchweek 29,Sun,Home,W,2,1,Valencia,296,245,51,9,1,1,28,23,4,0,3,0,185,0,10,Match Report,2021-04-04,18:30 (09:30),La Liga,Matchweek 29,Sun,Home,W,2,1,Valencia,9,5,2,1,0,0,1,3,3,0,0,0,0,0,Match Report,2021-04-04,18:30 (09:30),La Liga,Matchweek 29,Sun,Home,W,2,1,Valencia,16,7,9,6,1,7,17,41.2,10,6,1,5,17,33,22,0,Match Report,2021-04-04,18:30 (09:30),La Liga,Matchweek 29,Sun,Home,W,2,1,Valencia,34,405,58,152,140,116,12,405,19,11,57.9,8,42.1,132,948,494,18,10,6,12,8,185,26,Match Report,2021-04-04,18:30 (09:30),La Liga,Matchweek 29,Sun,Home,W,2,1,Valencia,2,0,0,10,6,0,28,17,7,0,0,0,46,16,10,61.5,Match Report
2021-04-10,14:00 (05:00),La Liga,Matchweek 30,Sat,Away,W,1,0,Getafe,0,8,3,37.5,0.00,0.00,18.1,0,0,0,0.7,0.7,0.09,-0.7,-0.7,Match Report,2021-04-10,14:00 (05:00),La Liga,Matchweek 30,Sat,Away,W,1,0,Getafe,3,0,3,100.0,1,0.7,+0.7,0,0,0,0,10,32,31.3,27,4,81.5,53.0,10,100.0,70.3,31,1,3.2,0,7.0,Match Report,2021-04-10,14:00 (05:00),La Liga,Matchweek 30,Sat,Away,W,1,0,Getafe,206,359,57.4,4017,2134,92,122,75.4,75,122,61.5,34,90,37.8,0,0.7,0.5,6,18,3,2,27,Match Report,2021-04-10,14:00 (05:00),La Liga,Matchweek 30,Sat,Away,W,1,0,Getafe,359,302,55,12,0,8,15,28,4,3,1,0,206,2,2,Match Report,2021-04-10,14:00 (05:00),La Liga,Matchweek 30,Sat,Away,W,1,0,Getafe,12,9,2,1,0,0,0,0,0,0,0,0,0,0,Match Report,2021-04-10,14:00 (05:00),La Liga,Matchweek 30,Sat,Away,W,1,0,Getafe,16,10,7,6,3,5,12,41.7,7,13,6,7,7,23,42,0,Match Report,2021-04-10,14:00 (05:00),La Liga,Matchweek 30,Sat,Away,W,1,0,Getafe,43,486,78,205,193,89,9,486,10,5,50.0,5,50.0,186,920,473,6,8,4,16,12,204,26,Match Report,2021-04-10,14:00 (05:00),La Liga,Matchweek 30,Sat,Away,W,1,0,Getafe,2,0,0,13,9,2,15,7,10,0,0,0,62,46,38,54.8,Match Report
2021-04-18,18:30 (09:30),La Liga,Matchweek 33,Sun,Home,D,0,0,Celta Vigo,0,5,2,40.0,0.00,0.00,19.8,0,0,0,0.4,0.4,0.09,-0.4,-0.4,Match Report,2021-04-18,18:30 (09:30),La Liga,Matchweek 33,Sun,Home,D,0,0,Celta Vigo,4,0,4,100.0,1,0.4,+0.4,0,0,0,0,12,32,37.5,25,2,96.0,60.6,8,100.0,67.3,23,2,8.7,0,7.3,Match Report,2021-04-18,18:30 (09:30),La Liga,Matchweek 33,Sun,Home,D,0,0,Celta Vigo,146,252,57.9,3221,1848,59,81,72.8,57,82,69.5,26,72,36.1,0,0.4,0.2,5,18,3,0,13,Match Report,2021-04-18,18:30 (09:30),La Liga,Matchweek 33,Sun,Home,D,0,0,Celta Vigo,252,202,50,17,0,4,17,20,4,0,4,0,146,0,10,Match Report,2021-04-18,18:30 (09:30),La Liga,Matchweek 33,Sun,Home,D,0,0,Celta Vigo,9,5,2,1,0,1,0,0,0,0,0,0,0,0,Match Report,2021-04-18,18:30 (09:30),La Liga,Matchweek 33,Sun,Home,D,0,0,Celta Vigo,3,2,3,0,0,2,9,22.2,7,7,0,7,13,16,25,0,Match Report,2021-04-18,18:30 (09:30),La Liga,Matchweek 33,Sun,Home,D,0,0,Celta Vigo,24,345,62,161,93,97,7,345,10,5,50.0,5,50.0,112,841,405,9,9,2,19,6,142,13,Match Report,2021-04-18,18:30 (09:30),La Liga,Matchweek 33,Sun,Home,D,0,0,Celta Vigo,0,0,0,6,13,0,17,13,2,0,0,0,42,14,14,50.0,Match Report
2021-04-21,22:00 (13:00),La Liga,Matchweek 31,Wed,Home,L,0,3,Real Madrid,0,13,3,23.1,0.00,0.00,16.5,1,0,0,1.0,1.0,0.08,-1.0,-1.0,Match Report,2021-04-21,22:00 (13:00),La Liga,Matchweek 31,Wed,Home,L,0,3,Real Madrid,4,3,1,50.0,0,2.6,-0.4,1,1,0,0,11,24,45.8,19,2,73.7,45.8,12,83.3,59.3,10,1,10.0,1,12.5,Match Report,2021-04-21,22:00 (13:00),La Liga,Matchweek 31,Wed,Home,L,0,3,Real Madrid,310,415,74.7,5798,2153,143,169,84.6,123,146,84.2,37,76,48.7,0,0.6,1.0,7,13,4,1,26,Match Report,2021-04-21,22:00 (13:00),La Liga,Matchweek 31,Wed,Home,L,0,3,Real Madrid,415,358,56,21,0,1,26,12,7,3,4,0,310,1,12,Match Report,2021-04-21,22:00 (13:00),La Liga,Matchweek 31,Wed,Home,L,0,3,Real Madrid,23,12,3,3,2,3,0,0,0,0,0,0,0,0,Match Report,2021-04-21,22:00 (13:00),La Liga,Matchweek 31,Wed,Home,L,0,3,Real Madrid,14,6,7,7,0,7,12,58.3,5,14,2,12,8,22,9,0,Match Report,2021-04-21,22:00 (13:00),La Liga,Matchweek 31,Wed,Home,L,0,3,Real Madrid,39,503,44,138,271,100,14,503,19,15,78.9,4,21.1,258,1461,757,13,13,2,10,9,309,26,Match Report,2021-04-21,22:00 (13:00),La Liga,Matchweek 31,Wed,Home,L,0,3,Real Madrid,4,0,0,13,20,1,26,8,6,0,1,0,42,15,14,51.7,Match Report
For Cádiz,For Cádiz,For Cádiz,For Cádiz,For Cádiz,For Cádiz,For Cádiz,For Cádiz,For Cádiz,For Cádiz,Standard,Standard,Standard,Standard,Standard,Standard,Standard,Standard,Standard,Standard,Expected,Expected,Expected,Expected,Expected,,For Cádiz,For Cádiz,For Cádiz,For Cádiz,For Cádiz,For Cádiz,For Cádiz,For Cádiz,For Cádiz,For Cádiz,Performance,Performance,Performance,Performance,Performance,Performance,Performance,Penalty Kicks,Penalty Kicks,Penalty Kicks,Penalty Kicks,Launched,Launched,Launched,Passes,Passes,Passes,Passes,Goal Kicks,Goal Kicks,Goal Kicks,Crosses,Crosses,Crosses,Sweeper,Sweeper,,For Cádiz,For Cádiz,For Cádiz,For Cádiz,For Cádiz,For Cádiz,For Cádiz,For Cádiz,For Cádiz,For Cádiz,Total,Total,Total,Total,Total,Short,Short,Short,Medium,Medium,Medium,Long,Long,Long,,,,,,,,,,For Cádiz,For Cádiz,For Cádiz,For Cádiz,For Cádiz,For Cádiz,For Cádiz,For Cádiz,For Cádiz,For Cádiz,For Cádiz,Pass Types,Pass Types,Pass Types,Pass Types,Pass Types,Pass Types,Pass Types,Pass Types,Corner Kicks,Corner Kicks,Corner Kicks,Outcomes,Outcomes,Outcomes,,For Cádiz,For Cádiz,For Cádiz,For Cádiz,For Cádiz,For Cádiz,For Cádiz,For Cádiz,For Cádiz,For Cádiz,SCA Types,SCA Types,SCA Types,SCA Types,SCA Types,SCA Types,SCA Types,GCA Types,GCA Types,GCA Types,GCA Types,GCA Types,GCA Types,GCA Types,,For Cádiz,For Cádiz,For Cádiz,For Cádiz,For Cádiz,For Cádiz,For Cádiz,For Cádiz,For Cádiz,For Cádiz,Tackles,Tackles,Tackles,Tackles,Tackles,Challenges,Challenges,Challenges,Challenges,Blocks,Blocks,Blocks,,,,,,For Cádiz,For Cádiz,For Cádiz,For Cádiz,For Cádiz,For Cádiz,For Cádiz,For Cádiz,For Cádiz,For Cádiz,For Cádiz,Touches,Touches,Touches,Touches,Touches,Touches,Touches,Take-Ons,Take-Ons,Take-Ons,Take-Ons,Take-Ons,Carries,Carries,Carries,Carries,Carries,Carries,Carries,Carries,Receiving,Receiving,,For Cádiz,For Cádiz,For Cádiz,For Cádiz,For Cádiz,For Cádiz,For Cádiz,For Cádiz,For Cádiz,For Cádiz,Performance,Performance,Performance,Performance,Performance,Performance,Performance,Performance,Performance,Performance,Performance,Performance,Performance,Aerial Duels,Aerial Duels,Aerial Duels,
Date,Time,Comp,Round,Day,Venue,Result,GF,GA,Opponent,Gls,Sh,SoT,SoT%,G/Sh,G/SoT,Dist,FK,PK,PKatt,xG,npxG,npxG/Sh,G-xG,np:G-xG,Match Report,Date,Time,Comp,Round,Day,Venue,Result,GF,GA,Opponent,SoTA,GA,Saves,Save%,CS,PSxG,PSxG+/-,PKatt,PKA,PKsv,PKm,Cmp,Att,Cmp%,Att (GK),Thr,Launch%,AvgLen,Att,Launch%,AvgLen,Opp,Stp,Stp%,#OPA,AvgDist,Match Report,Date,Time,Comp,Round,Day,Venue,Result,GF,GA,Opponent,Cmp,Att,Cmp%,TotDist,PrgDist,Cmp,Att,Cmp%,Cmp,Att,Cmp%,Cmp,Att,Cmp%,Ast,xAG,xA,KP,1/3,PPA,CrsPA,PrgP,Match Report,Date,Time,Comp,Round,Day,Venue,Result,GF,GA,Opponent,Att,Live,Dead,FK,TB,Sw,Crs,TI,CK,In,Out,Str,Cmp,Off,Blocks,Match Report,Date,Time,Comp,Round,Day,Venue,Result,GF,GA,Opponent,SCA,PassLive,PassDead,TO,Sh,Fld,Def,GCA,PassLive,PassDead,TO,Sh,Fld,Def,Match Report,Date,Time,Comp,Round,Day,Venue,Result,GF,GA,Opponent,Tkl,TklW,Def 3rd,Mid 3rd,Att 3rd,Tkl,Att,Tkl%,Lost,Blocks,Sh,Pass,Int,Tkl+Int,Clr,Err,Match Report,Date,Time,Comp,Round,Day,Venue,Result,GF,GA,Opponent,Poss,Touches,Def Pen,Def 3rd,Mid 3rd,Att 3rd,Att Pen,Live,Att,Succ,Succ%,Tkld,Tkld%,Carries,TotDist,PrgDist,PrgC,1/3,CPA,Mis,Dis,Rec,PrgR,Match Report,Date,Time,Comp,Round,Day,Venue,Result,GF,GA,Opponent,CrdY,CrdR,2CrdY,Fls,Fld,Off,Crs,Int,TklW,PKwon,PKcon,OG,Recov,Won,Lost,Won%,Match Report
2021-04-24,16:15 (07:15),La Liga,Matchweek 32,Sat,Away,D,1,1,Valladolid,1,6,2,33.3,0.17,0.50,17.0,1,0,0,1.1,1.1,0.30,-0.1,-0.1,Match Report,2021-04-24,16:15 (07:15),La Liga,Matchweek 32,Sat,Away,D,1,1,Valladolid,6,1,5,83.3,0,3.0,+2.0,0,0,0,0,14,27,51.9,24,2,70.8,49.8,11,90.9,67.9,17,4,23.5,2,10.8,Match Report,2021-04-24,16:15 (07:15),La Liga,Matchweek 32,Sat,Away,D,1,1,Valladolid,193,296,65.2,4289,2162,65,87,74.7,85,111,76.6,37,77,48.1,0,0.1,0.2,3,18,3,0,28,Match Report,2021-04-24,16:15 (07:15),La Liga,Matchweek 32,Sat,Away,D,1,1,Valladolid,296,236,60,11,0,2,27,29,7,0,7,0,193,0,10,Match Report,2021-04-24,16:15 (07:15),La Liga,Matchweek 32,Sat,Away,D,1,1,Valladolid,7,4,1,0,1,1,0,1,0,0,0,1,0,0,Match Report,2021-04-24,16:15 (07:15),La Liga,Matchweek 32,Sat,Away,D,1,1,Valladolid,15,7,7,7,1,4,12,33.3,8,4,2,2,2,17,13,1,Match Report,2021-04-24,16:15 (07:15),La Liga,Matchweek 32,Sat,Away,D,1,1,Valladolid,40,390,52,133,166,98,7,390,11,8,72.7,3,27.3,175,973,514,13,10,0,23,9,190,27,Match Report,2021-04-24,16:15 (07:15),La Liga,Matchweek 32,Sat,Away,D,1,1,Valladolid,3,0,0,20,11,0,27,2,7,0,0,0,41,22,17,56.4,Match Report
2021-05-02,18:30 (09:30),La Liga,Matchweek 34,Sun,Away,W,1,0,Granada,1,8,4,50.0,0.13,0.25,19.0,1,0,0,1.2,1.2,0.16,-0.2,-0.2,Match Report,2021-05-02,18:30 (09:30),La Liga,Matchweek 34,Sun,Away,W,1,0,Granada,2,0,2,100.0,1,0.5,+0.5,0,0,0,0,12,36,33.3,28,2,89.3,56.1,11,100.0,78.4,14,1,7.1,1,12.0,Match Report,2021-05-02,18:30 (09:30),La Liga,Matchweek 34,Sun,Away,W,1,0,Granada,135,259,52.1,3023,1692,54,78,69.2,46,75,61.3,32,91,35.2,1,1.2,1.0,6,14,4,2,16,Match Report,2021-05-02,18:30 (09:30),La Liga,Matchweek 34,Sun,Away,W,1,0,Granada,259,196,60,16,2,2,18,27,5,2,3,0,135,3,6,Match Report,2021-05-02,18:30 (09:30),La Liga,Matchweek 34,Sun,Away,W,1,0,Granada,13,8,1,1,2,1,0,2,1,0,0,1,0,0,Match Report,2021-05-02,18:30 (09:30),La Liga,Matchweek 34,Sun,Away,W,1,0,Granada,17,5,7,9,1,6,10,60.0,4,13,3,10,6,23,31,0,Match Report,2021-05-02,18:30 (09:30),La Liga,Matchweek 34,Sun,Away,W,1,0,Granada,36,381,54,171,125,89,8,381,10,5,50.0,5,50.0,127,649,338,6,4,2,19,8,133,16,Match Report,2021-05-02,18:30 (09:30),La Liga,Matchweek 34,Sun,Away,W,1,0,Granada,2,0,0,10,12,3,18,6,5,0,0,0,42,27,23,54.0,Match Report
2021-05-08,18:30 (09:30),La Liga,Matchweek 35,Sat,Home,W,2,1,Huesca,1,11,1,9.1,0.09,1.00,18.3,0,0,0,0.9,0.9,0.09,+0.1,+0.1,Match Report,2021-05-08,18:30 (09:30),La Liga,Matchweek 35,Sat,Home,W,2,1,Huesca,5,1,4,80.0,0,1.1,+0.1,0,0,0,0,22,31,71.0,22,5,77.3,48.0,15,93.3,63.9,25,1,4.0,0,10.0,Match Report,2021-05-08,18:30 (09:30),La Liga,Matchweek 35,Sat,Home,W,2,1,Huesca,193,285,67.7,4530,2522,75,95,78.9,71,100,71.0,47,77,61.0,0,0.5,0.6,9,12,6,3,16,Match Report,2021-05-08,18:30 (09:30),La Liga,Matchweek 35,Sat,Home,W,2,1,Huesca,285,230,53,14,0,0,22,19,3,2,1,0,193,2,6,Match Report,2021-05-08,18:30 (09:30),La Liga,Matchweek 35,Sat,Home,W,2,1,Huesca,20,15,3,1,1,0,0,1,0,0,0,1,0,0,Match Report,2021-05-08,18:30 (09:30),La Liga,Matchweek 35,Sat,Home,W,2,1,Huesca,10,4,6,4,0,5,18,27.8,13,6,1,5,7,17,21,0,Match Report,2021-05-08,18:30 (09:30),La Liga,Matchweek 35,Sat,Home,W,2,1,Huesca,34,379,57,135,155,92,17,379,18,14,77.8,4,22.2,161,1339,802,23,16,3,19,4,192,16,Match Report,2021-05-08,18:30 (09:30),La Liga,Matchweek 35,Sat,Home,W,2,1,Huesca,4,0,0,14,13,2,22,7,4,0,0,0,41,22,15,59.5,Match Report
2021-05-11,19:00 (10:00),La Liga,Matchweek 36,Tue,Away,L,2,3,Osasuna,2,9,3,33.3,0.11,0.33,15.4,0,1,1,1.7,1.0,0.11,+0.3,0.0,Match Report,2021-05-11,19:00 (10:00),La Liga,Matchweek 36,Tue,Away,L,2,3,Osasuna,4,3,1,50.0,0,2.2,-0.8,1,1,0,0,10,26,38.5,19,0,94.7,58.1,8,100.0,65.1,12,0,0.0,0,16.0,Match Report,2021-05-11,19:00 (10:00),La Liga,Matchweek 36,Tue,Away,L,2,3,Osasuna,202,322,62.7,4124,2053,81,101,80.2,84,118,71.2,34,81,42.0,0,0.7,0.7,7,14,4,4,13,Match Report,2021-05-11,19:00 (10:00),La Liga,Matchweek 36,Tue,Away,L,2,3,Osasuna,322,264,58,15,0,3,17,26,5,1,2,0,202,0,9,Match Report,2021-05-11,19:00 (10:00),La Liga,Matchweek 36,Tue,Away,L,2,3,Osasuna,20,12,3,1,2,2,0,4,3,0,0,0,1,0,Match Report,2021-05-11,19:00 (10:00),La Liga,Matchweek 36,Tue,Away,L,2,3,Osasuna,24,10,15,8,1,7,14,50.0,7,9,3,6,17,41,15,0,Match Report,2021-05-11,19:00 (10:00),La Liga,Matchweek 36,Tue,Away,L,2,3,Osasuna,37,447,57,190,171,89,9,446,18,10,55.6,8,44.4,244,1096,496,10,10,2,18,10,199,13,Match Report,2021-05-11,19:00 (10:00),La Liga,Matchweek 36,Tue,Away,L,2,3,Osasuna,2,0,0,12,15,0,17,17,10,1,1,0,66,26,23,53.1,Match Report
2021-05-16,18:30 (09:30),La Liga,Matchweek 37,Sun,Home,L,1,3,Elche,1,6,2,33.3,0.00,0.00,18.4,0,1,1,1.1,0.3,0.05,-0.1,-0.3,Match Report,2021-05-16,18:30 (09:30),La Liga,Matchweek 37,Sun,Home,L,1,3,Elche,5,3,2,40.0,0,1.2,-1.8,0,0,0,0,5,15,33.3,16,4,68.8,50.8,4,100.0,66.3,25,2,8.0,1,8.3,Match Report,2021-05-16,18:30 (09:30),La Liga,Matchweek 37,Sun,Home,L,1,3,Elche,196,274,71.5,4099,1517,66,79,83.5,82,92,89.1,39,77,50.6,0,0.2,0.1,4,17,2,1,20,Match Report,2021-05-16,18:30 (09:30),La Liga,Matchweek 37,Sun,Home,L,1,3,Elche,274,237,33,16,0,2,12,8,1,0,1,0,196,4,4,Match Report,2021-05-16,18:30 (09:30),La Liga,Matchweek 37,Sun,Home,L,1,3,Elche,12,6,0,4,1,1,0,1,0,0,0,1,0,0,Match Report,2021-05-16,18:30 (09:30),La Liga,Matchweek 37,Sun,Home,L,1,3,Elche,16,9,6,9,1,8,18,44.4,10,11,6,5,1,17,24,1,Match Report,2021-05-16,18:30 (09:30),La Liga,Matchweek 37,Sun,Home,L,1,3,Elche,32,370,53,119,186,72,13,369,13,6,46.2,7,53.8,199,1187,730,21,12,4,12,5,191,18,Match Report,2021-05-16,18:30 (09:30),La Liga,Matchweek 37,Sun,Home,L,1,3,Elche,3,0,0,13,13,4,12,1,9,0,0,0,41,13,20,39.4,Match Report
2021-05-21,21:00 (12:00),La Liga,Matchweek 38,Fri,Away,D,2,2,Levante,2,6,2,33.3,0.33,1.00,26.5,0,0,0,0.5,0.5,0.08,+1.5,+1.5,Match Report,2021-05-21,21:00 (12:00),La Liga,Matchweek 38,Fri,Away,D,2,2,Levante,4,2,2,50.0,0,1.5,-0.5,0,0,0,0,13,34,38.2,21,2,85.7,55.3,16,100.0,66.0,17,0,0.0,0,5.0,Match Report,2021-05-21,21:00 (12:00),La Liga,Matchweek 38,Fri,Away,D,2,2,Levante,183,268,68.3,3578,1755,81,96,84.4,55,76,72.4,34,73,46.6,2,0.5,0.2,6,6,2,1,10,Match Report,2021-05-21,21:00 (12:00),La Liga,Matchweek 38,Fri,Away,D,2,2,Levante,268,220,48,17,2,2,6,12,0,0,0,0,183,0,5,Match Report,2021-05-21,21:00 (12:00),La Liga,Matchweek 38,Fri,Away,D,2,2,Levante,11,8,1,1,0,1,0,4,3,0,1,0,0,0,Match Report,2021-05-21,21:00 (12:00),La Liga,Matchweek 38,Fri,Away,D,2,2,Levante,21,15,13,7,1,9,17,52.9,8,13,3,10,8,29,23,0,Match Report,2021-05-21,21:00 (12:00),La Liga,Matchweek 38,Fri,Away,D,2,2,Levante,30,370,61,186,150,43,5,370,11,8,72.7,3,27.3,194,1081,612,13,10,2,20,7,178,9,Match Report,2021-05-21,21:00 (12:00),La Liga,Matchweek 38,Fri,Away,D,2,2,Levante,2,0,0,8,16,0,6,8,15,0,0,0,45,8,14,36.4,Match Report
,,,,,,--,,,,35,325,106,32.6,0.09,0.27,17.6,14,4,5,,,0.11,+35.0,+31.0,,,,,,,,--,,,,157,60,96,67.5,12,53.8,-3.2,10,9,1,0,396,998,39.7,846,72,78.7,50.8,349,95.1,65.0,606,33,5.4,26,11.7,,,,,,,,--,,,,7949,12067,65.9,158876,72248,3244,4091,79.3,3064,4071,75.3,1319,2992,44.1,17,,,196,653,152,73,854,,,,,,,,--,,,,12067,10091,1920,587,15,134,781,739,149,56,78,1,7949,56,282,,,,,,,,--,,,,517,330,65,38,27,42,15,53,37,2,3,6,4,1,,,,,,,,--,,,,573,341,305,216,52,247,607,40.7,360,368,99,269,470,1010,788,8,,,,,,,,--,,,,,15979,2120,5874,6716,3598,438,15975,513,321,62.6,192,37.4,7259,41549,20745,455,357,79,561,294,7859,838,,,,,,,,--,,,,83,3,2,459,518,66,781,470,341,3,10,1,1809,687,753,47.7,
