For Nîmes_Date,For Nîmes_Time,For Nîmes_Comp,For Nîmes_Round,For Nîmes_Day,For Nîmes_Venue,For Nîmes_Result,For Nîmes_GF,For Nîmes_GA,For Nîmes_Opponent,Standard_Gls,Standard_Sh,Standard_SoT,Standard_SoT%,Standard_G/Sh,Standard_G/SoT,Standard_Dist,Standard_FK,Standard_PK,Standard_PKatt,Expected_xG,Expected_npxG,Expected_npxG/Sh,Expected_G-xG,Expected_np:G-xG,Match Report,For Nîmes_Date,For Nîmes_Time,For Nîmes_Comp,For Nîmes_Round,For Nîmes_Day,For Nîmes_Venue,For Nîmes_Result,For Nîmes_GF,For Nîmes_GA,For Nîmes_Opponent,Performance_SoTA,Performance_GA,Performance_Saves,Performance_Save%,Performance_CS,Performance_PSxG,Performance_PSxG+/-,Penalty Kicks_PKatt,Penalty Kicks_PKA,Penalty Kicks_PKsv,Penalty Kicks_PKm,Launched_Cmp,Launched_Att,Launched_Cmp%,Passes_Att (GK),Passes_Thr,Passes_Launch%,Passes_AvgLen,Goal Kicks_Att,Goal Kicks_Launch%,Goal Kicks_AvgLen,Crosses_Opp,Crosses_Stp,Crosses_Stp%,Sweeper_#OPA,Sweeper_AvgDist,Match Report,For Nîmes_Date,For Nîmes_Time,For Nîmes_Comp,For Nîmes_Round,For Nîmes_Day,For Nîmes_Venue,For Nîmes_Result,For Nîmes_GF,For Nîmes_GA,For Nîmes_Opponent,Total_Cmp,Total_Att,Total_Cmp%,Total_TotDist,Total_PrgDist,Short_Cmp,Short_Att,Short_Cmp%,Medium_Cmp,Medium_Att,Medium_Cmp%,Long_Cmp,Long_Att,Long_Cmp%,Ast,xAG,xA,KP,1/3,PPA,CrsPA,PrgP,Match Report,For Nîmes_Date,For Nîmes_Time,For Nîmes_Comp,For Nîmes_Round,For Nîmes_Day,For Nîmes_Venue,For Nîmes_Result,For Nîmes_GF,For Nîmes_GA,For Nîmes_Opponent,For Nîmes_Att,Pass Types_Live,Pass Types_Dead,Pass Types_FK,Pass Types_TB,Pass Types_Sw,Pass Types_Crs,Pass Types_TI,Pass Types_CK,Corner Kicks_In,Corner Kicks_Out,Corner Kicks_Str,Outcomes_Cmp,Outcomes_Off,Outcomes_Blocks,Match Report,For Nîmes_Date,For Nîmes_Time,For Nîmes_Comp,For Nîmes_Round,For Nîmes_Day,For Nîmes_Venue,For Nîmes_Result,For Nîmes_GF,For Nîmes_GA,For Nîmes_Opponent,SCA Types_SCA,SCA Types_PassLive,SCA Types_PassDead,SCA Types_TO,SCA Types_Sh,SCA Types_Fld,SCA Types_Def,GCA Types_GCA,GCA Types_PassLive,GCA Types_PassDead,GCA Types_TO,GCA Types_Sh,GCA Types_Fld,GCA Types_Def,Match Report,For Nîmes_Date,For Nîmes_Time,For Nîmes_Comp,For Nîmes_Round,For Nîmes_Day,For Nîmes_Venue,For Nîmes_Result,For Nîmes_GF,For Nîmes_GA,For Nîmes_Opponent,Tackles_Tkl,Tackles_TklW,Tackles_Def 3rd,Tackles_Mid 3rd,Tackles_Att 3rd,Challenges_Tkl,Challenges_Att,Challenges_Tkl%,Challenges_Lost,Blocks_Blocks,Blocks_Sh,Blocks_Pass,Int,Tkl+Int,Clr,Err,Match Report,For Nîmes_Date,For Nîmes_Time,For Nîmes_Comp,For Nîmes_Round,For Nîmes_Day,For Nîmes_Venue,For Nîmes_Result,For Nîmes_GF,For Nîmes_GA,For Nîmes_Opponent,For Nîmes_Poss,Touches_Touches,Touches_Def Pen,Touches_Def 3rd,Touches_Mid 3rd,Touches_Att 3rd,Touches_Att Pen,Touches_Live,Take-Ons_Att,Take-Ons_Succ,Take-Ons_Succ%,Take-Ons_Tkld,Take-Ons_Tkld%,Carries_Carries,Carries_TotDist,Carries_PrgDist,Carries_PrgC,Carries_1/3,Carries_CPA,Carries_Mis,Carries_Dis,Receiving_Rec,Receiving_PrgR,Match Report,For Nîmes_Date,For Nîmes_Time,For Nîmes_Comp,For Nîmes_Round,For Nîmes_Day,For Nîmes_Venue,For Nîmes_Result,For Nîmes_GF,For Nîmes_GA,For Nîmes_Opponent,Performance_CrdY,Performance_CrdR,Performance_2CrdY,Performance_Fls,Performance_Fld,Performance_Off,Performance_Crs,Performance_Int,Performance_TklW,Performance_PKwon,Performance_PKcon,Performance_OG,Performance_Recov,Aerial Duels_Won,Aerial Duels_Lost,Aerial Duels_Won%,Match Report
2020-08-23,15:00 (06:00),Ligue 1,Matchweek 1,Sun,Home,W,4.0,0.0,Brest,4,12,5,41.7,0.33,0.8,12.7,1.0,0,0,1.7,1.7,0.14,2.3,2.3,Match Report,2020-08-23,15:00 (06:00),Ligue 1,Matchweek 1,Sun,Home,W,4.0,0.0,Brest,3,0,3,100.0,1,0.8,0.8,0,0,0,0,11.0,27.0,40.7,34.0,4.0,61.8,45.8,7.0,85.7,57.7,10.0,0.0,0.0,0.0,14.0,Match Report,2020-08-23,15:00 (06:00),Ligue 1,Matchweek 1,Sun,Home,W,4.0,0.0,Brest,274.0,372.0,73.7,5276.0,2257.0,111.0,131.0,84.7,94.0,115.0,81.7,47.0,89.0,52.8,4,1.6,2.0,10.0,20.0,12.0,5.0,32.0,Match Report,2020-08-23,15:00 (06:00),Ligue 1,Matchweek 1,Sun,Home,W,4.0,0.0,Brest,372.0,319.0,53.0,19.0,1.0,3.0,13,22.0,4.0,2.0,1.0,0.0,274.0,0.0,8.0,Match Report,2020-08-23,15:00 (06:00),Ligue 1,Matchweek 1,Sun,Home,W,4.0,0.0,Brest,19.0,14.0,2.0,1.0,1.0,1.0,0.0,7.0,6.0,0.0,1.0,0.0,0.0,0.0,Match Report,2020-08-23,15:00 (06:00),Ligue 1,Matchweek 1,Sun,Home,W,4.0,0.0,Brest,18.0,9,8.0,9.0,1.0,7.0,21.0,33.3,14.0,6.0,2.0,4.0,14,32,21.0,0.0,Match Report,2020-08-23,15:00 (06:00),Ligue 1,Matchweek 1,Sun,Home,W,4.0,0.0,Brest,44.0,487.0,48.0,162.0,218.0,112.0,23.0,487.0,14.0,5.0,35.7,9.0,64.3,258.0,1334.0,700.0,18.0,8.0,6.0,21.0,9.0,267.0,31.0,Match Report,2020-08-23,15:00 (06:00),Ligue 1,Matchweek 1,Sun,Home,W,4.0,0.0,Brest,2,0,0,14,16,0,13,14,9,0.0,0.0,0,50.0,15.0,18.0,45.5,Match Report
2020-08-30,15:00 (06:00),Ligue 1,Matchweek 2,Sun,Away,L,1.0,2.0,Nantes,1,18,9,50.0,0.06,0.11,15.7,0.0,0,0,1.2,1.2,0.07,-0.2,-0.2,Match Report,2020-08-30,15:00 (06:00),Ligue 1,Matchweek 2,Sun,Away,L,1.0,2.0,Nantes,4,2,2,75.0,0,1.9,-0.1,1,1,0,0,3.0,10.0,30.0,45.0,4.0,17.8,26.4,2.0,100.0,65.5,9.0,0.0,0.0,10.0,30.5,Match Report,2020-08-30,15:00 (06:00),Ligue 1,Matchweek 2,Sun,Away,L,1.0,2.0,Nantes,474.0,606.0,78.2,9008.0,3162.0,186.0,215.0,86.5,218.0,252.0,86.5,62.0,108.0,57.4,1,1.0,0.8,15.0,51.0,11.0,4.0,63.0,Match Report,2020-08-30,15:00 (06:00),Ligue 1,Matchweek 2,Sun,Away,L,1.0,2.0,Nantes,606.0,536.0,69.0,19.0,0.0,6.0,32,37.0,8.0,5.0,3.0,0.0,474.0,1.0,13.0,Match Report,2020-08-30,15:00 (06:00),Ligue 1,Matchweek 2,Sun,Away,L,1.0,2.0,Nantes,29.0,19.0,4.0,1.0,4.0,1.0,0.0,2.0,2.0,0.0,0.0,0.0,0.0,0.0,Match Report,2020-08-30,15:00 (06:00),Ligue 1,Matchweek 2,Sun,Away,L,1.0,2.0,Nantes,11.0,7,3.0,4.0,4.0,10.0,12.0,83.3,2.0,13.0,1.0,12.0,10,21,10.0,1.0,Match Report,2020-08-30,15:00 (06:00),Ligue 1,Matchweek 2,Sun,Away,L,1.0,2.0,Nantes,67.0,698.0,45.0,197.0,293.0,215.0,26.0,698.0,20.0,7.0,35.0,13.0,65.0,402.0,1920.0,1085.0,20.0,8.0,1.0,11.0,13.0,471.0,63.0,Match Report,2020-08-30,15:00 (06:00),Ligue 1,Matchweek 2,Sun,Away,L,1.0,2.0,Nantes,2,0,0,9,16,1,32,10,7,0.0,1.0,0,52.0,15.0,19.0,44.1,Match Report
2020-09-13,15:00 (06:00),Ligue 1,Matchweek 3,Sun,Home,L,2.0,4.0,Rennes,2,17,9,52.9,0.12,0.22,17.5,0.0,0,0,1.3,1.3,0.08,0.7,0.7,Match Report,2020-09-13,15:00 (06:00),Ligue 1,Matchweek 3,Sun,Home,L,2.0,4.0,Rennes,6,4,2,33.3,0,2.1,-1.9,0,0,0,0,10.0,17.0,58.8,37.0,4.0,40.5,32.8,4.0,50.0,37.3,12.0,0.0,0.0,4.0,18.8,Match Report,2020-09-13,15:00 (06:00),Ligue 1,Matchweek 3,Sun,Home,L,2.0,4.0,Rennes,303.0,398.0,76.1,6229.0,2339.0,104.0,120.0,86.7,135.0,161.0,83.9,53.0,95.0,55.8,1,0.8,0.6,9.0,27.0,3.0,3.0,34.0,Match Report,2020-09-13,15:00 (06:00),Ligue 1,Matchweek 3,Sun,Home,L,2.0,4.0,Rennes,398.0,353.0,44.0,13.0,1.0,7.0,25,14.0,8.0,3.0,3.0,1.0,303.0,1.0,4.0,Match Report,2020-09-13,15:00 (06:00),Ligue 1,Matchweek 3,Sun,Home,L,2.0,4.0,Rennes,20.0,15.0,2.0,2.0,1.0,0.0,0.0,4.0,3.0,0.0,1.0,0.0,0.0,0.0,Match Report,2020-09-13,15:00 (06:00),Ligue 1,Matchweek 3,Sun,Home,L,2.0,4.0,Rennes,18.0,12,8.0,10.0,0.0,14.0,24.0,58.3,10.0,10.0,1.0,9.0,12,30,8.0,0.0,Match Report,2020-09-13,15:00 (06:00),Ligue 1,Matchweek 3,Sun,Home,L,2.0,4.0,Rennes,45.0,503.0,47.0,163.0,244.0,104.0,18.0,503.0,12.0,6.0,50.0,6.0,50.0,271.0,1370.0,786.0,13.0,7.0,5.0,11.0,7.0,299.0,34.0,Match Report,2020-09-13,15:00 (06:00),Ligue 1,Matchweek 3,Sun,Home,L,2.0,4.0,Rennes,2,0,0,17,13,1,25,12,12,0.0,0.0,0,57.0,21.0,14.0,60.0,Match Report
2020-09-18,21:00 (12:00),Ligue 1,Matchweek 4,Fri,Away,D,0.0,0.0,Lyon,0,10,3,30.0,0.0,0.0,26.3,0.0,0,0,0.7,0.7,0.07,-0.7,-0.7,Match Report,2020-09-18,21:00 (12:00),Ligue 1,Matchweek 4,Fri,Away,D,0.0,0.0,Lyon,3,0,3,100.0,1,0.3,0.3,0,0,0,0,9.0,31.0,29.0,25.0,0.0,88.0,51.0,11.0,81.8,50.1,32.0,1.0,3.1,0.0,7.3,Match Report,2020-09-18,21:00 (12:00),Ligue 1,Matchweek 4,Fri,Away,D,0.0,0.0,Lyon,161.0,263.0,61.2,3171.0,1564.0,75.0,94.0,79.8,51.0,74.0,68.9,30.0,74.0,40.5,0,0.3,0.2,7.0,13.0,0.0,0.0,17.0,Match Report,2020-09-18,21:00 (12:00),Ligue 1,Matchweek 4,Fri,Away,D,0.0,0.0,Lyon,263.0,209.0,54.0,18.0,0.0,4.0,9,22.0,2.0,1.0,0.0,1.0,161.0,0.0,6.0,Match Report,2020-09-18,21:00 (12:00),Ligue 1,Matchweek 4,Fri,Away,D,0.0,0.0,Lyon,16.0,12.0,0.0,2.0,2.0,0.0,0.0,0.0,0.0,0.0,0.0,0.0,0.0,0.0,Match Report,2020-09-18,21:00 (12:00),Ligue 1,Matchweek 4,Fri,Away,D,0.0,0.0,Lyon,29.0,16,13.0,12.0,4.0,12.0,37.0,32.4,25.0,13.0,8.0,5.0,16,45,39.0,0.0,Match Report,2020-09-18,21:00 (12:00),Ligue 1,Matchweek 4,Fri,Away,D,0.0,0.0,Lyon,27.0,419.0,96.0,193.0,165.0,74.0,8.0,419.0,25.0,18.0,72.0,7.0,28.0,194.0,1090.0,529.0,9.0,8.0,1.0,18.0,13.0,158.0,17.0,Match Report,2020-09-18,21:00 (12:00),Ligue 1,Matchweek 4,Fri,Away,D,0.0,0.0,Lyon,2,0,0,12,16,0,9,16,16,0.0,0.0,0,56.0,16.0,21.0,43.2,Match Report
2020-09-27,15:00 (06:00),Ligue 1,Matchweek 5,Sun,Home,D,1.0,1.0,Lens,1,13,4,30.8,0.08,0.25,24.8,0.0,0,0,0.5,0.5,0.04,0.5,0.5,Match Report,2020-09-27,15:00 (06:00),Ligue 1,Matchweek 5,Sun,Home,D,1.0,1.0,Lens,5,1,4,80.0,0,1.1,0.1,0,0,0,0,7.0,23.0,30.4,28.0,1.0,64.3,47.5,5.0,100.0,58.8,19.0,0.0,0.0,0.0,,Match Report,2020-09-27,15:00 (06:00),Ligue 1,Matchweek 5,Sun,Home,D,1.0,1.0,Lens,343.0,486.0,70.6,7411.0,2969.0,109.0,151.0,72.2,161.0,192.0,83.9,67.0,117.0,57.3,0,0.4,0.4,8.0,35.0,7.0,3.0,30.0,Match Report,2020-09-27,15:00 (06:00),Ligue 1,Matchweek 5,Sun,Home,D,1.0,1.0,Lens,486.0,422.0,62.0,17.0,0.0,4.0,21,33.0,5.0,0.0,4.0,0.0,343.0,2.0,11.0,Match Report,2020-09-27,15:00 (06:00),Ligue 1,Matchweek 5,Sun,Home,D,1.0,1.0,Lens,20.0,13.0,2.0,2.0,2.0,1.0,0.0,2.0,1.0,0.0,1.0,0.0,0.0,0.0,Match Report,2020-09-27,15:00 (06:00),Ligue 1,Matchweek 5,Sun,Home,D,1.0,1.0,Lens,18.0,5,10.0,6.0,2.0,9.0,21.0,42.9,12.0,12.0,4.0,8.0,17,35,17.0,0.0,Match Report,2020-09-27,15:00 (06:00),Ligue 1,Matchweek 5,Sun,Home,D,1.0,1.0,Lens,51.0,611.0,65.0,205.0,284.0,127.0,14.0,611.0,9.0,5.0,55.6,4.0,44.4,318.0,1550.0,618.0,17.0,12.0,2.0,22.0,8.0,340.0,30.0,Match Report,2020-09-27,15:00 (06:00),Ligue 1,Matchweek 5,Sun,Home,D,1.0,1.0,Lens,0,0,0,10,16,2,21,17,5,0.0,0.0,0,65.0,22.0,28.0,44.0,Match Report
2020-10-04,13:00 (04:00),Ligue 1,Matchweek 6,Sun,Away,W,1.0,0.0,Montpellier,1,8,1,12.5,0.13,1.0,20.0,1.0,0,0,0.7,0.7,0.08,0.3,0.3,Match Report,2020-10-04,13:00 (04:00),Ligue 1,Matchweek 6,Sun,Away,W,1.0,0.0,Montpellier,2,0,2,100.0,1,0.2,0.2,0,0,0,0,6.0,19.0,31.6,21.0,2.0,47.6,37.5,9.0,100.0,70.9,20.0,1.0,5.0,0.0,7.5,Match Report,2020-10-04,13:00 (04:00),Ligue 1,Matchweek 6,Sun,Away,W,1.0,0.0,Montpellier,316.0,422.0,74.9,6400.0,2682.0,121.0,140.0,86.4,144.0,176.0,81.8,47.0,91.0,51.6,1,0.6,0.4,6.0,30.0,5.0,2.0,30.0,Match Report,2020-10-04,13:00 (04:00),Ligue 1,Matchweek 6,Sun,Away,W,1.0,0.0,Montpellier,422.0,375.0,47.0,15.0,1.0,3.0,16,20.0,2.0,1.0,1.0,0.0,316.0,0.0,8.0,Match Report,2020-10-04,13:00 (04:00),Ligue 1,Matchweek 6,Sun,Away,W,1.0,0.0,Montpellier,13.0,11.0,0.0,0.0,0.0,1.0,1.0,2.0,2.0,0.0,0.0,0.0,0.0,0.0,Match Report,2020-10-04,13:00 (04:00),Ligue 1,Matchweek 6,Sun,Away,W,1.0,0.0,Montpellier,13.0,8,6.0,5.0,2.0,8.0,13.0,61.5,5.0,23.0,5.0,18.0,16,29,20.0,0.0,Match Report,2020-10-04,13:00 (04:00),Ligue 1,Matchweek 6,Sun,Away,W,1.0,0.0,Montpellier,47.0,545.0,58.0,188.0,255.0,110.0,9.0,545.0,17.0,9.0,52.9,8.0,47.1,302.0,1703.0,866.0,18.0,14.0,2.0,15.0,6.0,312.0,29.0,Match Report,2020-10-04,13:00 (04:00),Ligue 1,Matchweek 6,Sun,Away,W,1.0,0.0,Montpellier,1,0,0,15,14,0,16,16,8,0.0,0.0,0,59.0,21.0,24.0,46.7,Match Report
2020-10-16,21:00 (12:00),Ligue 1,Matchweek 7,Fri,Home,L,0.0,4.0,Paris S-G,0,5,2,40.0,0.0,0.0,25.3,0.0,0,0,0.2,0.2,0.04,-0.2,-0.2,Match Report,2020-10-16,21:00 (12:00),Ligue 1,Matchweek 7,Fri,Home,L,0.0,4.0,Paris S-G,11,4,7,63.6,0,4.3,0.3,0,0,0,0,15.0,35.0,42.9,23.0,1.0,82.6,50.6,17.0,94.1,53.6,21.0,1.0,4.8,2.0,19.5,Match Report,2020-10-16,21:00 (12:00),Ligue 1,Matchweek 7,Fri,Home,L,0.0,4.0,Paris S-G,165.0,256.0,64.5,3217.0,1819.0,72.0,99.0,72.7,62.0,79.0,78.5,25.0,60.0,41.7,0,0.2,0.1,4.0,9.0,1.0,1.0,16.0,Match Report,2020-10-16,21:00 (12:00),Ligue 1,Matchweek 7,Fri,Home,L,0.0,4.0,Paris S-G,256.0,197.0,58.0,12.0,0.0,1.0,7,23.0,1.0,0.0,1.0,0.0,165.0,1.0,6.0,Match Report,2020-10-16,21:00 (12:00),Ligue 1,Matchweek 7,Fri,Home,L,0.0,4.0,Paris S-G,9.0,6.0,1.0,1.0,0.0,0.0,1.0,0.0,0.0,0.0,0.0,0.0,0.0,0.0,Match Report,2020-10-16,21:00 (12:00),Ligue 1,Matchweek 7,Fri,Home,L,0.0,4.0,Paris S-G,12.0,8,5.0,5.0,2.0,2.0,12.0,16.7,10.0,11.0,5.0,6.0,13,25,22.0,2.0,Match Report,2020-10-16,21:00 (12:00),Ligue 1,Matchweek 7,Fri,Home,L,0.0,4.0,Paris S-G,25.0,370.0,77.0,177.0,142.0,55.0,4.0,370.0,11.0,5.0,45.5,6.0,54.5,185.0,600.0,236.0,1.0,3.0,0.0,16.0,5.0,162.0,15.0,Match Report,2020-10-16,21:00 (12:00),Ligue 1,Matchweek 7,Fri,Home,L,0.0,4.0,Paris S-G,1,1,0,10,12,1,7,13,8,0.0,0.0,0,45.0,9.0,20.0,31.0,Match Report
2020-10-25,15:00 (07:00),Ligue 1,Matchweek 8,Sun,Away,L,0.0,2.0,Bordeaux,0,8,4,50.0,0.0,0.0,17.2,1.0,0,0,0.7,0.7,0.09,-0.7,-0.7,Match Report,2020-10-25,15:00 (07:00),Ligue 1,Matchweek 8,Sun,Away,L,0.0,2.0,Bordeaux,6,2,4,83.3,0,2.2,0.2,1,1,0,0,4.0,10.0,40.0,38.0,2.0,15.8,27.3,9.0,44.4,35.2,16.0,0.0,0.0,3.0,18.2,Match Report,2020-10-25,15:00 (07:00),Ligue 1,Matchweek 8,Sun,Away,L,0.0,2.0,Bordeaux,328.0,422.0,77.7,6693.0,2080.0,97.0,110.0,88.2,171.0,197.0,86.8,48.0,91.0,52.7,0,0.5,0.3,5.0,23.0,2.0,0.0,25.0,Match Report,2020-10-25,15:00 (07:00),Ligue 1,Matchweek 8,Sun,Away,L,0.0,2.0,Bordeaux,422.0,371.0,50.0,10.0,0.0,4.0,17,24.0,4.0,1.0,3.0,0.0,328.0,1.0,5.0,Match Report,2020-10-25,15:00 (07:00),Ligue 1,Matchweek 8,Sun,Away,L,0.0,2.0,Bordeaux,12.0,7.0,2.0,0.0,1.0,1.0,1.0,0.0,0.0,0.0,0.0,0.0,0.0,0.0,Match Report,2020-10-25,15:00 (07:00),Ligue 1,Matchweek 8,Sun,Away,L,0.0,2.0,Bordeaux,20.0,13,6.0,8.0,6.0,8.0,30.0,26.7,22.0,11.0,5.0,6.0,8,28,22.0,1.0,Match Report,2020-10-25,15:00 (07:00),Ligue 1,Matchweek 8,Sun,Away,L,0.0,2.0,Bordeaux,41.0,532.0,73.0,200.0,224.0,114.0,10.0,532.0,15.0,4.0,26.7,11.0,73.3,316.0,1411.0,704.0,10.0,5.0,2.0,11.0,3.0,328.0,25.0,Match Report,2020-10-25,15:00 (07:00),Ligue 1,Matchweek 8,Sun,Away,L,0.0,2.0,Bordeaux,3,0,0,16,9,1,17,8,13,0.0,1.0,0,46.0,12.0,17.0,41.4,Match Report
2020-11-01,15:00 (06:00),Ligue 1,Matchweek 9,Sun,Home,L,0.0,1.0,Metz,0,16,2,12.5,0.0,0.0,19.7,0.0,0,0,0.9,0.9,0.06,-0.9,-0.9,Match Report,2020-11-01,15:00 (06:00),Ligue 1,Matchweek 9,Sun,Home,L,0.0,1.0,Metz,5,1,4,80.0,0,1.2,0.2,0,0,0,0,2.0,6.0,33.3,34.0,7.0,17.6,29.1,3.0,0.0,24.0,6.0,0.0,0.0,3.0,24.0,Match Report,2020-11-01,15:00 (06:00),Ligue 1,Matchweek 9,Sun,Home,L,0.0,1.0,Metz,511.0,649.0,78.7,9599.0,3339.0,217.0,248.0,87.5,211.0,243.0,86.8,73.0,127.0,57.5,0,0.6,1.1,10.0,42.0,9.0,4.0,67.0,Match Report,2020-11-01,15:00 (06:00),Ligue 1,Matchweek 9,Sun,Home,L,0.0,1.0,Metz,649.0,575.0,73.0,16.0,0.0,14.0,39,42.0,10.0,6.0,3.0,0.0,511.0,1.0,13.0,Match Report,2020-11-01,15:00 (06:00),Ligue 1,Matchweek 9,Sun,Home,L,0.0,1.0,Metz,26.0,18.0,3.0,1.0,3.0,1.0,0.0,0.0,0.0,0.0,0.0,0.0,0.0,0.0,Match Report,2020-11-01,15:00 (06:00),Ligue 1,Matchweek 9,Sun,Home,L,0.0,1.0,Metz,12.0,8,3.0,6.0,3.0,4.0,9.0,44.4,5.0,4.0,2.0,2.0,9,21,8.0,0.0,Match Report,2020-11-01,15:00 (06:00),Ligue 1,Matchweek 9,Sun,Home,L,0.0,1.0,Metz,67.0,728.0,36.0,174.0,359.0,198.0,17.0,728.0,8.0,4.0,50.0,4.0,50.0,443.0,1958.0,1053.0,16.0,11.0,1.0,12.0,17.0,509.0,67.0,Match Report,2020-11-01,15:00 (06:00),Ligue 1,Matchweek 9,Sun,Home,L,0.0,1.0,Metz,3,0,0,13,14,1,39,9,8,0.0,0.0,0,48.0,24.0,23.0,51.1,Match Report
2020-11-08,15:00 (06:00),Ligue 1,Matchweek 10,Sun,Home,L,1.0,5.0,Angers,1,11,4,36.4,0.09,0.25,16.3,2.0,0,0,1.9,1.9,0.18,-0.9,-0.9,Match Report,2020-11-08,15:00 (06:00),Ligue 1,Matchweek 10,Sun,Home,L,1.0,5.0,Angers,8,5,3,50.0,0,2.6,-2.4,1,1,0,0,5.0,7.0,71.4,25.0,4.0,20.0,28.6,4.0,50.0,42.3,6.0,0.0,0.0,2.0,25.0,Match Report,2020-11-08,15:00 (06:00),Ligue 1,Matchweek 10,Sun,Home,L,1.0,5.0,Angers,433.0,544.0,79.6,8185.0,3047.0,181.0,207.0,87.4,189.0,224.0,84.4,51.0,90.0,56.7,1,1.8,1.3,8.0,46.0,8.0,3.0,50.0,Match Report,2020-11-08,15:00 (06:00),Ligue 1,Matchweek 10,Sun,Home,L,1.0,5.0,Angers,544.0,492.0,51.0,15.0,0.0,7.0,30,20.0,6.0,2.0,3.0,0.0,433.0,1.0,6.0,Match Report,2020-11-08,15:00 (06:00),Ligue 1,Matchweek 10,Sun,Home,L,1.0,5.0,Angers,20.0,13.0,1.0,1.0,1.0,3.0,1.0,2.0,2.0,0.0,0.0,0.0,0.0,0.0,Match Report,2020-11-08,15:00 (06:00),Ligue 1,Matchweek 10,Sun,Home,L,1.0,5.0,Angers,12.0,8,5.0,6.0,1.0,6.0,13.0,46.2,7.0,18.0,5.0,13.0,12,24,10.0,0.0,Match Report,2020-11-08,15:00 (06:00),Ligue 1,Matchweek 10,Sun,Home,L,1.0,5.0,Angers,59.0,632.0,43.0,184.0,309.0,143.0,17.0,632.0,15.0,12.0,80.0,3.0,20.0,332.0,1899.0,1113.0,19.0,9.0,3.0,14.0,6.0,429.0,50.0,Match Report,2020-11-08,15:00 (06:00),Ligue 1,Matchweek 10,Sun,Home,L,1.0,5.0,Angers,2,0,0,14,14,1,30,12,8,0.0,1.0,0,39.0,11.0,16.0,40.7,Match Report
2020-11-22,15:00 (06:00),Ligue 1,Matchweek 11,Sun,Away,W,1.0,0.0,Reims,1,5,4,80.0,0.0,0.0,27.0,0.0,1,1,1.0,0.2,0.04,0.0,-0.2,Match Report,2020-11-22,15:00 (06:00),Ligue 1,Matchweek 11,Sun,Away,W,1.0,0.0,Reims,6,0,6,100.0,1,1.4,1.4,0,0,0,0,9.0,27.0,33.3,25.0,0.0,88.0,54.3,6.0,83.3,55.3,23.0,0.0,0.0,0.0,4.0,Match Report,2020-11-22,15:00 (06:00),Ligue 1,Matchweek 11,Sun,Away,W,1.0,0.0,Reims,188.0,292.0,64.4,3874.0,2035.0,79.0,98.0,80.6,61.0,84.0,72.6,39.0,90.0,43.3,0,0.2,0.1,5.0,15.0,2.0,1.0,23.0,Match Report,2020-11-22,15:00 (06:00),Ligue 1,Matchweek 11,Sun,Away,W,1.0,0.0,Reims,292.0,234.0,57.0,21.0,0.0,6.0,8,28.0,1.0,0.0,1.0,0.0,188.0,1.0,4.0,Match Report,2020-11-22,15:00 (06:00),Ligue 1,Matchweek 11,Sun,Away,W,1.0,0.0,Reims,9.0,5.0,0.0,2.0,0.0,1.0,1.0,2.0,0.0,0.0,1.0,0.0,1.0,0.0,Match Report,2020-11-22,15:00 (06:00),Ligue 1,Matchweek 11,Sun,Away,W,1.0,0.0,Reims,13.0,7,7.0,6.0,0.0,6.0,20.0,30.0,14.0,11.0,4.0,7.0,21,34,35.0,0.0,Match Report,2020-11-22,15:00 (06:00),Ligue 1,Matchweek 11,Sun,Away,W,1.0,0.0,Reims,30.0,439.0,79.0,192.0,178.0,77.0,7.0,438.0,17.0,8.0,47.1,9.0,52.9,195.0,990.0,478.0,9.0,9.0,3.0,16.0,11.0,186.0,23.0,Match Report,2020-11-22,15:00 (06:00),Ligue 1,Matchweek 11,Sun,Away,W,1.0,0.0,Reims,1,0,0,11,17,1,8,21,7,1.0,0.0,0,57.0,14.0,22.0,38.9,Match Report
2020-11-29,15:00 (06:00),Ligue 1,Matchweek 12,Sun,Away,L,0.0,3.0,Monaco,0,6,2,33.3,0.0,0.0,19.3,0.0,0,0,0.3,0.3,0.05,-0.3,-0.3,Match Report,2020-11-29,15:00 (06:00),Ligue 1,Matchweek 12,Sun,Away,L,0.0,3.0,Monaco,5,3,2,40.0,0,3.0,0.0,0,0,0,0,7.0,33.0,21.2,31.0,4.0,71.0,46.5,16.0,68.8,52.4,22.0,1.0,4.5,2.0,19.0,Match Report,2020-11-29,15:00 (06:00),Ligue 1,Matchweek 12,Sun,Away,L,0.0,3.0,Monaco,224.0,325.0,68.9,3986.0,1794.0,105.0,124.0,84.7,82.0,104.0,78.8,26.0,76.0,34.2,0,0.3,0.3,5.0,17.0,0.0,0.0,18.0,Match Report,2020-11-29,15:00 (06:00),Ligue 1,Matchweek 12,Sun,Away,L,0.0,3.0,Monaco,325.0,270.0,54.0,18.0,0.0,4.0,14,13.0,3.0,0.0,3.0,0.0,224.0,1.0,3.0,Match Report,2020-11-29,15:00 (06:00),Ligue 1,Matchweek 12,Sun,Away,L,0.0,3.0,Monaco,10.0,6.0,3.0,1.0,0.0,0.0,0.0,0.0,0.0,0.0,0.0,0.0,0.0,0.0,Match Report,2020-11-29,15:00 (06:00),Ligue 1,Matchweek 12,Sun,Away,L,0.0,3.0,Monaco,18.0,12,8.0,8.0,2.0,7.0,18.0,38.9,11.0,11.0,6.0,5.0,7,25,26.0,1.0,Match Report,2020-11-29,15:00 (06:00),Ligue 1,Matchweek 12,Sun,Away,L,0.0,3.0,Monaco,33.0,432.0,79.0,168.0,191.0,78.0,7.0,432.0,17.0,6.0,35.3,11.0,64.7,220.0,799.0,375.0,5.0,7.0,1.0,14.0,6.0,222.0,18.0,Match Report,2020-11-29,15:00 (06:00),Ligue 1,Matchweek 12,Sun,Away,L,0.0,3.0,Monaco,1,1,0,9,15,1,14,7,12,0.0,0.0,0,42.0,12.0,23.0,34.3,Match Report
2020-12-04,21:00 (12:00),Ligue 1,Matchweek 13,Fri,Home,L,0.0,2.0,Marseille,0,7,0,0.0,0.0,,19.0,1.0,0,0,0.7,0.7,0.1,-0.7,-0.7,Match Report,2020-12-04,21:00 (12:00),Ligue 1,Matchweek 13,Fri,Home,L,0.0,2.0,Marseille,4,2,2,50.0,0,2.0,0.0,0,0,0,0,3.0,26.0,11.5,37.0,2.0,54.1,40.7,6.0,100.0,60.2,16.0,1.0,6.3,0.0,6.3,Match Report,2020-12-04,21:00 (12:00),Ligue 1,Matchweek 13,Fri,Home,L,0.0,2.0,Marseille,223.0,323.0,69.0,4094.0,1597.0,86.0,105.0,81.9,108.0,135.0,80.0,24.0,65.0,36.9,0,0.6,0.4,5.0,13.0,1.0,1.0,20.0,Match Report,2020-12-04,21:00 (12:00),Ligue 1,Matchweek 13,Fri,Home,L,0.0,2.0,Marseille,323.0,276.0,45.0,21.0,1.0,2.0,8,14.0,1.0,1.0,0.0,0.0,223.0,2.0,6.0,Match Report,2020-12-04,21:00 (12:00),Ligue 1,Matchweek 13,Fri,Home,L,0.0,2.0,Marseille,12.0,6.0,2.0,0.0,0.0,4.0,0.0,0.0,0.0,0.0,0.0,0.0,0.0,0.0,Match Report,2020-12-04,21:00 (12:00),Ligue 1,Matchweek 13,Fri,Home,L,0.0,2.0,Marseille,10.0,5,3.0,7.0,0.0,3.0,18.0,16.7,15.0,14.0,6.0,8.0,12,22,16.0,0.0,Match Report,2020-12-04,21:00 (12:00),Ligue 1,Matchweek 13,Fri,Home,L,0.0,2.0,Marseille,32.0,437.0,65.0,190.0,190.0,63.0,8.0,437.0,18.0,9.0,50.0,9.0,50.0,179.0,926.0,468.0,9.0,6.0,3.0,17.0,4.0,222.0,20.0,Match Report,2020-12-04,21:00 (12:00),Ligue 1,Matchweek 13,Fri,Home,L,0.0,2.0,Marseille,3,1,1,11,17,2,8,12,5,0.0,0.0,0,54.0,12.0,18.0,40.0,Match Report
2020-12-13,15:00 (06:00),Ligue 1,Matchweek 14,Sun,Away,L,0.0,3.0,Lorient,0,6,2,33.3,0.0,0.0,14.8,0.0,0,0,0.5,0.5,0.09,-0.5,-0.5,Match Report,2020-12-13,15:00 (06:00),Ligue 1,Matchweek 14,Sun,Away,L,0.0,3.0,Lorient,5,3,2,60.0,0,2.6,-0.4,1,1,0,0,5.0,18.0,27.8,48.0,9.0,31.3,34.0,6.0,50.0,34.2,7.0,0.0,0.0,3.0,24.0,Match Report,2020-12-13,15:00 (06:00),Ligue 1,Matchweek 14,Sun,Away,L,0.0,3.0,Lorient,431.0,566.0,76.1,8362.0,2722.0,149.0,179.0,83.2,228.0,263.0,86.7,50.0,103.0,48.5,0,0.5,0.6,5.0,32.0,7.0,2.0,37.0,Match Report,2020-12-13,15:00 (06:00),Ligue 1,Matchweek 14,Sun,Away,L,0.0,3.0,Lorient,566.0,494.0,72.0,20.0,0.0,4.0,20,39.0,3.0,1.0,2.0,0.0,431.0,0.0,12.0,Match Report,2020-12-13,15:00 (06:00),Ligue 1,Matchweek 14,Sun,Away,L,0.0,3.0,Lorient,11.0,6.0,2.0,1.0,0.0,1.0,1.0,0.0,0.0,0.0,0.0,0.0,0.0,0.0,Match Report,2020-12-13,15:00 (06:00),Ligue 1,Matchweek 14,Sun,Away,L,0.0,3.0,Lorient,16.0,9,3.0,9.0,4.0,6.0,17.0,35.3,11.0,11.0,2.0,9.0,16,32,10.0,0.0,Match Report,2020-12-13,15:00 (06:00),Ligue 1,Matchweek 14,Sun,Away,L,0.0,3.0,Lorient,56.0,663.0,53.0,202.0,328.0,139.0,12.0,663.0,13.0,11.0,84.6,2.0,15.4,349.0,2004.0,927.0,9.0,15.0,0.0,22.0,12.0,428.0,36.0,Match Report,2020-12-13,15:00 (06:00),Ligue 1,Matchweek 14,Sun,Away,L,0.0,3.0,Lorient,0,0,0,7,17,0,20,16,9,0.0,1.0,0,59.0,19.0,20.0,48.7,Match Report
2020-12-16,19:00 (10:00),Ligue 1,Matchweek 15,Wed,Home,L,0.0,2.0,Nice,0,15,4,26.7,0.0,0.0,20.0,0.0,0,0,1.1,1.1,0.07,-1.1,-1.1,Match Report,2020-12-16,19:00 (10:00),Ligue 1,Matchweek 15,Wed,Home,L,0.0,2.0,Nice,6,2,4,66.7,0,1.1,-0.9,0,0,0,0,6.0,16.0,37.5,22.0,2.0,45.5,38.0,11.0,54.5,47.5,9.0,0.0,0.0,0.0,11.7,Match Report,2020-12-16,19:00 (10:00),Ligue 1,Matchweek 15,Wed,Home,L,0.0,2.0,Nice,374.0,465.0,80.4,6862.0,2279.0,163.0,188.0,86.7,163.0,181.0,90.1,46.0,81.0,56.8,0,1.1,1.1,13.0,24.0,7.0,1.0,38.0,Match Report,2020-12-16,19:00 (10:00),Ligue 1,Matchweek 15,Wed,Home,L,0.0,2.0,Nice,465.0,411.0,53.0,10.0,0.0,5.0,16,26.0,4.0,1.0,2.0,0.0,374.0,1.0,5.0,Match Report,2020-12-16,19:00 (10:00),Ligue 1,Matchweek 15,Wed,Home,L,0.0,2.0,Nice,28.0,20.0,5.0,1.0,1.0,0.0,1.0,0.0,0.0,0.0,0.0,0.0,0.0,0.0,Match Report,2020-12-16,19:00 (10:00),Ligue 1,Matchweek 15,Wed,Home,L,0.0,2.0,Nice,21.0,14,10.0,9.0,2.0,9.0,20.0,45.0,11.0,9.0,1.0,8.0,18,39,18.0,0.0,Match Report,2020-12-16,19:00 (10:00),Ligue 1,Matchweek 15,Wed,Home,L,0.0,2.0,Nice,45.0,581.0,57.0,179.0,264.0,146.0,22.0,581.0,17.0,10.0,58.8,7.0,41.2,368.0,1739.0,947.0,19.0,15.0,4.0,14.0,10.0,368.0,38.0,Match Report,2020-12-16,19:00 (10:00),Ligue 1,Matchweek 15,Wed,Home,L,0.0,2.0,Nice,1,0,0,8,10,1,16,18,14,0.0,0.0,0,55.0,14.0,9.0,60.9,Match Report
2020-12-20,15:00 (06:00),Ligue 1,Matchweek 16,Sun,Away,D,2.0,2.0,Saint-Étienne,2,8,3,37.5,0.13,0.33,20.5,2.0,1,1,1.6,0.8,0.1,0.4,0.2,Match Report,2020-12-20,15:00 (06:00),Ligue 1,Matchweek 16,Sun,Away,D,2.0,2.0,Saint-Étienne,9,2,6,77.8,0,2.6,0.6,1,0,1,0,15.0,28.0,53.6,39.0,5.0,51.3,39.0,10.0,80.0,54.7,21.0,0.0,0.0,0.0,14.0,Match Report,2020-12-20,15:00 (06:00),Ligue 1,Matchweek 16,Sun,Away,D,2.0,2.0,Saint-Étienne,284.0,377.0,75.3,5742.0,2645.0,114.0,136.0,83.8,115.0,138.0,83.3,50.0,84.0,59.5,0,0.3,0.5,5.0,20.0,6.0,1.0,30.0,Match Report,2020-12-20,15:00 (06:00),Ligue 1,Matchweek 16,Sun,Away,D,2.0,2.0,Saint-Étienne,377.0,320.0,57.0,14.0,1.0,4.0,15,27.0,3.0,0.0,3.0,0.0,284.0,0.0,7.0,Match Report,2020-12-20,15:00 (06:00),Ligue 1,Matchweek 16,Sun,Away,D,2.0,2.0,Saint-Étienne,15.0,8.0,3.0,0.0,0.0,3.0,1.0,2.0,1.0,0.0,0.0,0.0,1.0,0.0,Match Report,2020-12-20,15:00 (06:00),Ligue 1,Matchweek 16,Sun,Away,D,2.0,2.0,Saint-Étienne,15.0,11,9.0,3.0,3.0,11.0,18.0,61.1,7.0,5.0,2.0,3.0,15,30,22.0,1.0,Match Report,2020-12-20,15:00 (06:00),Ligue 1,Matchweek 16,Sun,Away,D,2.0,2.0,Saint-Étienne,41.0,493.0,77.0,192.0,179.0,127.0,14.0,492.0,19.0,8.0,42.1,11.0,57.9,244.0,1228.0,578.0,9.0,10.0,4.0,18.0,10.0,280.0,28.0,Match Report,2020-12-20,15:00 (06:00),Ligue 1,Matchweek 16,Sun,Away,D,2.0,2.0,Saint-Étienne,3,0,0,9,13,0,15,15,11,1.0,1.0,0,46.0,17.0,12.0,58.6,Match Report
2020-12-23,19:00 (10:00),Ligue 1,Matchweek 17,Wed,Home,L,1.0,3.0,Dijon,1,8,1,12.5,0.13,1.0,15.8,0.0,0,0,1.0,1.0,0.12,0.0,0.0,Match Report,2020-12-23,19:00 (10:00),Ligue 1,Matchweek 17,Wed,Home,L,1.0,3.0,Dijon,4,3,1,25.0,0,1.3,-1.7,0,0,0,0,3.0,14.0,21.4,34.0,2.0,26.5,31.6,8.0,62.5,48.6,16.0,0.0,0.0,1.0,19.0,Match Report,2020-12-23,19:00 (10:00),Ligue 1,Matchweek 17,Wed,Home,L,1.0,3.0,Dijon,311.0,425.0,73.2,5573.0,2218.0,139.0,159.0,87.4,131.0,166.0,78.9,35.0,79.0,44.3,1,0.8,0.5,5.0,24.0,4.0,1.0,29.0,Match Report,2020-12-23,19:00 (10:00),Ligue 1,Matchweek 17,Wed,Home,L,1.0,3.0,Dijon,425.0,367.0,55.0,16.0,1.0,5.0,21,21.0,7.0,2.0,4.0,0.0,311.0,3.0,8.0,Match Report,2020-12-23,19:00 (10:00),Ligue 1,Matchweek 17,Wed,Home,L,1.0,3.0,Dijon,13.0,10.0,2.0,0.0,1.0,0.0,0.0,2.0,2.0,0.0,0.0,0.0,0.0,0.0,Match Report,2020-12-23,19:00 (10:00),Ligue 1,Matchweek 17,Wed,Home,L,1.0,3.0,Dijon,15.0,12,9.0,4.0,2.0,6.0,18.0,33.3,12.0,8.0,4.0,4.0,11,26,13.0,0.0,Match Report,2020-12-23,19:00 (10:00),Ligue 1,Matchweek 17,Wed,Home,L,1.0,3.0,Dijon,46.0,528.0,58.0,209.0,214.0,112.0,13.0,528.0,18.0,9.0,50.0,9.0,50.0,245.0,1524.0,846.0,16.0,10.0,3.0,20.0,5.0,310.0,29.0,Match Report,2020-12-23,19:00 (10:00),Ligue 1,Matchweek 17,Wed,Home,L,1.0,3.0,Dijon,2,1,0,10,10,3,21,11,12,0.0,0.0,0,55.0,21.0,25.0,45.7,Match Report
2021-01-06,19:00 (10:00),Ligue 1,Matchweek 18,Wed,Away,L,0.0,5.0,Strasbourg,0,6,2,33.3,0.0,0.0,11.9,0.0,0,0,1.0,1.0,0.17,-1.0,-1.0,Match Report,2021-01-06,19:00 (10:00),Ligue 1,Matchweek 18,Wed,Away,L,0.0,5.0,Strasbourg,12,5,6,75.0,0,5.4,0.4,3,2,1,0,1.0,3.0,33.3,21.0,9.0,14.3,29.5,4.0,0.0,25.8,25.0,1.0,4.0,0.0,8.5,Match Report,2021-01-06,19:00 (10:00),Ligue 1,Matchweek 18,Wed,Away,L,0.0,5.0,Strasbourg,337.0,417.0,80.8,5810.0,2253.0,149.0,174.0,85.6,135.0,157.0,86.0,35.0,52.0,67.3,0,1.0,0.3,6.0,14.0,2.0,0.0,22.0,Match Report,2021-01-06,19:00 (10:00),Ligue 1,Matchweek 18,Wed,Away,L,0.0,5.0,Strasbourg,417.0,375.0,42.0,12.0,0.0,2.0,12,15.0,5.0,3.0,1.0,0.0,337.0,0.0,5.0,Match Report,2021-01-06,19:00 (10:00),Ligue 1,Matchweek 18,Wed,Away,L,0.0,5.0,Strasbourg,8.0,4.0,3.0,0.0,0.0,1.0,0.0,0.0,0.0,0.0,0.0,0.0,0.0,0.0,Match Report,2021-01-06,19:00 (10:00),Ligue 1,Matchweek 18,Wed,Away,L,0.0,5.0,Strasbourg,11.0,6,7.0,2.0,2.0,5.0,15.0,33.3,10.0,11.0,3.0,8.0,15,26,26.0,1.0,Match Report,2021-01-06,19:00 (10:00),Ligue 1,Matchweek 18,Wed,Away,L,0.0,5.0,Strasbourg,41.0,539.0,68.0,232.0,239.0,77.0,13.0,539.0,19.0,10.0,52.6,9.0,47.4,338.0,1787.0,945.0,12.0,11.0,4.0,13.0,10.0,332.0,22.0,Match Report,2021-01-06,19:00 (10:00),Ligue 1,Matchweek 18,Wed,Away,L,0.0,5.0,Strasbourg,2,0,0,6,12,0,12,15,6,0.0,3.0,0,42.0,6.0,13.0,31.6,Match Report
2021-01-09,21:00 (12:00),Ligue 1,Matchweek 19,Sat,Home,L,0.0,1.0,Lille,0,7,0,0.0,0.0,,19.7,0.0,0,0,0.4,0.4,0.05,-0.4,-0.4,Match Report,2021-01-09,21:00 (12:00),Ligue 1,Matchweek 19,Sat,Home,L,0.0,1.0,Lille,2,1,1,50.0,0,0.9,-0.1,0,0,0,0,3.0,16.0,18.8,38.0,7.0,26.3,30.8,11.0,54.5,44.0,9.0,0.0,0.0,0.0,,Match Report,2021-01-09,21:00 (12:00),Ligue 1,Matchweek 19,Sat,Home,L,0.0,1.0,Lille,413.0,526.0,78.5,8138.0,2707.0,162.0,177.0,91.5,194.0,228.0,85.1,55.0,98.0,56.1,0,0.1,0.4,3.0,26.0,2.0,0.0,32.0,Match Report,2021-01-09,21:00 (12:00),Ligue 1,Matchweek 19,Sat,Home,L,0.0,1.0,Lille,526.0,474.0,51.0,14.0,0.0,7.0,14,22.0,2.0,1.0,1.0,0.0,413.0,1.0,9.0,Match Report,2021-01-09,21:00 (12:00),Ligue 1,Matchweek 19,Sat,Home,L,0.0,1.0,Lille,12.0,9.0,0.0,1.0,1.0,0.0,1.0,0.0,0.0,0.0,0.0,0.0,0.0,0.0,Match Report,2021-01-09,21:00 (12:00),Ligue 1,Matchweek 19,Sat,Home,L,0.0,1.0,Lille,18.0,11,9.0,6.0,3.0,9.0,19.0,47.4,10.0,11.0,4.0,7.0,13,31,12.0,1.0,Match Report,2021-01-09,21:00 (12:00),Ligue 1,Matchweek 19,Sat,Home,L,0.0,1.0,Lille,48.0,627.0,73.0,287.0,226.0,117.0,14.0,627.0,15.0,7.0,46.7,8.0,53.3,362.0,1699.0,792.0,14.0,7.0,5.0,16.0,11.0,408.0,31.0,Match Report,2021-01-09,21:00 (12:00),Ligue 1,Matchweek 19,Sat,Home,L,0.0,1.0,Lille,0,0,0,12,13,1,14,13,11,0.0,0.0,0,51.0,8.0,13.0,38.1,Match Report
2021-01-16,17:00 (08:00),Ligue 1,Matchweek 20,Sat,Away,W,2.0,1.0,Marseille,2,8,5,62.5,0.25,0.4,13.8,1.0,0,0,1.4,1.4,0.18,0.6,0.6,Match Report,2021-01-16,17:00 (08:00),Ligue 1,Matchweek 20,Sat,Away,W,2.0,1.0,Marseille,6,1,5,83.3,0,1.7,0.7,1,0,0,1,6.0,22.0,27.3,41.0,8.0,48.8,37.9,5.0,40.0,37.0,22.0,0.0,0.0,0.0,6.7,Match Report,2021-01-16,17:00 (08:00),Ligue 1,Matchweek 20,Sat,Away,W,2.0,1.0,Marseille,305.0,411.0,74.2,5528.0,1982.0,142.0,158.0,89.9,127.0,155.0,81.9,31.0,68.0,45.6,2,1.4,1.2,7.0,7.0,6.0,2.0,17.0,Match Report,2021-01-16,17:00 (08:00),Ligue 1,Matchweek 20,Sat,Away,W,2.0,1.0,Marseille,411.0,359.0,45.0,13.0,0.0,3.0,14,22.0,3.0,1.0,2.0,0.0,305.0,7.0,12.0,Match Report,2021-01-16,17:00 (08:00),Ligue 1,Matchweek 20,Sat,Away,W,2.0,1.0,Marseille,14.0,9.0,1.0,2.0,1.0,1.0,0.0,4.0,4.0,0.0,0.0,0.0,0.0,0.0,Match Report,2021-01-16,17:00 (08:00),Ligue 1,Matchweek 20,Sat,Away,W,2.0,1.0,Marseille,14.0,9,9.0,4.0,1.0,10.0,17.0,58.8,7.0,14.0,4.0,10.0,11,25,27.0,1.0,Match Report,2021-01-16,17:00 (08:00),Ligue 1,Matchweek 20,Sat,Away,W,2.0,1.0,Marseille,37.0,536.0,89.0,268.0,184.0,90.0,14.0,536.0,16.0,7.0,43.8,9.0,56.3,207.0,1438.0,749.0,11.0,8.0,2.0,13.0,14.0,303.0,17.0,Match Report,2021-01-16,17:00 (08:00),Ligue 1,Matchweek 20,Sat,Away,W,2.0,1.0,Marseille,2,0,0,6,12,7,14,11,9,0.0,1.0,0,55.0,11.0,10.0,52.4,Match Report
2021-01-31,15:00 (06:00),Ligue 1,Matchweek 22,Sun,Away,L,1.0,3.0,Angers,1,7,3,42.9,0.0,0.0,26.6,1.0,1,1,1.1,0.3,0.04,-0.1,-0.3,Match Report,2021-01-31,15:00 (06:00),Ligue 1,Matchweek 22,Sun,Away,L,1.0,3.0,Angers,5,3,2,40.0,0,2.4,-0.6,0,0,0,0,2.0,4.0,50.0,42.0,5.0,7.1,23.5,6.0,16.7,27.7,11.0,1.0,9.1,0.0,9.0,Match Report,2021-01-31,15:00 (06:00),Ligue 1,Matchweek 22,Sun,Away,L,1.0,3.0,Angers,558.0,653.0,85.5,10043.0,2994.0,235.0,251.0,93.6,234.0,259.0,90.3,66.0,98.0,67.3,0,0.2,0.3,4.0,31.0,3.0,1.0,40.0,Match Report,2021-01-31,15:00 (06:00),Ligue 1,Matchweek 22,Sun,Away,L,1.0,3.0,Angers,653.0,600.0,51.0,8.0,0.0,8.0,19,25.0,8.0,5.0,3.0,0.0,558.0,2.0,10.0,Match Report,2021-01-31,15:00 (06:00),Ligue 1,Matchweek 22,Sun,Away,L,1.0,3.0,Angers,11.0,7.0,1.0,0.0,0.0,2.0,1.0,1.0,0.0,0.0,0.0,0.0,1.0,0.0,Match Report,2021-01-31,15:00 (06:00),Ligue 1,Matchweek 22,Sun,Away,L,1.0,3.0,Angers,18.0,8,9.0,5.0,4.0,10.0,15.0,66.7,5.0,7.0,1.0,6.0,7,25,15.0,1.0,Match Report,2021-01-31,15:00 (06:00),Ligue 1,Matchweek 22,Sun,Away,L,1.0,3.0,Angers,60.0,760.0,57.0,229.0,410.0,125.0,8.0,759.0,20.0,7.0,35.0,13.0,65.0,487.0,2295.0,1217.0,11.0,12.0,2.0,22.0,10.0,555.0,40.0,Match Report,2021-01-31,15:00 (06:00),Ligue 1,Matchweek 22,Sun,Away,L,1.0,3.0,Angers,3,0,0,7,7,2,19,7,8,0.0,0.0,0,45.0,7.0,11.0,38.9,Match Report
2021-02-03,21:00 (12:00),Ligue 1,Matchweek 23,Wed,Away,L,0.0,3.0,Paris S-G,0,19,6,31.6,0.0,0.0,17.0,0.0,0,0,2.0,2.0,0.11,-2.0,-2.0,Match Report,2021-02-03,21:00 (12:00),Ligue 1,Matchweek 23,Wed,Away,L,0.0,3.0,Paris S-G,6,3,3,50.0,0,2.3,-0.7,0,0,0,0,5.0,20.0,25.0,34.0,3.0,44.1,38.6,8.0,62.5,42.5,12.0,1.0,8.3,0.0,3.7,Match Report,2021-02-03,21:00 (12:00),Ligue 1,Matchweek 23,Wed,Away,L,0.0,3.0,Paris S-G,318.0,393.0,80.9,5902.0,1978.0,149.0,164.0,90.9,119.0,137.0,86.9,46.0,77.0,59.7,0,1.5,0.7,16.0,14.0,5.0,1.0,32.0,Match Report,2021-02-03,21:00 (12:00),Ligue 1,Matchweek 23,Wed,Away,L,0.0,3.0,Paris S-G,393.0,345.0,47.0,16.0,0.0,4.0,22,12.0,7.0,3.0,3.0,0.0,318.0,1.0,4.0,Match Report,2021-02-03,21:00 (12:00),Ligue 1,Matchweek 23,Wed,Away,L,0.0,3.0,Paris S-G,33.0,25.0,2.0,3.0,2.0,0.0,1.0,0.0,0.0,0.0,0.0,0.0,0.0,0.0,Match Report,2021-02-03,21:00 (12:00),Ligue 1,Matchweek 23,Wed,Away,L,0.0,3.0,Paris S-G,15.0,7,9.0,2.0,4.0,8.0,14.0,57.1,6.0,7.0,2.0,5.0,21,36,7.0,2.0,Match Report,2021-02-03,21:00 (12:00),Ligue 1,Matchweek 23,Wed,Away,L,0.0,3.0,Paris S-G,34.0,508.0,56.0,178.0,209.0,126.0,32.0,508.0,27.0,11.0,40.7,16.0,59.3,314.0,1727.0,889.0,25.0,17.0,13.0,14.0,5.0,315.0,32.0,Match Report,2021-02-03,21:00 (12:00),Ligue 1,Matchweek 23,Wed,Away,L,0.0,3.0,Paris S-G,1,0,0,11,13,1,22,21,7,0.0,0.0,0,42.0,4.0,13.0,23.5,Match Report
2021-02-07,15:00 (06:00),Ligue 1,Matchweek 24,Sun,Home,L,3.0,4.0,Monaco,3,9,4,44.4,0.33,0.75,15.4,2.0,0,0,1.4,1.4,0.16,1.6,1.6,Match Report,2021-02-07,15:00 (06:00),Ligue 1,Matchweek 24,Sun,Home,L,3.0,4.0,Monaco,5,4,1,20.0,0,2.2,-1.8,0,0,0,0,3.0,9.0,33.3,46.0,3.0,10.9,27.3,7.0,57.1,39.0,14.0,0.0,0.0,0.0,,Match Report,2021-02-07,15:00 (06:00),Ligue 1,Matchweek 24,Sun,Home,L,3.0,4.0,Monaco,363.0,456.0,79.6,6974.0,2668.0,125.0,146.0,85.6,196.0,216.0,90.7,37.0,75.0,49.3,1,1.0,1.5,5.0,18.0,5.0,2.0,24.0,Match Report,2021-02-07,15:00 (06:00),Ligue 1,Matchweek 24,Sun,Home,L,3.0,4.0,Monaco,456.0,405.0,51.0,16.0,0.0,5.0,15,18.0,5.0,3.0,0.0,0.0,363.0,0.0,8.0,Match Report,2021-02-07,15:00 (06:00),Ligue 1,Matchweek 24,Sun,Home,L,3.0,4.0,Monaco,17.0,10.0,0.0,2.0,1.0,3.0,1.0,5.0,2.0,0.0,1.0,1.0,1.0,0.0,Match Report,2021-02-07,15:00 (06:00),Ligue 1,Matchweek 24,Sun,Home,L,3.0,4.0,Monaco,23.0,15,11.0,10.0,2.0,14.0,23.0,60.9,9.0,6.0,3.0,3.0,20,43,18.0,1.0,Match Report,2021-02-07,15:00 (06:00),Ligue 1,Matchweek 24,Sun,Home,L,3.0,4.0,Monaco,44.0,559.0,71.0,289.0,204.0,70.0,13.0,559.0,14.0,9.0,64.3,5.0,35.7,260.0,1271.0,545.0,5.0,2.0,2.0,12.0,14.0,360.0,24.0,Match Report,2021-02-07,15:00 (06:00),Ligue 1,Matchweek 24,Sun,Home,L,3.0,4.0,Monaco,1,0,0,12,16,0,15,20,15,0.0,0.0,0,49.0,12.0,12.0,50.0,Match Report
2021-02-10,17:00 (08:00),Coupe de France,Round of 64,Wed,Home,L,1.0,3.0,Nice,1,9,3,33.3,0.11,0.33,,,0,0,,,,,,Match Report,2021-02-10,17:00 (08:00),Coupe de France,Round of 64,Wed,Home,L,1.0,3.0,Nice,8,3,5,62.5,0,,,0,0,0,0,,,,,,,,,,,,,,,,Match Report,2021-02-10,17:00 (08:00),Coupe de France,Round of 64,Wed,Home,L,1.0,3.0,Nice,,,,,,,,,,,,,,,1,,,,,,,,Match Report,2021-02-10,17:00 (08:00),Coupe de France,Round of 64,Wed,Home,L,1.0,3.0,Nice,,,,,,,13,,,,,,,,,Match Report,2021-02-10,17:00 (08:00),Coupe de France,Round of 64,Wed,Home,L,1.0,3.0,Nice,,,,,,,,,,,,,,,Match Report,2021-02-10,17:00 (08:00),Coupe de France,Round of 64,Wed,Home,L,1.0,3.0,Nice,,10,,,,,,,,,,,17,0,,,Match Report,2021-02-10,17:00 (08:00),Coupe de France,Round of 64,Wed,Home,L,1.0,3.0,Nice,,,,,,,,,,,,,,,,,,,,,,,,Match Report,2021-02-10,17:00 (08:00),Coupe de France,Round of 64,Wed,Home,L,1.0,3.0,Nice,0,0,0,9,12,0,13,17,10,,,0,,,,,Match Report
2021-02-14,15:00 (06:00),Ligue 1,Matchweek 25,Sun,Away,W,2.0,0.0,Dijon,2,8,4,50.0,0.25,0.5,14.7,0.0,0,0,1.7,1.7,0.22,0.3,0.3,Match Report,2021-02-14,15:00 (06:00),Ligue 1,Matchweek 25,Sun,Away,W,2.0,0.0,Dijon,3,0,3,100.0,1,0.4,0.4,0,0,0,0,7.0,31.0,22.6,40.0,1.0,50.0,39.4,12.0,91.7,59.3,12.0,1.0,8.3,1.0,14.0,Match Report,2021-02-14,15:00 (06:00),Ligue 1,Matchweek 25,Sun,Away,W,2.0,0.0,Dijon,379.0,516.0,73.4,6598.0,2436.0,179.0,214.0,83.6,139.0,169.0,82.2,43.0,93.0,46.2,2,1.7,1.5,6.0,20.0,8.0,1.0,36.0,Match Report,2021-02-14,15:00 (06:00),Ligue 1,Matchweek 25,Sun,Away,W,2.0,0.0,Dijon,516.0,455.0,57.0,17.0,1.0,5.0,8,27.0,0.0,0.0,0.0,0.0,379.0,4.0,10.0,Match Report,2021-02-14,15:00 (06:00),Ligue 1,Matchweek 25,Sun,Away,W,2.0,0.0,Dijon,12.0,7.0,1.0,2.0,1.0,1.0,0.0,4.0,3.0,0.0,1.0,0.0,0.0,0.0,Match Report,2021-02-14,15:00 (06:00),Ligue 1,Matchweek 25,Sun,Away,W,2.0,0.0,Dijon,22.0,15,5.0,14.0,3.0,10.0,22.0,45.5,12.0,11.0,0.0,11.0,6,28,21.0,0.0,Match Report,2021-02-14,15:00 (06:00),Ligue 1,Matchweek 25,Sun,Away,W,2.0,0.0,Dijon,50.0,623.0,62.0,204.0,300.0,126.0,17.0,623.0,18.0,14.0,77.8,4.0,22.2,347.0,1638.0,815.0,13.0,10.0,3.0,15.0,11.0,375.0,35.0,Match Report,2021-02-14,15:00 (06:00),Ligue 1,Matchweek 25,Sun,Away,W,2.0,0.0,Dijon,1,0,0,13,17,4,8,6,15,0.0,0.0,0,60.0,19.0,29.0,39.6,Match Report
2021-02-21,15:00 (06:00),Ligue 1,Matchweek 26,Sun,Home,W,2.0,0.0,Bordeaux,2,8,3,37.5,0.25,0.67,20.4,0.0,0,0,0.4,0.4,0.04,1.6,1.6,Match Report,2021-02-21,15:00 (06:00),Ligue 1,Matchweek 26,Sun,Home,W,2.0,0.0,Bordeaux,4,0,4,100.0,1,1.0,1.0,0,0,0,0,9.0,27.0,33.3,30.0,4.0,63.3,48.0,8.0,100.0,60.6,26.0,3.0,11.5,1.0,8.7,Match Report,2021-02-21,15:00 (06:00),Ligue 1,Matchweek 26,Sun,Home,W,2.0,0.0,Bordeaux,205.0,292.0,70.2,3677.0,1754.0,103.0,119.0,86.6,61.0,79.0,77.2,28.0,71.0,39.4,2,0.3,0.2,7.0,14.0,7.0,1.0,24.0,Match Report,2021-02-21,15:00 (06:00),Ligue 1,Matchweek 26,Sun,Home,W,2.0,0.0,Bordeaux,292.0,246.0,45.0,13.0,0.0,4.0,9,17.0,6.0,2.0,3.0,0.0,205.0,1.0,5.0,Match Report,2021-02-21,15:00 (06:00),Ligue 1,Matchweek 26,Sun,Home,W,2.0,0.0,Bordeaux,11.0,7.0,2.0,0.0,0.0,2.0,0.0,4.0,2.0,1.0,0.0,0.0,1.0,0.0,Match Report,2021-02-21,15:00 (06:00),Ligue 1,Matchweek 26,Sun,Home,W,2.0,0.0,Bordeaux,25.0,19,14.0,9.0,2.0,17.0,27.0,63.0,10.0,9.0,3.0,6.0,11,36,30.0,0.0,Match Report,2021-02-21,15:00 (06:00),Ligue 1,Matchweek 26,Sun,Home,W,2.0,0.0,Bordeaux,29.0,410.0,67.0,186.0,137.0,95.0,22.0,410.0,12.0,9.0,75.0,3.0,25.0,230.0,1178.0,621.0,17.0,10.0,8.0,18.0,11.0,203.0,24.0,Match Report,2021-02-21,15:00 (06:00),Ligue 1,Matchweek 26,Sun,Home,W,2.0,0.0,Bordeaux,0,0,0,10,11,1,9,11,19,0.0,0.0,0,45.0,11.0,12.0,47.8,Match Report
2021-02-24,19:00 (10:00),Ligue 1,Matchweek 21,Wed,Home,W,1.0,0.0,Lorient,1,6,1,16.7,0.0,0.0,25.8,0.0,1,1,1.0,0.2,0.04,0.0,-0.2,Match Report,2021-02-24,19:00 (10:00),Ligue 1,Matchweek 21,Wed,Home,W,1.0,0.0,Lorient,3,0,3,100.0,1,0.3,0.3,0,0,0,0,8.0,17.0,47.1,31.0,4.0,45.2,38.3,11.0,27.3,29.9,21.0,0.0,0.0,0.0,12.0,Match Report,2021-02-24,19:00 (10:00),Ligue 1,Matchweek 21,Wed,Home,W,1.0,0.0,Lorient,388.0,504.0,77.0,7446.0,2451.0,150.0,174.0,86.2,173.0,206.0,84.0,51.0,91.0,56.0,0,0.1,0.3,4.0,30.0,6.0,1.0,40.0,Match Report,2021-02-24,19:00 (10:00),Ligue 1,Matchweek 21,Wed,Home,W,1.0,0.0,Lorient,504.0,453.0,50.0,13.0,0.0,5.0,20,21.0,4.0,3.0,0.0,1.0,388.0,1.0,12.0,Match Report,2021-02-24,19:00 (10:00),Ligue 1,Matchweek 21,Wed,Home,W,1.0,0.0,Lorient,9.0,6.0,2.0,0.0,0.0,1.0,0.0,1.0,0.0,0.0,0.0,0.0,1.0,0.0,Match Report,2021-02-24,19:00 (10:00),Ligue 1,Matchweek 21,Wed,Home,W,1.0,0.0,Lorient,19.0,9,10.0,9.0,0.0,9.0,22.0,40.9,13.0,9.0,3.0,6.0,12,31,22.0,0.0,Match Report,2021-02-24,19:00 (10:00),Ligue 1,Matchweek 21,Wed,Home,W,1.0,0.0,Lorient,49.0,628.0,67.0,218.0,299.0,119.0,17.0,627.0,27.0,9.0,33.3,18.0,66.7,323.0,2128.0,1146.0,17.0,9.0,4.0,16.0,10.0,383.0,39.0,Match Report,2021-02-24,19:00 (10:00),Ligue 1,Matchweek 21,Wed,Home,W,1.0,0.0,Lorient,2,0,0,10,13,1,20,12,9,0.0,0.0,0,60.0,14.0,11.0,56.0,Match Report
2021-02-28,15:00 (06:00),Ligue 1,Matchweek 27,Sun,Home,D,1.0,1.0,Nantes,1,8,4,50.0,0.13,0.25,18.7,0.0,0,0,0.6,0.6,0.07,0.4,0.4,Match Report,2021-02-28,15:00 (06:00),Ligue 1,Matchweek 27,Sun,Home,D,1.0,1.0,Nantes,1,1,0,0.0,0,0.9,-0.1,0,0,0,0,13.0,30.0,43.3,50.0,3.0,46.0,36.5,11.0,63.6,43.8,14.0,0.0,0.0,0.0,14.0,Match Report,2021-02-28,15:00 (06:00),Ligue 1,Matchweek 27,Sun,Home,D,1.0,1.0,Nantes,432.0,557.0,77.6,7699.0,2863.0,194.0,213.0,91.1,174.0,218.0,79.8,51.0,99.0,51.5,1,0.6,0.3,8.0,29.0,4.0,0.0,28.0,Match Report,2021-02-28,15:00 (06:00),Ligue 1,Matchweek 27,Sun,Home,D,1.0,1.0,Nantes,557.0,483.0,74.0,27.0,0.0,3.0,9,33.0,1.0,0.0,0.0,0.0,432.0,0.0,6.0,Match Report,2021-02-28,15:00 (06:00),Ligue 1,Matchweek 27,Sun,Home,D,1.0,1.0,Nantes,12.0,7.0,2.0,0.0,1.0,2.0,0.0,0.0,0.0,0.0,0.0,0.0,0.0,0.0,Match Report,2021-02-28,15:00 (06:00),Ligue 1,Matchweek 27,Sun,Home,D,1.0,1.0,Nantes,19.0,14,12.0,6.0,1.0,8.0,19.0,42.1,11.0,9.0,3.0,6.0,24,43,17.0,0.0,Match Report,2021-02-28,15:00 (06:00),Ligue 1,Matchweek 27,Sun,Home,D,1.0,1.0,Nantes,60.0,686.0,68.0,274.0,309.0,114.0,11.0,686.0,22.0,13.0,59.1,9.0,40.9,454.0,1819.0,719.0,11.0,9.0,0.0,22.0,17.0,430.0,28.0,Match Report,2021-02-28,15:00 (06:00),Ligue 1,Matchweek 27,Sun,Home,D,1.0,1.0,Nantes,2,1,1,16,24,0,9,24,14,0.0,0.0,0,50.0,17.0,26.0,39.5,Match Report
2021-03-03,19:00 (10:00),Ligue 1,Matchweek 28,Wed,Away,L,1.0,2.0,Nice,1,22,7,31.8,0.05,0.14,15.8,0.0,0,0,2.4,2.4,0.12,-1.4,-1.4,Match Report,2021-03-03,19:00 (10:00),Ligue 1,Matchweek 28,Wed,Away,L,1.0,2.0,Nice,4,2,2,50.0,0,1.1,-0.9,0,0,0,0,13.0,24.0,54.2,35.0,5.0,45.7,35.4,10.0,80.0,49.3,6.0,0.0,0.0,0.0,11.0,Match Report,2021-03-03,19:00 (10:00),Ligue 1,Matchweek 28,Wed,Away,L,1.0,2.0,Nice,418.0,524.0,79.8,7184.0,2806.0,177.0,201.0,88.1,165.0,189.0,87.3,48.0,88.0,54.5,0,1.6,1.5,17.0,19.0,12.0,4.0,46.0,Match Report,2021-03-03,19:00 (10:00),Ligue 1,Matchweek 28,Wed,Away,L,1.0,2.0,Nice,524.0,468.0,55.0,16.0,1.0,4.0,23,20.0,6.0,2.0,1.0,0.0,418.0,1.0,6.0,Match Report,2021-03-03,19:00 (10:00),Ligue 1,Matchweek 28,Wed,Away,L,1.0,2.0,Nice,40.0,26.0,5.0,4.0,3.0,1.0,1.0,1.0,0.0,0.0,0.0,1.0,0.0,0.0,Match Report,2021-03-03,19:00 (10:00),Ligue 1,Matchweek 28,Wed,Away,L,1.0,2.0,Nice,8.0,6,4.0,3.0,1.0,4.0,13.0,30.8,9.0,10.0,1.0,9.0,17,25,10.0,1.0,Match Report,2021-03-03,19:00 (10:00),Ligue 1,Matchweek 28,Wed,Away,L,1.0,2.0,Nice,46.0,618.0,63.0,189.0,272.0,161.0,29.0,618.0,19.0,16.0,84.2,3.0,15.8,366.0,1752.0,899.0,20.0,13.0,7.0,13.0,15.0,416.0,45.0,Match Report,2021-03-03,19:00 (10:00),Ligue 1,Matchweek 28,Wed,Away,L,1.0,2.0,Nice,3,0,0,8,14,1,23,17,6,0.0,0.0,0,43.0,12.0,11.0,52.2,Match Report
2021-03-14,13:00 (05:00),Ligue 1,Matchweek 29,Sun,Home,D,1.0,1.0,Montpellier,1,12,6,50.0,0.08,0.17,20.9,1.0,0,0,1.6,1.6,0.13,-0.6,-0.6,Match Report,2021-03-14,13:00 (05:00),Ligue 1,Matchweek 29,Sun,Home,D,1.0,1.0,Montpellier,5,1,4,80.0,0,0.9,-0.1,0,0,0,0,8.0,26.0,30.8,31.0,1.0,64.5,44.9,10.0,60.0,42.8,30.0,0.0,0.0,0.0,,Match Report,2021-03-14,13:00 (05:00),Ligue 1,Matchweek 29,Sun,Home,D,1.0,1.0,Montpellier,199.0,319.0,62.4,3646.0,1802.0,74.0,105.0,70.5,76.0,101.0,75.2,31.0,78.0,39.7,1,1.5,1.1,9.0,18.0,5.0,1.0,15.0,Match Report,2021-03-14,13:00 (05:00),Ligue 1,Matchweek 29,Sun,Home,D,1.0,1.0,Montpellier,319.0,254.0,64.0,23.0,0.0,0.0,14,24.0,5.0,1.0,2.0,1.0,199.0,1.0,6.0,Match Report,2021-03-14,13:00 (05:00),Ligue 1,Matchweek 29,Sun,Home,D,1.0,1.0,Montpellier,22.0,14.0,3.0,1.0,1.0,1.0,2.0,2.0,2.0,0.0,0.0,0.0,0.0,0.0,Match Report,2021-03-14,13:00 (05:00),Ligue 1,Matchweek 29,Sun,Home,D,1.0,1.0,Montpellier,22.0,17,11.0,8.0,3.0,10.0,16.0,62.5,6.0,8.0,1.0,7.0,10,32,37.0,1.0,Match Report,2021-03-14,13:00 (05:00),Ligue 1,Matchweek 29,Sun,Home,D,1.0,1.0,Montpellier,39.0,450.0,79.0,198.0,165.0,91.0,14.0,450.0,9.0,6.0,66.7,3.0,33.3,196.0,1016.0,613.0,13.0,7.0,4.0,20.0,10.0,197.0,15.0,Match Report,2021-03-14,13:00 (05:00),Ligue 1,Matchweek 29,Sun,Home,D,1.0,1.0,Montpellier,2,0,0,11,16,1,14,10,17,0.0,0.0,0,47.0,14.0,29.0,32.6,Match Report
2021-03-21,17:05 (09:05),Ligue 1,Matchweek 30,Sun,Away,W,2.0,1.0,Lille,2,10,4,40.0,0.2,0.5,18.6,0.0,0,0,0.9,0.9,0.09,1.1,1.1,Match Report,2021-03-21,17:05 (09:05),Ligue 1,Matchweek 30,Sun,Away,W,2.0,1.0,Lille,4,1,3,75.0,0,0.8,-0.2,0,0,0,0,11.0,31.0,35.5,31.0,3.0,80.6,49.5,8.0,75.0,54.5,29.0,2.0,6.9,0.0,9.5,Match Report,2021-03-21,17:05 (09:05),Ligue 1,Matchweek 30,Sun,Away,W,2.0,1.0,Lille,207.0,308.0,67.2,3867.0,2035.0,92.0,114.0,80.7,68.0,94.0,72.3,31.0,71.0,43.7,2,0.8,0.3,9.0,15.0,6.0,0.0,25.0,Match Report,2021-03-21,17:05 (09:05),Ligue 1,Matchweek 30,Sun,Away,W,2.0,1.0,Lille,308.0,262.0,46.0,22.0,1.0,4.0,5,14.0,0.0,0.0,0.0,0.0,207.0,0.0,5.0,Match Report,2021-03-21,17:05 (09:05),Ligue 1,Matchweek 30,Sun,Away,W,2.0,1.0,Lille,15.0,13.0,1.0,1.0,0.0,0.0,0.0,2.0,2.0,0.0,0.0,0.0,0.0,0.0,Match Report,2021-03-21,17:05 (09:05),Ligue 1,Matchweek 30,Sun,Away,W,2.0,1.0,Lille,19.0,8,15.0,3.0,1.0,14.0,24.0,58.3,10.0,14.0,5.0,9.0,12,31,35.0,0.0,Match Report,2021-03-21,17:05 (09:05),Ligue 1,Matchweek 30,Sun,Away,W,2.0,1.0,Lille,28.0,456.0,74.0,213.0,159.0,92.0,13.0,456.0,15.0,9.0,60.0,6.0,40.0,220.0,1290.0,671.0,13.0,10.0,6.0,21.0,5.0,204.0,25.0,Match Report,2021-03-21,17:05 (09:05),Ligue 1,Matchweek 30,Sun,Away,W,2.0,1.0,Lille,0,0,0,10,19,0,5,12,8,0.0,0.0,0,57.0,15.0,20.0,42.9,Match Report
2021-04-04,17:05 (08:05),Ligue 1,Matchweek 31,Sun,Home,L,0.0,2.0,Saint-Étienne,0,13,2,15.4,0.0,0.0,19.6,2.0,0,1,1.7,0.9,0.07,-1.7,-0.9,Match Report,2021-04-04,17:05 (08:05),Ligue 1,Matchweek 31,Sun,Home,L,0.0,2.0,Saint-Étienne,5,2,3,60.0,0,1.1,-0.9,0,0,0,0,6.0,14.0,42.9,37.0,8.0,27.0,29.8,6.0,66.7,39.0,16.0,1.0,6.3,1.0,17.7,Match Report,2021-04-04,17:05 (08:05),Ligue 1,Matchweek 31,Sun,Home,L,0.0,2.0,Saint-Étienne,377.0,482.0,78.2,7297.0,2608.0,121.0,146.0,82.9,197.0,230.0,85.7,47.0,83.0,56.6,0,0.7,0.7,8.0,25.0,9.0,1.0,43.0,Match Report,2021-04-04,17:05 (08:05),Ligue 1,Matchweek 31,Sun,Home,L,0.0,2.0,Saint-Étienne,482.0,413.0,67.0,17.0,0.0,3.0,12,36.0,5.0,2.0,1.0,1.0,377.0,2.0,5.0,Match Report,2021-04-04,17:05 (08:05),Ligue 1,Matchweek 31,Sun,Home,L,0.0,2.0,Saint-Étienne,21.0,10.0,2.0,1.0,3.0,4.0,1.0,0.0,0.0,0.0,0.0,0.0,0.0,0.0,Match Report,2021-04-04,17:05 (08:05),Ligue 1,Matchweek 31,Sun,Home,L,0.0,2.0,Saint-Étienne,22.0,12,7.0,13.0,2.0,12.0,21.0,57.1,9.0,15.0,3.0,12.0,8,30,17.0,0.0,Match Report,2021-04-04,17:05 (08:05),Ligue 1,Matchweek 31,Sun,Home,L,0.0,2.0,Saint-Étienne,53.0,610.0,57.0,226.0,277.0,112.0,25.0,609.0,17.0,11.0,64.7,6.0,35.3,377.0,2093.0,1119.0,15.0,7.0,4.0,28.0,17.0,375.0,42.0,Match Report,2021-04-04,17:05 (08:05),Ligue 1,Matchweek 31,Sun,Home,L,0.0,2.0,Saint-Étienne,5,0,0,12,19,2,12,8,12,1.0,0.0,0,40.0,16.0,19.0,45.7,Match Report
2021-04-11,15:00 (06:00),Ligue 1,Matchweek 32,Sun,Away,D,1.0,1.0,Brest,1,5,3,60.0,0.2,0.33,13.1,0.0,0,0,0.9,0.9,0.19,0.1,0.1,Match Report,2021-04-11,15:00 (06:00),Ligue 1,Matchweek 32,Sun,Away,D,1.0,1.0,Brest,4,1,3,75.0,0,1.8,0.8,0,0,0,0,10.0,35.0,28.6,33.0,3.0,60.6,43.5,18.0,83.3,53.2,26.0,1.0,3.8,1.0,10.8,Match Report,2021-04-11,15:00 (06:00),Ligue 1,Matchweek 32,Sun,Away,D,1.0,1.0,Brest,225.0,336.0,67.0,4235.0,2012.0,102.0,129.0,79.1,85.0,110.0,77.3,33.0,78.0,42.3,1,0.9,0.6,4.0,16.0,2.0,0.0,14.0,Match Report,2021-04-11,15:00 (06:00),Ligue 1,Matchweek 32,Sun,Away,D,1.0,1.0,Brest,336.0,278.0,56.0,16.0,1.0,0.0,7,18.0,2.0,0.0,2.0,0.0,225.0,2.0,8.0,Match Report,2021-04-11,15:00 (06:00),Ligue 1,Matchweek 32,Sun,Away,D,1.0,1.0,Brest,9.0,5.0,0.0,2.0,2.0,0.0,0.0,2.0,2.0,0.0,0.0,0.0,0.0,0.0,Match Report,2021-04-11,15:00 (06:00),Ligue 1,Matchweek 32,Sun,Away,D,1.0,1.0,Brest,10.0,5,8.0,2.0,0.0,7.0,22.0,31.8,15.0,17.0,9.0,8.0,13,23,37.0,2.0,Match Report,2021-04-11,15:00 (06:00),Ligue 1,Matchweek 32,Sun,Away,D,1.0,1.0,Brest,37.0,475.0,105.0,239.0,156.0,84.0,14.0,475.0,14.0,6.0,42.9,8.0,57.1,205.0,888.0,391.0,9.0,5.0,4.0,27.0,6.0,224.0,13.0,Match Report,2021-04-11,15:00 (06:00),Ligue 1,Matchweek 32,Sun,Away,D,1.0,1.0,Brest,1,0,0,16,14,2,7,13,5,0.0,0.0,0,53.0,18.0,32.0,36.0,Match Report
2021-04-18,15:00 (06:00),Ligue 1,Matchweek 33,Sun,Home,D,1.0,1.0,Strasbourg,1,4,0,0.0,0.0,,14.6,0.0,1,1,1.4,0.6,0.16,-0.4,-0.6,Match Report,2021-04-18,15:00 (06:00),Ligue 1,Matchweek 33,Sun,Home,D,1.0,1.0,Strasbourg,3,1,1,66.7,0,1.2,0.2,1,0,1,0,5.0,12.0,41.7,29.0,4.0,31.0,28.2,4.0,75.0,52.5,8.0,0.0,0.0,2.0,26.5,Match Report,2021-04-18,15:00 (06:00),Ligue 1,Matchweek 33,Sun,Home,D,1.0,1.0,Strasbourg,429.0,532.0,80.6,8032.0,2504.0,160.0,187.0,85.6,215.0,245.0,87.8,44.0,78.0,56.4,0,0.6,0.5,3.0,29.0,3.0,0.0,32.0,Match Report,2021-04-18,15:00 (06:00),Ligue 1,Matchweek 33,Sun,Home,D,1.0,1.0,Strasbourg,532.0,472.0,57.0,16.0,1.0,6.0,16,33.0,2.0,0.0,2.0,0.0,429.0,3.0,5.0,Match Report,2021-04-18,15:00 (06:00),Ligue 1,Matchweek 33,Sun,Home,D,1.0,1.0,Strasbourg,10.0,6.0,2.0,0.0,0.0,2.0,0.0,2.0,1.0,0.0,0.0,0.0,1.0,0.0,Match Report,2021-04-18,15:00 (06:00),Ligue 1,Matchweek 33,Sun,Home,D,1.0,1.0,Strasbourg,12.0,7,5.0,5.0,2.0,3.0,18.0,16.7,15.0,5.0,2.0,3.0,12,24,10.0,0.0,Match Report,2021-04-18,15:00 (06:00),Ligue 1,Matchweek 33,Sun,Home,D,1.0,1.0,Strasbourg,52.0,627.0,39.0,231.0,307.0,92.0,15.0,626.0,19.0,8.0,42.1,11.0,57.9,395.0,1806.0,963.0,16.0,7.0,4.0,17.0,10.0,425.0,32.0,Match Report,2021-04-18,15:00 (06:00),Ligue 1,Matchweek 33,Sun,Home,D,1.0,1.0,Strasbourg,0,0,0,10,17,3,16,12,7,1.0,1.0,0,46.0,17.0,14.0,54.8,Match Report
2021-04-25,15:00 (06:00),Ligue 1,Matchweek 34,Sun,Away,L,1.0,2.0,Lens,1,15,1,6.7,0.0,0.0,19.6,1.0,1,1,1.6,0.8,0.05,-0.6,-0.8,Match Report,2021-04-25,15:00 (06:00),Ligue 1,Matchweek 34,Sun,Away,L,1.0,2.0,Lens,4,2,2,50.0,0,1.4,-0.6,0,0,0,0,2.0,6.0,33.3,18.0,4.0,27.8,34.5,5.0,20.0,29.8,8.0,1.0,12.5,1.0,18.0,Match Report,2021-04-25,15:00 (06:00),Ligue 1,Matchweek 34,Sun,Away,L,1.0,2.0,Lens,414.0,518.0,79.9,8319.0,2432.0,141.0,157.0,89.8,210.0,251.0,83.7,57.0,89.0,64.0,0,0.6,0.9,11.0,48.0,8.0,3.0,56.0,Match Report,2021-04-25,15:00 (06:00),Ligue 1,Matchweek 34,Sun,Away,L,1.0,2.0,Lens,518.0,463.0,54.0,13.0,0.0,8.0,25,27.0,6.0,3.0,3.0,0.0,414.0,1.0,9.0,Match Report,2021-04-25,15:00 (06:00),Ligue 1,Matchweek 34,Sun,Away,L,1.0,2.0,Lens,27.0,18.0,3.0,2.0,0.0,4.0,0.0,2.0,1.0,0.0,0.0,0.0,1.0,0.0,Match Report,2021-04-25,15:00 (06:00),Ligue 1,Matchweek 34,Sun,Away,L,1.0,2.0,Lens,17.0,8,11.0,4.0,2.0,3.0,12.0,25.0,9.0,10.0,1.0,9.0,12,29,5.0,0.0,Match Report,2021-04-25,15:00 (06:00),Ligue 1,Matchweek 34,Sun,Away,L,1.0,2.0,Lens,56.0,630.0,30.0,141.0,301.0,191.0,27.0,629.0,20.0,7.0,35.0,13.0,65.0,390.0,2096.0,1239.0,23.0,11.0,3.0,12.0,7.0,409.0,56.0,Match Report,2021-04-25,15:00 (06:00),Ligue 1,Matchweek 34,Sun,Away,L,1.0,2.0,Lens,2,0,0,15,13,1,25,12,8,1.0,0.0,0,45.0,12.0,12.0,50.0,Match Report
2021-05-02,15:00 (06:00),Ligue 1,Matchweek 35,Sun,Home,D,2.0,2.0,Reims,2,18,7,38.9,0.11,0.29,17.2,1.0,0,0,2.5,2.5,0.14,-0.5,-0.5,Match Report,2021-05-02,15:00 (06:00),Ligue 1,Matchweek 35,Sun,Home,D,2.0,2.0,Reims,7,2,5,71.4,0,2.2,0.2,0,0,0,0,8.0,18.0,44.4,28.0,3.0,53.6,39.5,6.0,50.0,42.0,11.0,0.0,0.0,2.0,24.3,Match Report,2021-05-02,15:00 (06:00),Ligue 1,Matchweek 35,Sun,Home,D,2.0,2.0,Reims,355.0,464.0,76.5,6737.0,2574.0,150.0,169.0,88.8,150.0,183.0,82.0,44.0,89.0,49.4,2,2.2,1.6,14.0,25.0,8.0,4.0,35.0,Match Report,2021-05-02,15:00 (06:00),Ligue 1,Matchweek 35,Sun,Home,D,2.0,2.0,Reims,464.0,399.0,64.0,11.0,1.0,3.0,26,34.0,10.0,5.0,4.0,0.0,355.0,1.0,10.0,Match Report,2021-05-02,15:00 (06:00),Ligue 1,Matchweek 35,Sun,Home,D,2.0,2.0,Reims,30.0,24.0,1.0,1.0,3.0,1.0,0.0,3.0,2.0,0.0,0.0,1.0,0.0,0.0,Match Report,2021-05-02,15:00 (06:00),Ligue 1,Matchweek 35,Sun,Home,D,2.0,2.0,Reims,14.0,7,4.0,6.0,4.0,5.0,16.0,31.3,11.0,8.0,2.0,6.0,11,25,14.0,0.0,Match Report,2021-05-02,15:00 (06:00),Ligue 1,Matchweek 35,Sun,Home,D,2.0,2.0,Reims,51.0,582.0,46.0,180.0,246.0,161.0,22.0,582.0,8.0,4.0,50.0,4.0,50.0,335.0,1818.0,981.0,18.0,15.0,3.0,19.0,9.0,353.0,34.0,Match Report,2021-05-02,15:00 (06:00),Ligue 1,Matchweek 35,Sun,Home,D,2.0,2.0,Reims,2,0,0,15,9,1,26,11,7,0.0,0.0,0,44.0,11.0,19.0,36.7,Match Report
2021-05-09,15:00 (06:00),Ligue 1,Matchweek 36,Sun,Away,W,3.0,0.0,Metz,3,9,4,44.4,0.22,0.5,17.5,0.0,1,1,1.9,1.1,0.12,1.1,0.9,Match Report,2021-05-09,15:00 (06:00),Ligue 1,Matchweek 36,Sun,Away,W,3.0,0.0,Metz,2,0,2,100.0,1,0.2,0.2,0,0,0,0,4.0,18.0,22.2,45.0,5.0,33.3,32.8,9.0,33.3,34.4,10.0,0.0,0.0,1.0,18.5,Match Report,2021-05-09,15:00 (06:00),Ligue 1,Matchweek 36,Sun,Away,W,3.0,0.0,Metz,320.0,431.0,74.2,5840.0,2366.0,122.0,138.0,88.4,160.0,194.0,82.5,29.0,72.0,40.3,2,1.1,1.2,8.0,28.0,8.0,3.0,32.0,Match Report,2021-05-09,15:00 (06:00),Ligue 1,Matchweek 36,Sun,Away,W,3.0,0.0,Metz,431.0,373.0,56.0,13.0,0.0,3.0,17,27.0,6.0,4.0,1.0,0.0,320.0,2.0,11.0,Match Report,2021-05-09,15:00 (06:00),Ligue 1,Matchweek 36,Sun,Away,W,3.0,0.0,Metz,16.0,14.0,0.0,1.0,0.0,1.0,0.0,5.0,4.0,0.0,0.0,0.0,1.0,0.0,Match Report,2021-05-09,15:00 (06:00),Ligue 1,Matchweek 36,Sun,Away,W,3.0,0.0,Metz,18.0,9,9.0,6.0,3.0,10.0,17.0,58.8,7.0,13.0,4.0,9.0,14,32,5.0,0.0,Match Report,2021-05-09,15:00 (06:00),Ligue 1,Matchweek 36,Sun,Away,W,3.0,0.0,Metz,42.0,520.0,51.0,158.0,245.0,121.0,17.0,519.0,2.0,1.0,50.0,1.0,50.0,267.0,1506.0,921.0,11.0,6.0,3.0,21.0,10.0,318.0,32.0,Match Report,2021-05-09,15:00 (06:00),Ligue 1,Matchweek 36,Sun,Away,W,3.0,0.0,Metz,2,0,0,12,12,2,17,14,9,1.0,0.0,0,48.0,6.0,14.0,30.0,Match Report
2021-05-16,21:00 (12:00),Ligue 1,Matchweek 37,Sun,Home,L,2.0,5.0,Lyon,2,8,4,50.0,0.25,0.5,17.0,0.0,0,0,1.0,1.0,0.12,1.0,1.0,Match Report,2021-05-16,21:00 (12:00),Ligue 1,Matchweek 37,Sun,Home,L,2.0,5.0,Lyon,13,5,8,61.5,0,3.9,-1.1,0,0,0,0,6.0,14.0,42.9,45.0,4.0,24.4,28.7,9.0,33.3,32.9,6.0,0.0,0.0,1.0,16.3,Match Report,2021-05-16,21:00 (12:00),Ligue 1,Matchweek 37,Sun,Home,L,2.0,5.0,Lyon,368.0,469.0,78.5,6629.0,2503.0,169.0,188.0,89.9,148.0,179.0,82.7,43.0,80.0,53.8,1,0.3,0.3,5.0,21.0,4.0,1.0,25.0,Match Report,2021-05-16,21:00 (12:00),Ligue 1,Matchweek 37,Sun,Home,L,2.0,5.0,Lyon,469.0,416.0,51.0,13.0,0.0,5.0,12,20.0,3.0,3.0,0.0,0.0,368.0,2.0,10.0,Match Report,2021-05-16,21:00 (12:00),Ligue 1,Matchweek 37,Sun,Home,L,2.0,5.0,Lyon,12.0,9.0,1.0,2.0,0.0,0.0,0.0,1.0,0.0,0.0,1.0,0.0,0.0,0.0,Match Report,2021-05-16,21:00 (12:00),Ligue 1,Matchweek 37,Sun,Home,L,2.0,5.0,Lyon,14.0,8,7.0,5.0,2.0,9.0,25.0,36.0,16.0,16.0,3.0,13.0,11,25,10.0,0.0,Match Report,2021-05-16,21:00 (12:00),Ligue 1,Matchweek 37,Sun,Home,L,2.0,5.0,Lyon,43.0,584.0,86.0,226.0,251.0,112.0,11.0,584.0,19.0,10.0,52.6,9.0,47.4,297.0,1811.0,940.0,15.0,14.0,1.0,19.0,9.0,367.0,25.0,Match Report,2021-05-16,21:00 (12:00),Ligue 1,Matchweek 37,Sun,Home,L,2.0,5.0,Lyon,0,0,0,7,13,2,12,11,8,0.0,0.0,0,60.0,8.0,15.0,34.8,Match Report
2021-05-23,21:00 (12:00),Ligue 1,Matchweek 38,Sun,Away,L,0.0,2.0,Rennes,0,9,2,22.2,0.0,0.0,24.6,0.0,0,0,0.6,0.6,0.07,-0.6,-0.6,Match Report,2021-05-23,21:00 (12:00),Ligue 1,Matchweek 38,Sun,Away,L,0.0,2.0,Rennes,6,2,4,66.7,0,1.5,-0.5,0,0,0,0,4.0,7.0,57.1,36.0,8.0,11.1,25.0,6.0,50.0,36.3,19.0,0.0,0.0,0.0,3.0,Match Report,2021-05-23,21:00 (12:00),Ligue 1,Matchweek 38,Sun,Away,L,0.0,2.0,Rennes,343.0,415.0,82.7,6154.0,2128.0,149.0,164.0,90.9,159.0,181.0,87.8,33.0,52.0,63.5,0,0.3,0.2,6.0,15.0,1.0,0.0,23.0,Match Report,2021-05-23,21:00 (12:00),Ligue 1,Matchweek 38,Sun,Away,L,0.0,2.0,Rennes,415.0,378.0,35.0,11.0,1.0,2.0,7,12.0,3.0,1.0,2.0,0.0,343.0,2.0,10.0,Match Report,2021-05-23,21:00 (12:00),Ligue 1,Matchweek 38,Sun,Away,L,0.0,2.0,Rennes,16.0,13.0,1.0,0.0,0.0,1.0,1.0,0.0,0.0,0.0,0.0,0.0,0.0,0.0,Match Report,2021-05-23,21:00 (12:00),Ligue 1,Matchweek 38,Sun,Away,L,0.0,2.0,Rennes,14.0,8,9.0,5.0,0.0,5.0,11.0,45.5,6.0,7.0,2.0,5.0,14,28,18.0,0.0,Match Report,2021-05-23,21:00 (12:00),Ligue 1,Matchweek 38,Sun,Away,L,0.0,2.0,Rennes,32.0,514.0,92.0,252.0,220.0,46.0,6.0,514.0,19.0,10.0,52.6,9.0,47.4,323.0,1580.0,927.0,14.0,6.0,3.0,15.0,6.0,342.0,23.0,Match Report,2021-05-23,21:00 (12:00),Ligue 1,Matchweek 38,Sun,Away,L,0.0,2.0,Rennes,0,0,0,10,10,2,7,14,8,0.0,0.0,0,39.0,4.0,7.0,36.4,Match Report
,,,,,,--,,,,41,393,134,34.1,0.09,0.25,18.6,17.0,7,8,,,0.1,41.0,34.0,,,,,,,,--,,,,204,74,127,66.7,8,64.1,-6.9,10,6,3,1,254.0,731.0,34.7,1287.0,148.0,41.2,36.1,308.0,65.3,46.7,600.0,17.0,2.8,41.0,16.1,,,,,,,,--,,,,12696.0,16714.0,76.0,239437.0,90404.0,5153.0,5992.0,86.0,5509.0,6565.0,83.9,1656.0,3200.0,51.8,27,,,285.0,903.0,199.0,58.0,1200.0,,,,,,,,--,,,,16714.0,14592.0,2072.0,594.0,13.0,167.0,630,902.0,161.0,68.0,68.0,5.0,12696.0,50.0,291.0,,,,,,,,--,,,,639.0,432.0,67.0,41.0,36.0,46.0,17.0,64.0,44.0,1.0,7.0,3.0,9.0,0.0,,,,,,,,--,,,,625.0,382,301.0,244.0,80.0,310.0,709.0,43.7,399.0,407.0,122.0,285.0,518,1126,710.0,17.0,,,,,,,,--,,,,,21040.0,2456.0,7793.0,9153.0,4316.0,583.0,21032.0,616.0,320.0,51.9,296.0,48.1,11514.0,58681.0,30411.0,520.0,353.0,126.0,645.0,362.0,12585.0,1187.0,,,,,,,,--,,,,60,5,2,433,545,50,630,518,382,6.0,10.0,0,1906.0,517.0,671.0,43.5,
