For Saint-Étienne_Date,For Saint-Étienne_Time,For Saint-Étienne_Comp,For Saint-Étienne_Round,For Saint-Étienne_Day,For Saint-Étienne_Venue,For Saint-Étienne_Result,For Saint-Étienne_GF,For Saint-Étienne_GA,For Saint-Étienne_Opponent,Standard_Gls,Standard_Sh,Standard_SoT,Standard_SoT%,Standard_G/Sh,Standard_G/SoT,Standard_Dist,Standard_FK,Standard_PK,Standard_PKatt,Expected_xG,Expected_npxG,Expected_npxG/Sh,Expected_G-xG,Expected_np:G-xG,Match Report,For Saint-Étienne_Date,For Saint-Étienne_Time,For Saint-Étienne_Comp,For Saint-Étienne_Round,For Saint-Étienne_Day,For Saint-Étienne_Venue,For Saint-Étienne_Result,For Saint-Étienne_GF,For Saint-Étienne_GA,For Saint-Étienne_Opponent,Performance_SoTA,Performance_GA,Performance_Saves,Performance_Save%,Performance_CS,Performance_PSxG,Performance_PSxG+/-,Penalty Kicks_PKatt,Penalty Kicks_PKA,Penalty Kicks_PKsv,Penalty Kicks_PKm,Launched_Cmp,Launched_Att,Launched_Cmp%,Passes_Att (GK),Passes_Thr,Passes_Launch%,Passes_AvgLen,Goal Kicks_Att,Goal Kicks_Launch%,Goal Kicks_AvgLen,Crosses_Opp,Crosses_Stp,Crosses_Stp%,Sweeper_#OPA,Sweeper_AvgDist,Match Report,For Saint-Étienne_Date,For Saint-Étienne_Time,For Saint-Étienne_Comp,For Saint-Étienne_Round,For Saint-Étienne_Day,For Saint-Étienne_Venue,For Saint-Étienne_Result,For Saint-Étienne_GF,For Saint-Étienne_GA,For Saint-Étienne_Opponent,Total_Cmp,Total_Att,Total_Cmp%,Total_TotDist,Total_PrgDist,Short_Cmp,Short_Att,Short_Cmp%,Medium_Cmp,Medium_Att,Medium_Cmp%,Long_Cmp,Long_Att,Long_Cmp%,Ast,xAG,xA,KP,1/3,PPA,CrsPA,PrgP,Match Report,For Saint-Étienne_Date,For Saint-Étienne_Time,For Saint-Étienne_Comp,For Saint-Étienne_Round,For Saint-Étienne_Day,For Saint-Étienne_Venue,For Saint-Étienne_Result,For Saint-Étienne_GF,For Saint-Étienne_GA,For Saint-Étienne_Opponent,For Saint-Étienne_Att,Pass Types_Live,Pass Types_Dead,Pass Types_FK,Pass Types_TB,Pass Types_Sw,Pass Types_Crs,Pass Types_TI,Pass Types_CK,Corner Kicks_In,Corner Kicks_Out,Corner Kicks_Str,Outcomes_Cmp,Outcomes_Off,Outcomes_Blocks,Match Report,For Saint-Étienne_Date,For Saint-Étienne_Time,For Saint-Étienne_Comp,For Saint-Étienne_Round,For Saint-Étienne_Day,For Saint-Étienne_Venue,For Saint-Étienne_Result,For Saint-Étienne_GF,For Saint-Étienne_GA,For Saint-Étienne_Opponent,SCA Types_SCA,SCA Types_PassLive,SCA Types_PassDead,SCA Types_TO,SCA Types_Sh,SCA Types_Fld,SCA Types_Def,GCA Types_GCA,GCA Types_PassLive,GCA Types_PassDead,GCA Types_TO,GCA Types_Sh,GCA Types_Fld,GCA Types_Def,Match Report,For Saint-Étienne_Date,For Saint-Étienne_Time,For Saint-Étienne_Comp,For Saint-Étienne_Round,For Saint-Étienne_Day,For Saint-Étienne_Venue,For Saint-Étienne_Result,For Saint-Étienne_GF,For Saint-Étienne_GA,For Saint-Étienne_Opponent,Tackles_Tkl,Tackles_TklW,Tackles_Def 3rd,Tackles_Mid 3rd,Tackles_Att 3rd,Challenges_Tkl,Challenges_Att,Challenges_Tkl%,Challenges_Lost,Blocks_Blocks,Blocks_Sh,Blocks_Pass,Int,Tkl+Int,Clr,Err,Match Report,For Saint-Étienne_Date,For Saint-Étienne_Time,For Saint-Étienne_Comp,For Saint-Étienne_Round,For Saint-Étienne_Day,For Saint-Étienne_Venue,For Saint-Étienne_Result,For Saint-Étienne_GF,For Saint-Étienne_GA,For Saint-Étienne_Opponent,For Saint-Étienne_Poss,Touches_Touches,Touches_Def Pen,Touches_Def 3rd,Touches_Mid 3rd,Touches_Att 3rd,Touches_Att Pen,Touches_Live,Take-Ons_Att,Take-Ons_Succ,Take-Ons_Succ%,Take-Ons_Tkld,Take-Ons_Tkld%,Carries_Carries,Carries_TotDist,Carries_PrgDist,Carries_PrgC,Carries_1/3,Carries_CPA,Carries_Mis,Carries_Dis,Receiving_Rec,Receiving_PrgR,Match Report,For Saint-Étienne_Date,For Saint-Étienne_Time,For Saint-Étienne_Comp,For Saint-Étienne_Round,For Saint-Étienne_Day,For Saint-Étienne_Venue,For Saint-Étienne_Result,For Saint-Étienne_GF,For Saint-Étienne_GA,For Saint-Étienne_Opponent,Performance_CrdY,Performance_CrdR,Performance_2CrdY,Performance_Fls,Performance_Fld,Performance_Off,Performance_Crs,Performance_Int,Performance_TklW,Performance_PKwon,Performance_PKcon,Performance_OG,Performance_Recov,Aerial Duels_Won,Aerial Duels_Lost,Aerial Duels_Won%,Match Report
2020-08-30,15:00 (06:00),Ligue 1,Matchweek 2,Sun,Home,W,2.0,0.0,Lorient,2,13,5,38.5,0.15,0.4,17.7,1.0,0,0,1.4,1.4,0.11,0.6,0.6,Match Report,2020-08-30,15:00 (06:00),Ligue 1,Matchweek 2,Sun,Home,W,2.0,0.0,Lorient,1,0,1,100.0,1,0.1,0.1,0,0,0,0,7.0,14.0,50.0,34.0,6.0,38.2,33.0,5.0,20.0,34.4,15.0,0.0,0.0,1.0,21.0,Match Report,2020-08-30,15:00 (06:00),Ligue 1,Matchweek 2,Sun,Home,W,2.0,0.0,Lorient,396.0,483.0,82.0,7343.0,2677.0,185.0,201.0,92.0,160.0,183.0,87.4,47.0,85.0,55.3,2,1.1,0.4,11.0,18.0,6.0,2.0,26.0,Match Report,2020-08-30,15:00 (06:00),Ligue 1,Matchweek 2,Sun,Home,W,2.0,0.0,Lorient,483.0,416.0,67.0,23.0,0.0,5.0,10,36.0,2.0,2.0,0.0,0.0,396.0,0.0,9.0,Match Report,2020-08-30,15:00 (06:00),Ligue 1,Matchweek 2,Sun,Home,W,2.0,0.0,Lorient,25.0,13.0,3.0,5.0,2.0,2.0,0.0,4.0,3.0,0.0,1.0,0.0,0.0,0.0,Match Report,2020-08-30,15:00 (06:00),Ligue 1,Matchweek 2,Sun,Home,W,2.0,0.0,Lorient,29.0,15,20.0,7.0,2.0,11.0,24.0,45.8,13.0,14.0,3.0,11.0,10,39,18.0,0.0,Match Report,2020-08-30,15:00 (06:00),Ligue 1,Matchweek 2,Sun,Home,W,2.0,0.0,Lorient,53.0,614.0,67.0,270.0,254.0,100.0,16.0,614.0,29.0,18.0,62.1,11.0,37.9,370.0,2050.0,1102.0,13.0,8.0,4.0,22.0,8.0,392.0,26.0,Match Report,2020-08-30,15:00 (06:00),Ligue 1,Matchweek 2,Sun,Home,W,2.0,0.0,Lorient,2,0,0,14,23,0,10,10,15,0.0,0.0,0,51.0,5.0,12.0,29.4,Match Report
2020-09-12,21:00 (12:00),Ligue 1,Matchweek 3,Sat,Home,W,2.0,0.0,Strasbourg,2,8,3,37.5,0.13,0.33,17.5,2.0,1,1,2.0,1.2,0.15,0.0,-0.2,Match Report,2020-09-12,21:00 (12:00),Ligue 1,Matchweek 3,Sat,Home,W,2.0,0.0,Strasbourg,6,0,6,100.0,1,1.3,1.3,0,0,0,0,4.0,10.0,40.0,19.0,4.0,36.8,32.9,5.0,60.0,45.2,5.0,2.0,40.0,0.0,11.0,Match Report,2020-09-12,21:00 (12:00),Ligue 1,Matchweek 3,Sat,Home,W,2.0,0.0,Strasbourg,304.0,412.0,73.8,5166.0,2252.0,148.0,170.0,87.1,122.0,156.0,78.2,29.0,63.0,46.0,0,0.3,0.2,5.0,21.0,3.0,1.0,27.0,Match Report,2020-09-12,21:00 (12:00),Ligue 1,Matchweek 3,Sat,Home,W,2.0,0.0,Strasbourg,412.0,346.0,63.0,16.0,0.0,1.0,23,35.0,6.0,1.0,5.0,0.0,304.0,3.0,9.0,Match Report,2020-09-12,21:00 (12:00),Ligue 1,Matchweek 3,Sat,Home,W,2.0,0.0,Strasbourg,16.0,8.0,4.0,1.0,0.0,2.0,1.0,3.0,1.0,1.0,1.0,0.0,0.0,0.0,Match Report,2020-09-12,21:00 (12:00),Ligue 1,Matchweek 3,Sat,Home,W,2.0,0.0,Strasbourg,18.0,10,7.0,8.0,3.0,6.0,15.0,40.0,9.0,11.0,4.0,7.0,12,30,21.0,0.0,Match Report,2020-09-12,21:00 (12:00),Ligue 1,Matchweek 3,Sat,Home,W,2.0,0.0,Strasbourg,49.0,537.0,55.0,175.0,247.0,119.0,15.0,536.0,10.0,5.0,50.0,5.0,50.0,327.0,1648.0,899.0,18.0,8.0,6.0,22.0,8.0,303.0,27.0,Match Report,2020-09-12,21:00 (12:00),Ligue 1,Matchweek 3,Sat,Home,W,2.0,0.0,Strasbourg,1,0,0,13,17,3,23,12,10,0.0,0.0,0,55.0,21.0,22.0,48.8,Match Report
2020-09-17,21:00 (12:00),Ligue 1,Matchweek 1,Thu,Away,W,2.0,0.0,Marseille,2,12,5,41.7,0.17,0.4,15.5,1.0,0,0,1.3,1.3,0.11,0.7,0.7,Match Report,2020-09-17,21:00 (12:00),Ligue 1,Matchweek 1,Thu,Away,W,2.0,0.0,Marseille,2,0,2,100.0,1,0.2,0.2,0,0,0,0,6.0,16.0,37.5,30.0,5.0,33.3,35.1,11.0,54.5,45.1,15.0,4.0,26.7,0.0,7.1,Match Report,2020-09-17,21:00 (12:00),Ligue 1,Matchweek 1,Thu,Away,W,2.0,0.0,Marseille,296.0,396.0,74.7,5490.0,2507.0,131.0,154.0,85.1,112.0,130.0,86.2,43.0,87.0,49.4,2,0.8,0.5,9.0,16.0,4.0,2.0,19.0,Match Report,2020-09-17,21:00 (12:00),Ligue 1,Matchweek 1,Thu,Away,W,2.0,0.0,Marseille,396.0,335.0,57.0,14.0,0.0,0.0,18,25.0,6.0,4.0,2.0,0.0,296.0,4.0,2.0,Match Report,2020-09-17,21:00 (12:00),Ligue 1,Matchweek 1,Thu,Away,W,2.0,0.0,Marseille,22.0,15.0,3.0,1.0,1.0,2.0,0.0,4.0,3.0,0.0,1.0,0.0,0.0,0.0,Match Report,2020-09-17,21:00 (12:00),Ligue 1,Matchweek 1,Thu,Away,W,2.0,0.0,Marseille,20.0,13,11.0,9.0,0.0,8.0,17.0,47.1,9.0,11.0,3.0,8.0,15,35,21.0,1.0,Match Report,2020-09-17,21:00 (12:00),Ligue 1,Matchweek 1,Thu,Away,W,2.0,0.0,Marseille,41.0,540.0,84.0,244.0,207.0,93.0,19.0,540.0,14.0,5.0,35.7,9.0,64.3,238.0,1352.0,696.0,16.0,8.0,4.0,23.0,7.0,294.0,19.0,Match Report,2020-09-17,21:00 (12:00),Ligue 1,Matchweek 1,Thu,Away,W,2.0,0.0,Marseille,2,0,0,15,12,4,18,15,13,0.0,0.0,0,60.0,15.0,10.0,60.0,Match Report
2020-09-20,17:00 (08:00),Ligue 1,Matchweek 4,Sun,Away,D,2.0,2.0,Nantes,2,6,3,50.0,0.33,0.67,20.7,0.0,0,0,1.0,1.0,0.17,1.0,1.0,Match Report,2020-09-20,17:00 (08:00),Ligue 1,Matchweek 4,Sun,Away,D,2.0,2.0,Nantes,3,2,1,33.3,0,1.0,-1.0,0,0,0,0,3.0,20.0,15.0,33.0,8.0,24.2,31.6,14.0,85.7,56.1,30.0,0.0,0.0,0.0,15.0,Match Report,2020-09-20,17:00 (08:00),Ligue 1,Matchweek 4,Sun,Away,D,2.0,2.0,Nantes,271.0,380.0,71.3,4655.0,1829.0,116.0,145.0,80.0,116.0,139.0,83.5,25.0,73.0,34.2,2,1.0,0.7,4.0,10.0,3.0,0.0,17.0,Match Report,2020-09-20,17:00 (08:00),Ligue 1,Matchweek 4,Sun,Away,D,2.0,2.0,Nantes,380.0,321.0,59.0,15.0,0.0,4.0,8,25.0,2.0,1.0,1.0,0.0,271.0,0.0,6.0,Match Report,2020-09-20,17:00 (08:00),Ligue 1,Matchweek 4,Sun,Away,D,2.0,2.0,Nantes,12.0,9.0,0.0,2.0,1.0,0.0,0.0,4.0,4.0,0.0,0.0,0.0,0.0,0.0,Match Report,2020-09-20,17:00 (08:00),Ligue 1,Matchweek 4,Sun,Away,D,2.0,2.0,Nantes,22.0,15,15.0,7.0,0.0,7.0,18.0,38.9,11.0,7.0,2.0,5.0,9,31,25.0,0.0,Match Report,2020-09-20,17:00 (08:00),Ligue 1,Matchweek 4,Sun,Away,D,2.0,2.0,Nantes,43.0,494.0,83.0,238.0,208.0,56.0,7.0,494.0,17.0,11.0,64.7,6.0,35.3,230.0,1212.0,624.0,10.0,7.0,3.0,20.0,4.0,268.0,17.0,Match Report,2020-09-20,17:00 (08:00),Ligue 1,Matchweek 4,Sun,Away,D,2.0,2.0,Nantes,2,0,0,17,10,0,8,9,15,0.0,0.0,0,43.0,13.0,23.0,36.1,Match Report
2020-09-26,17:00 (08:00),Ligue 1,Matchweek 5,Sat,Home,L,0.0,3.0,Rennes,0,6,4,66.7,0.0,0.0,18.0,0.0,0,0,0.3,0.3,0.05,-0.3,-0.3,Match Report,2020-09-26,17:00 (08:00),Ligue 1,Matchweek 5,Sat,Home,L,0.0,3.0,Rennes,6,3,3,50.0,0,1.5,-1.5,0,0,0,0,3.0,5.0,60.0,38.0,9.0,10.5,25.0,3.0,33.3,44.7,13.0,0.0,0.0,1.0,17.5,Match Report,2020-09-26,17:00 (08:00),Ligue 1,Matchweek 5,Sat,Home,L,0.0,3.0,Rennes,388.0,497.0,78.1,7240.0,2667.0,155.0,176.0,88.1,176.0,204.0,86.3,50.0,84.0,59.5,0,0.2,0.7,4.0,29.0,6.0,1.0,44.0,Match Report,2020-09-26,17:00 (08:00),Ligue 1,Matchweek 5,Sat,Home,L,0.0,3.0,Rennes,497.0,442.0,50.0,11.0,6.0,4.0,25,26.0,6.0,2.0,2.0,0.0,388.0,5.0,13.0,Match Report,2020-09-26,17:00 (08:00),Ligue 1,Matchweek 5,Sat,Home,L,0.0,3.0,Rennes,12.0,7.0,2.0,2.0,0.0,1.0,0.0,0.0,0.0,0.0,0.0,0.0,0.0,0.0,Match Report,2020-09-26,17:00 (08:00),Ligue 1,Matchweek 5,Sat,Home,L,0.0,3.0,Rennes,22.0,13,15.0,5.0,2.0,12.0,25.0,48.0,13.0,5.0,3.0,2.0,8,30,11.0,1.0,Match Report,2020-09-26,17:00 (08:00),Ligue 1,Matchweek 5,Sat,Home,L,0.0,3.0,Rennes,49.0,587.0,70.0,234.0,261.0,97.0,16.0,587.0,23.0,12.0,52.2,11.0,47.8,405.0,2332.0,1259.0,22.0,11.0,3.0,9.0,11.0,384.0,44.0,Match Report,2020-09-26,17:00 (08:00),Ligue 1,Matchweek 5,Sat,Home,L,0.0,3.0,Rennes,1,0,0,11,12,5,25,8,13,0.0,0.0,0,60.0,13.0,11.0,54.2,Match Report
2020-10-03,17:00 (08:00),Ligue 1,Matchweek 6,Sat,Away,L,0.0,2.0,Lens,0,2,1,50.0,0.0,0.0,16.0,0.0,0,0,0.1,0.1,0.06,-0.1,-0.1,Match Report,2020-10-03,17:00 (08:00),Ligue 1,Matchweek 6,Sat,Away,L,0.0,2.0,Lens,5,2,3,80.0,0,1.3,-0.7,1,1,0,0,6.0,26.0,23.1,33.0,2.0,51.5,43.8,11.0,81.8,59.6,19.0,0.0,0.0,2.0,17.5,Match Report,2020-10-03,17:00 (08:00),Ligue 1,Matchweek 6,Sat,Away,L,0.0,2.0,Lens,220.0,307.0,71.7,4107.0,1677.0,100.0,120.0,83.3,88.0,111.0,79.3,27.0,63.0,42.9,0,0.1,0.0,2.0,11.0,1.0,0.0,17.0,Match Report,2020-10-03,17:00 (08:00),Ligue 1,Matchweek 6,Sat,Away,L,0.0,2.0,Lens,307.0,243.0,64.0,25.0,0.0,4.0,5,25.0,0.0,0.0,0.0,0.0,220.0,0.0,6.0,Match Report,2020-10-03,17:00 (08:00),Ligue 1,Matchweek 6,Sat,Away,L,0.0,2.0,Lens,4.0,1.0,1.0,2.0,0.0,0.0,0.0,0.0,0.0,0.0,0.0,0.0,0.0,0.0,Match Report,2020-10-03,17:00 (08:00),Ligue 1,Matchweek 6,Sat,Away,L,0.0,2.0,Lens,13.0,7,8.0,4.0,1.0,7.0,13.0,53.8,6.0,13.0,2.0,11.0,8,21,23.0,0.0,Match Report,2020-10-03,17:00 (08:00),Ligue 1,Matchweek 6,Sat,Away,L,0.0,2.0,Lens,34.0,420.0,79.0,224.0,161.0,41.0,4.0,420.0,29.0,20.0,69.0,9.0,31.0,160.0,1012.0,404.0,7.0,9.0,1.0,17.0,16.0,219.0,17.0,Match Report,2020-10-03,17:00 (08:00),Ligue 1,Matchweek 6,Sat,Away,L,0.0,2.0,Lens,1,2,0,10,21,0,5,8,7,0.0,1.0,0,37.0,14.0,26.0,35.0,Match Report
2020-10-18,17:00 (08:00),Ligue 1,Matchweek 7,Sun,Home,L,1.0,3.0,Nice,1,11,4,36.4,0.09,0.25,19.4,1.0,0,0,0.8,0.8,0.07,0.2,0.2,Match Report,2020-10-18,17:00 (08:00),Ligue 1,Matchweek 7,Sun,Home,L,1.0,3.0,Nice,5,3,2,40.0,0,2.3,-0.7,0,0,0,0,1.0,2.0,50.0,14.0,4.0,0.0,28.0,6.0,33.3,39.5,8.0,0.0,0.0,0.0,9.2,Match Report,2020-10-18,17:00 (08:00),Ligue 1,Matchweek 7,Sun,Home,L,1.0,3.0,Nice,381.0,480.0,79.4,7078.0,2493.0,167.0,180.0,92.8,152.0,190.0,80.0,52.0,85.0,61.2,1,0.6,0.5,8.0,30.0,2.0,0.0,35.0,Match Report,2020-10-18,17:00 (08:00),Ligue 1,Matchweek 7,Sun,Home,L,1.0,3.0,Nice,480.0,432.0,46.0,10.0,0.0,7.0,27,19.0,7.0,2.0,4.0,0.0,381.0,2.0,5.0,Match Report,2020-10-18,17:00 (08:00),Ligue 1,Matchweek 7,Sun,Home,L,1.0,3.0,Nice,19.0,9.0,3.0,1.0,1.0,2.0,3.0,1.0,1.0,0.0,0.0,0.0,0.0,0.0,Match Report,2020-10-18,17:00 (08:00),Ligue 1,Matchweek 7,Sun,Home,L,1.0,3.0,Nice,18.0,10,6.0,7.0,5.0,7.0,22.0,31.8,15.0,14.0,1.0,13.0,12,30,8.0,2.0,Match Report,2020-10-18,17:00 (08:00),Ligue 1,Matchweek 7,Sun,Home,L,1.0,3.0,Nice,46.0,585.0,38.0,151.0,302.0,139.0,20.0,585.0,24.0,14.0,58.3,10.0,41.7,331.0,1964.0,911.0,20.0,17.0,5.0,14.0,17.0,378.0,35.0,Match Report,2020-10-18,17:00 (08:00),Ligue 1,Matchweek 7,Sun,Home,L,1.0,3.0,Nice,2,0,0,15,10,2,27,12,10,0.0,0.0,0,57.0,10.0,5.0,66.7,Match Report
2020-10-25,15:00 (07:00),Ligue 1,Matchweek 8,Sun,Away,L,0.0,2.0,Metz,0,10,0,0.0,0.0,,22.3,1.0,0,0,0.5,0.5,0.05,-0.5,-0.5,Match Report,2020-10-25,15:00 (07:00),Ligue 1,Matchweek 8,Sun,Away,L,0.0,2.0,Metz,3,2,2,33.3,0,0.4,-0.6,0,0,0,0,5.0,5.0,100.0,25.0,8.0,16.0,26.1,6.0,16.7,24.7,11.0,1.0,9.1,2.0,19.4,Match Report,2020-10-25,15:00 (07:00),Ligue 1,Matchweek 8,Sun,Away,L,0.0,2.0,Metz,388.0,503.0,77.1,7324.0,2822.0,154.0,191.0,80.6,170.0,201.0,84.6,57.0,84.0,67.9,0,0.4,0.5,9.0,21.0,3.0,0.0,39.0,Match Report,2020-10-25,15:00 (07:00),Ligue 1,Matchweek 8,Sun,Away,L,0.0,2.0,Metz,503.0,443.0,59.0,11.0,1.0,6.0,19,36.0,3.0,1.0,2.0,0.0,388.0,1.0,15.0,Match Report,2020-10-25,15:00 (07:00),Ligue 1,Matchweek 8,Sun,Away,L,0.0,2.0,Metz,18.0,11.0,4.0,1.0,0.0,2.0,0.0,0.0,0.0,0.0,0.0,0.0,0.0,0.0,Match Report,2020-10-25,15:00 (07:00),Ligue 1,Matchweek 8,Sun,Away,L,0.0,2.0,Metz,21.0,15,14.0,5.0,2.0,9.0,22.0,40.9,13.0,9.0,0.0,9.0,15,36,21.0,0.0,Match Report,2020-10-25,15:00 (07:00),Ligue 1,Matchweek 8,Sun,Away,L,0.0,2.0,Metz,57.0,639.0,52.0,228.0,296.0,118.0,18.0,639.0,27.0,15.0,55.6,12.0,44.4,348.0,2050.0,972.0,22.0,12.0,4.0,26.0,10.0,385.0,38.0,Match Report,2020-10-25,15:00 (07:00),Ligue 1,Matchweek 8,Sun,Away,L,0.0,2.0,Metz,3,0,0,18,10,1,19,15,15,0.0,0.0,1,62.0,25.0,20.0,55.6,Match Report
2020-11-01,13:00 (04:00),Ligue 1,Matchweek 9,Sun,Home,L,0.0,1.0,Montpellier,0,8,0,0.0,0.0,,18.5,0.0,0,0,0.7,0.7,0.09,-0.7,-0.7,Match Report,2020-11-01,13:00 (04:00),Ligue 1,Matchweek 9,Sun,Home,L,0.0,1.0,Montpellier,2,1,1,50.0,0,0.3,-0.7,0,0,0,0,1.0,3.0,33.3,23.0,9.0,13.0,28.2,6.0,0.0,26.7,12.0,1.0,8.3,0.0,11.3,Match Report,2020-11-01,13:00 (04:00),Ligue 1,Matchweek 9,Sun,Home,L,0.0,1.0,Montpellier,423.0,525.0,80.6,8021.0,2974.0,159.0,182.0,87.4,214.0,253.0,84.6,46.0,79.0,58.2,0,0.7,0.4,7.0,36.0,4.0,1.0,48.0,Match Report,2020-11-01,13:00 (04:00),Ligue 1,Matchweek 9,Sun,Home,L,0.0,1.0,Montpellier,525.0,468.0,57.0,19.0,0.0,6.0,27,22.0,8.0,3.0,4.0,0.0,423.0,0.0,6.0,Match Report,2020-11-01,13:00 (04:00),Ligue 1,Matchweek 9,Sun,Home,L,0.0,1.0,Montpellier,16.0,11.0,2.0,3.0,0.0,0.0,0.0,0.0,0.0,0.0,0.0,0.0,0.0,0.0,Match Report,2020-11-01,13:00 (04:00),Ligue 1,Matchweek 9,Sun,Home,L,0.0,1.0,Montpellier,17.0,10,7.0,8.0,2.0,9.0,20.0,45.0,11.0,12.0,2.0,10.0,13,30,12.0,0.0,Match Report,2020-11-01,13:00 (04:00),Ligue 1,Matchweek 9,Sun,Home,L,0.0,1.0,Montpellier,54.0,635.0,54.0,192.0,344.0,107.0,15.0,635.0,31.0,21.0,67.7,10.0,32.3,398.0,2380.0,1317.0,17.0,8.0,4.0,17.0,1.0,422.0,48.0,Match Report,2020-11-01,13:00 (04:00),Ligue 1,Matchweek 9,Sun,Home,L,0.0,1.0,Montpellier,3,0,0,16,17,0,27,13,10,0.0,0.0,0,48.0,12.0,25.0,32.4,Match Report
2020-11-08,21:00 (12:00),Ligue 1,Matchweek 10,Sun,Away,L,1.0,2.0,Lyon,0,14,4,28.6,0.0,0.0,19.3,1.0,0,1,1.9,1.1,0.08,-1.9,-1.1,Match Report,2020-11-08,21:00 (12:00),Ligue 1,Matchweek 10,Sun,Away,L,1.0,2.0,Lyon,6,2,4,66.7,0,2.4,0.4,0,0,0,0,2.0,13.0,15.4,23.0,5.0,30.4,38.4,10.0,60.0,46.0,7.0,0.0,0.0,1.0,13.0,Match Report,2020-11-08,21:00 (12:00),Ligue 1,Matchweek 10,Sun,Away,L,1.0,2.0,Lyon,221.0,333.0,66.4,4172.0,1811.0,98.0,123.0,79.7,90.0,118.0,76.3,28.0,76.0,36.8,0,1.0,0.7,12.0,17.0,9.0,4.0,19.0,Match Report,2020-11-08,21:00 (12:00),Ligue 1,Matchweek 10,Sun,Away,L,1.0,2.0,Lyon,333.0,272.0,61.0,19.0,0.0,5.0,17,24.0,5.0,3.0,1.0,1.0,221.0,0.0,8.0,Match Report,2020-11-08,21:00 (12:00),Ligue 1,Matchweek 10,Sun,Away,L,1.0,2.0,Lyon,27.0,18.0,6.0,0.0,1.0,2.0,0.0,0.0,0.0,0.0,0.0,0.0,0.0,0.0,Match Report,2020-11-08,21:00 (12:00),Ligue 1,Matchweek 10,Sun,Away,L,1.0,2.0,Lyon,31.0,14,19.0,10.0,2.0,14.0,25.0,56.0,11.0,10.0,3.0,7.0,18,49,8.0,2.0,Match Report,2020-11-08,21:00 (12:00),Ligue 1,Matchweek 10,Sun,Away,L,1.0,2.0,Lyon,40.0,459.0,52.0,178.0,183.0,104.0,21.0,458.0,22.0,13.0,59.1,9.0,40.9,261.0,1498.0,771.0,11.0,8.0,4.0,19.0,11.0,218.0,18.0,Match Report,2020-11-08,21:00 (12:00),Ligue 1,Matchweek 10,Sun,Away,L,1.0,2.0,Lyon,3,0,0,19,16,0,17,18,14,0.0,0.0,0,58.0,9.0,24.0,27.3,Match Report
2020-11-21,17:00 (08:00),Ligue 1,Matchweek 11,Sat,Away,L,1.0,4.0,Brest,1,17,1,5.9,0.06,1.0,18.8,0.0,0,0,1.3,1.3,0.08,-0.3,-0.3,Match Report,2020-11-21,17:00 (08:00),Ligue 1,Matchweek 11,Sat,Away,L,1.0,4.0,Brest,5,4,1,20.0,0,2.4,-1.6,0,0,0,0,1.0,2.0,50.0,26.0,6.0,7.7,26.8,6.0,0.0,32.2,9.0,0.0,0.0,0.0,10.8,Match Report,2020-11-21,17:00 (08:00),Ligue 1,Matchweek 11,Sat,Away,L,1.0,4.0,Brest,529.0,634.0,83.4,9803.0,3827.0,231.0,259.0,89.2,220.0,251.0,87.6,70.0,104.0,67.3,1,1.3,0.7,13.0,57.0,12.0,1.0,58.0,Match Report,2020-11-21,17:00 (08:00),Ligue 1,Matchweek 11,Sat,Away,L,1.0,4.0,Brest,634.0,571.0,63.0,12.0,0.0,6.0,36,34.0,6.0,5.0,0.0,0.0,529.0,0.0,5.0,Match Report,2020-11-21,17:00 (08:00),Ligue 1,Matchweek 11,Sat,Away,L,1.0,4.0,Brest,30.0,15.0,5.0,3.0,5.0,2.0,0.0,1.0,0.0,0.0,0.0,1.0,0.0,0.0,Match Report,2020-11-21,17:00 (08:00),Ligue 1,Matchweek 11,Sat,Away,L,1.0,4.0,Brest,15.0,11,12.0,2.0,1.0,7.0,15.0,46.7,8.0,8.0,1.0,7.0,7,22,7.0,0.0,Match Report,2020-11-21,17:00 (08:00),Ligue 1,Matchweek 11,Sat,Away,L,1.0,4.0,Brest,59.0,744.0,47.0,195.0,355.0,202.0,24.0,744.0,21.0,13.0,61.9,8.0,38.1,505.0,2767.0,1303.0,19.0,18.0,1.0,28.0,12.0,525.0,57.0,Match Report,2020-11-21,17:00 (08:00),Ligue 1,Matchweek 11,Sat,Away,L,1.0,4.0,Brest,1,0,0,10,12,0,36,7,11,0.0,0.0,0,52.0,19.0,21.0,47.5,Match Report
2020-11-29,21:00 (12:00),Ligue 1,Matchweek 12,Sun,Home,D,1.0,1.0,Lille,1,6,4,66.7,0.0,0.0,27.5,0.0,1,1,1.0,0.2,0.04,0.0,-0.2,Match Report,2020-11-29,21:00 (12:00),Ligue 1,Matchweek 12,Sun,Home,D,1.0,1.0,Lille,2,1,1,50.0,0,0.4,-0.6,0,0,0,0,9.0,24.0,37.5,26.0,2.0,69.2,46.8,6.0,100.0,64.8,16.0,1.0,6.3,0.0,11.7,Match Report,2020-11-29,21:00 (12:00),Ligue 1,Matchweek 12,Sun,Home,D,1.0,1.0,Lille,269.0,384.0,70.1,5069.0,2219.0,119.0,149.0,79.9,113.0,142.0,79.6,31.0,77.0,40.3,0,0.2,0.1,5.0,19.0,1.0,0.0,23.0,Match Report,2020-11-29,21:00 (12:00),Ligue 1,Matchweek 12,Sun,Home,D,1.0,1.0,Lille,384.0,345.0,38.0,13.0,1.0,4.0,10,14.0,3.0,3.0,0.0,0.0,269.0,1.0,7.0,Match Report,2020-11-29,21:00 (12:00),Ligue 1,Matchweek 12,Sun,Home,D,1.0,1.0,Lille,13.0,9.0,1.0,1.0,0.0,2.0,0.0,2.0,1.0,0.0,0.0,0.0,1.0,0.0,Match Report,2020-11-29,21:00 (12:00),Ligue 1,Matchweek 12,Sun,Home,D,1.0,1.0,Lille,23.0,13,11.0,8.0,4.0,15.0,31.0,48.4,16.0,15.0,2.0,13.0,12,35,24.0,0.0,Match Report,2020-11-29,21:00 (12:00),Ligue 1,Matchweek 12,Sun,Home,D,1.0,1.0,Lille,38.0,521.0,59.0,235.0,213.0,77.0,9.0,520.0,22.0,10.0,45.5,12.0,54.5,196.0,1038.0,385.0,5.0,3.0,4.0,12.0,15.0,264.0,22.0,Match Report,2020-11-29,21:00 (12:00),Ligue 1,Matchweek 12,Sun,Home,D,1.0,1.0,Lille,4,0,0,15,13,1,10,12,13,1.0,0.0,0,59.0,18.0,17.0,51.4,Match Report
2020-12-06,15:00 (06:00),Ligue 1,Matchweek 13,Sun,Away,D,0.0,0.0,Dijon,0,7,2,28.6,0.0,0.0,18.7,0.0,0,0,0.7,0.7,0.11,-0.7,-0.7,Match Report,2020-12-06,15:00 (06:00),Ligue 1,Matchweek 13,Sun,Away,D,0.0,0.0,Dijon,1,0,1,100.0,1,0.2,0.2,0,0,0,0,1.0,5.0,20.0,25.0,4.0,16.0,27.0,5.0,20.0,33.0,13.0,2.0,15.4,0.0,11.6,Match Report,2020-12-06,15:00 (06:00),Ligue 1,Matchweek 13,Sun,Away,D,0.0,0.0,Dijon,454.0,597.0,76.0,7690.0,2988.0,208.0,248.0,83.9,175.0,215.0,81.4,44.0,88.0,50.0,0,0.7,0.8,6.0,36.0,6.0,2.0,47.0,Match Report,2020-12-06,15:00 (06:00),Ligue 1,Matchweek 13,Sun,Away,D,0.0,0.0,Dijon,597.0,538.0,57.0,14.0,0.0,6.0,30,33.0,4.0,2.0,2.0,0.0,454.0,2.0,8.0,Match Report,2020-12-06,15:00 (06:00),Ligue 1,Matchweek 13,Sun,Away,D,0.0,0.0,Dijon,12.0,9.0,2.0,0.0,1.0,0.0,0.0,0.0,0.0,0.0,0.0,0.0,0.0,0.0,Match Report,2020-12-06,15:00 (06:00),Ligue 1,Matchweek 13,Sun,Away,D,0.0,0.0,Dijon,17.0,9,9.0,5.0,3.0,10.0,20.0,50.0,10.0,15.0,1.0,14.0,22,39,17.0,0.0,Match Report,2020-12-06,15:00 (06:00),Ligue 1,Matchweek 13,Sun,Away,D,0.0,0.0,Dijon,59.0,722.0,54.0,232.0,330.0,163.0,10.0,722.0,11.0,6.0,54.5,5.0,45.5,386.0,1827.0,858.0,15.0,9.0,2.0,23.0,11.0,452.0,47.0,Match Report,2020-12-06,15:00 (06:00),Ligue 1,Matchweek 13,Sun,Away,D,0.0,0.0,Dijon,1,0,0,13,13,2,30,22,9,0.0,0.0,0,58.0,32.0,31.0,50.8,Match Report
2020-12-11,21:00 (12:00),Ligue 1,Matchweek 14,Fri,Home,D,0.0,0.0,Angers,0,14,3,21.4,0.0,0.0,17.0,0.0,0,0,1.3,1.3,0.1,-1.3,-1.3,Match Report,2020-12-11,21:00 (12:00),Ligue 1,Matchweek 14,Fri,Home,D,0.0,0.0,Angers,3,0,3,100.0,1,0.8,0.8,0,0,0,0,1.0,5.0,20.0,24.0,9.0,20.8,29.0,3.0,0.0,26.3,15.0,0.0,0.0,0.0,19.0,Match Report,2020-12-11,21:00 (12:00),Ligue 1,Matchweek 14,Fri,Home,D,0.0,0.0,Angers,571.0,684.0,83.5,9245.0,2785.0,262.0,291.0,90.0,247.0,271.0,91.1,39.0,74.0,52.7,0,1.1,1.0,11.0,34.0,4.0,1.0,52.0,Match Report,2020-12-11,21:00 (12:00),Ligue 1,Matchweek 14,Fri,Home,D,0.0,0.0,Angers,684.0,635.0,47.0,16.0,0.0,2.0,22,22.0,5.0,2.0,3.0,0.0,571.0,2.0,12.0,Match Report,2020-12-11,21:00 (12:00),Ligue 1,Matchweek 14,Fri,Home,D,0.0,0.0,Angers,23.0,12.0,4.0,5.0,2.0,0.0,0.0,0.0,0.0,0.0,0.0,0.0,0.0,0.0,Match Report,2020-12-11,21:00 (12:00),Ligue 1,Matchweek 14,Fri,Home,D,0.0,0.0,Angers,18.0,10,9.0,7.0,2.0,4.0,10.0,40.0,6.0,7.0,3.0,4.0,9,27,12.0,0.0,Match Report,2020-12-11,21:00 (12:00),Ligue 1,Matchweek 14,Fri,Home,D,0.0,0.0,Angers,62.0,784.0,51.0,177.0,467.0,149.0,20.0,784.0,30.0,23.0,76.7,7.0,23.3,546.0,3341.0,1805.0,30.0,18.0,4.0,14.0,7.0,568.0,51.0,Match Report,2020-12-11,21:00 (12:00),Ligue 1,Matchweek 14,Fri,Home,D,0.0,0.0,Angers,3,0,0,16,11,2,22,9,10,0.0,0.0,0,62.0,17.0,7.0,70.8,Match Report
2020-12-16,21:00 (12:00),Ligue 1,Matchweek 15,Wed,Away,W,2.0,1.0,Bordeaux,2,19,8,42.1,0.11,0.25,23.4,2.0,0,0,2.3,2.3,0.12,-0.3,-0.3,Match Report,2020-12-16,21:00 (12:00),Ligue 1,Matchweek 15,Wed,Away,W,2.0,1.0,Bordeaux,3,1,2,66.7,0,0.3,-0.7,0,0,0,0,2.0,9.0,22.2,24.0,4.0,25.0,33.7,4.0,75.0,55.8,11.0,1.0,9.1,1.0,25.0,Match Report,2020-12-16,21:00 (12:00),Ligue 1,Matchweek 15,Wed,Away,W,2.0,1.0,Bordeaux,388.0,475.0,81.7,6364.0,2244.0,205.0,219.0,93.6,139.0,165.0,84.2,33.0,68.0,48.5,1,2.1,1.0,15.0,24.0,4.0,1.0,33.0,Match Report,2020-12-16,21:00 (12:00),Ligue 1,Matchweek 15,Wed,Away,W,2.0,1.0,Bordeaux,475.0,434.0,41.0,12.0,1.0,2.0,13,19.0,4.0,3.0,0.0,0.0,388.0,0.0,10.0,Match Report,2020-12-16,21:00 (12:00),Ligue 1,Matchweek 15,Wed,Away,W,2.0,1.0,Bordeaux,36.0,23.0,3.0,4.0,2.0,3.0,1.0,3.0,1.0,0.0,1.0,1.0,0.0,0.0,Match Report,2020-12-16,21:00 (12:00),Ligue 1,Matchweek 15,Wed,Away,W,2.0,1.0,Bordeaux,18.0,10,11.0,7.0,0.0,7.0,13.0,53.8,6.0,13.0,4.0,9.0,12,30,16.0,0.0,Match Report,2020-12-16,21:00 (12:00),Ligue 1,Matchweek 15,Wed,Away,W,2.0,1.0,Bordeaux,48.0,601.0,52.0,199.0,286.0,121.0,19.0,601.0,26.0,15.0,57.7,11.0,42.3,325.0,1872.0,908.0,23.0,18.0,6.0,15.0,9.0,381.0,33.0,Match Report,2020-12-16,21:00 (12:00),Ligue 1,Matchweek 15,Wed,Away,W,2.0,1.0,Bordeaux,2,0,0,14,12,0,13,12,10,0.0,0.0,0,63.0,10.0,14.0,41.7,Match Report
2020-12-20,15:00 (06:00),Ligue 1,Matchweek 16,Sun,Home,D,2.0,2.0,Nîmes,2,17,8,47.1,0.12,0.25,19.8,0.0,0,1,2.9,2.1,0.13,-0.9,-0.1,Match Report,2020-12-20,15:00 (06:00),Ligue 1,Matchweek 16,Sun,Home,D,2.0,2.0,Nîmes,4,2,2,75.0,0,1.5,-0.5,1,1,0,0,2.0,4.0,50.0,17.0,4.0,17.6,27.8,4.0,25.0,33.5,9.0,0.0,0.0,0.0,17.0,Match Report,2020-12-20,15:00 (06:00),Ligue 1,Matchweek 16,Sun,Home,D,2.0,2.0,Nîmes,444.0,536.0,82.8,7999.0,3082.0,193.0,217.0,88.9,185.0,214.0,86.4,50.0,75.0,66.7,2,1.5,0.9,15.0,43.0,11.0,6.0,58.0,Match Report,2020-12-20,15:00 (06:00),Ligue 1,Matchweek 16,Sun,Home,D,2.0,2.0,Nîmes,536.0,488.0,46.0,8.0,0.0,4.0,26,25.0,6.0,4.0,2.0,0.0,444.0,2.0,5.0,Match Report,2020-12-20,15:00 (06:00),Ligue 1,Matchweek 16,Sun,Home,D,2.0,2.0,Nîmes,34.0,25.0,3.0,0.0,3.0,3.0,0.0,4.0,2.0,1.0,0.0,1.0,0.0,0.0,Match Report,2020-12-20,15:00 (06:00),Ligue 1,Matchweek 16,Sun,Home,D,2.0,2.0,Nîmes,21.0,11,13.0,8.0,0.0,11.0,19.0,57.9,8.0,7.0,2.0,5.0,11,32,13.0,0.0,Match Report,2020-12-20,15:00 (06:00),Ligue 1,Matchweek 16,Sun,Home,D,2.0,2.0,Nîmes,59.0,651.0,42.0,179.0,296.0,182.0,30.0,650.0,18.0,7.0,38.9,11.0,61.1,440.0,2125.0,1157.0,25.0,18.0,8.0,17.0,4.0,442.0,58.0,Match Report,2020-12-20,15:00 (06:00),Ligue 1,Matchweek 16,Sun,Home,D,2.0,2.0,Nîmes,2,0,0,15,8,2,26,11,11,1.0,1.0,0,59.0,12.0,17.0,41.4,Match Report
2020-12-23,21:00 (12:00),Ligue 1,Matchweek 17,Wed,Away,D,2.0,2.0,Monaco,2,17,5,29.4,0.06,0.2,18.8,0.0,1,1,1.7,0.9,0.06,0.3,0.1,Match Report,2020-12-23,21:00 (12:00),Ligue 1,Matchweek 17,Wed,Away,D,2.0,2.0,Monaco,2,2,0,0.0,0,1.3,-0.7,0,0,0,0,2.0,5.0,40.0,12.0,3.0,33.3,31.8,1.0,100.0,62.0,6.0,1.0,16.7,0.0,13.3,Match Report,2020-12-23,21:00 (12:00),Ligue 1,Matchweek 17,Wed,Away,D,2.0,2.0,Monaco,422.0,546.0,77.3,7090.0,2391.0,204.0,240.0,85.0,178.0,209.0,85.2,31.0,66.0,47.0,1,0.8,1.2,15.0,36.0,8.0,5.0,52.0,Match Report,2020-12-23,21:00 (12:00),Ligue 1,Matchweek 17,Wed,Away,D,2.0,2.0,Monaco,546.0,488.0,56.0,11.0,0.0,1.0,36,31.0,10.0,2.0,6.0,0.0,422.0,2.0,18.0,Match Report,2020-12-23,21:00 (12:00),Ligue 1,Matchweek 17,Wed,Away,D,2.0,2.0,Monaco,34.0,27.0,4.0,0.0,2.0,1.0,0.0,4.0,2.0,1.0,0.0,0.0,1.0,0.0,Match Report,2020-12-23,21:00 (12:00),Ligue 1,Matchweek 17,Wed,Away,D,2.0,2.0,Monaco,9.0,6,2.0,5.0,2.0,5.0,14.0,35.7,9.0,2.0,0.0,2.0,8,17,6.0,0.0,Match Report,2020-12-23,21:00 (12:00),Ligue 1,Matchweek 17,Wed,Away,D,2.0,2.0,Monaco,60.0,635.0,23.0,122.0,302.0,216.0,19.0,634.0,15.0,4.0,26.7,11.0,73.3,300.0,1814.0,1037.0,19.0,21.0,0.0,17.0,9.0,417.0,52.0,Match Report,2020-12-23,21:00 (12:00),Ligue 1,Matchweek 17,Wed,Away,D,2.0,2.0,Monaco,2,0,0,13,11,2,36,8,6,1.0,0.0,0,62.0,24.0,18.0,57.1,Match Report
2021-01-06,21:00 (12:00),Ligue 1,Matchweek 18,Wed,Home,D,1.0,1.0,Paris S-G,1,11,5,45.5,0.09,0.2,13.4,0.0,0,0,1.2,1.2,0.11,-0.2,-0.2,Match Report,2021-01-06,21:00 (12:00),Ligue 1,Matchweek 18,Wed,Home,D,1.0,1.0,Paris S-G,4,1,3,75.0,0,0.9,-0.1,0,0,0,0,10.0,18.0,55.6,21.0,4.0,42.9,37.0,10.0,90.0,55.3,23.0,0.0,0.0,1.0,20.0,Match Report,2021-01-06,21:00 (12:00),Ligue 1,Matchweek 18,Wed,Home,D,1.0,1.0,Paris S-G,258.0,364.0,70.9,4445.0,2129.0,130.0,157.0,82.8,86.0,103.0,83.5,32.0,76.0,42.1,1,1.1,1.2,8.0,13.0,8.0,2.0,24.0,Match Report,2021-01-06,21:00 (12:00),Ligue 1,Matchweek 18,Wed,Home,D,1.0,1.0,Paris S-G,364.0,313.0,50.0,13.0,0.0,1.0,25,16.0,9.0,3.0,5.0,0.0,258.0,1.0,8.0,Match Report,2021-01-06,21:00 (12:00),Ligue 1,Matchweek 18,Wed,Home,D,1.0,1.0,Paris S-G,20.0,16.0,3.0,1.0,0.0,0.0,0.0,2.0,2.0,0.0,0.0,0.0,0.0,0.0,Match Report,2021-01-06,21:00 (12:00),Ligue 1,Matchweek 18,Wed,Home,D,1.0,1.0,Paris S-G,14.0,10,11.0,3.0,0.0,10.0,16.0,62.5,6.0,6.0,1.0,5.0,10,24,28.0,1.0,Match Report,2021-01-06,21:00 (12:00),Ligue 1,Matchweek 18,Wed,Home,D,1.0,1.0,Paris S-G,32.0,473.0,71.0,219.0,155.0,104.0,24.0,473.0,19.0,8.0,42.1,11.0,57.9,202.0,1287.0,672.0,13.0,10.0,3.0,10.0,9.0,256.0,24.0,Match Report,2021-01-06,21:00 (12:00),Ligue 1,Matchweek 18,Wed,Home,D,1.0,1.0,Paris S-G,1,0,0,13,12,1,25,10,10,0.0,0.0,0,67.0,12.0,13.0,48.0,Match Report
2021-01-09,21:00 (12:00),Ligue 1,Matchweek 19,Sat,Away,L,1.0,3.0,Reims,1,14,6,42.9,0.07,0.17,15.2,0.0,0,0,1.5,1.5,0.11,-0.5,-0.5,Match Report,2021-01-09,21:00 (12:00),Ligue 1,Matchweek 19,Sat,Away,L,1.0,3.0,Reims,3,3,0,33.3,0,1.8,-1.2,1,1,0,0,1.0,3.0,33.3,19.0,4.0,10.5,24.2,4.0,25.0,34.3,5.0,0.0,0.0,0.0,7.0,Match Report,2021-01-09,21:00 (12:00),Ligue 1,Matchweek 19,Sat,Away,L,1.0,3.0,Reims,500.0,610.0,82.0,8505.0,2983.0,240.0,270.0,88.9,206.0,240.0,85.8,41.0,71.0,57.7,1,1.3,0.9,11.0,42.0,9.0,4.0,46.0,Match Report,2021-01-09,21:00 (12:00),Ligue 1,Matchweek 19,Sat,Away,L,1.0,3.0,Reims,610.0,563.0,45.0,19.0,1.0,5.0,21,15.0,3.0,0.0,2.0,0.0,500.0,2.0,7.0,Match Report,2021-01-09,21:00 (12:00),Ligue 1,Matchweek 19,Sat,Away,L,1.0,3.0,Reims,23.0,14.0,2.0,3.0,2.0,2.0,0.0,1.0,0.0,0.0,0.0,1.0,0.0,0.0,Match Report,2021-01-09,21:00 (12:00),Ligue 1,Matchweek 19,Sat,Away,L,1.0,3.0,Reims,19.0,11,9.0,8.0,2.0,13.0,17.0,76.5,4.0,3.0,0.0,3.0,10,29,5.0,0.0,Match Report,2021-01-09,21:00 (12:00),Ligue 1,Matchweek 19,Sat,Away,L,1.0,3.0,Reims,64.0,718.0,38.0,202.0,364.0,157.0,27.0,718.0,18.0,9.0,50.0,9.0,50.0,467.0,2736.0,1365.0,21.0,18.0,5.0,30.0,12.0,498.0,45.0,Match Report,2021-01-09,21:00 (12:00),Ligue 1,Matchweek 19,Sat,Away,L,1.0,3.0,Reims,4,0,0,17,17,2,21,10,11,0.0,1.0,0,64.0,18.0,15.0,54.5,Match Report
2021-01-17,15:00 (06:00),Ligue 1,Matchweek 20,Sun,Away,L,0.0,1.0,Strasbourg,0,7,3,42.9,0.0,0.0,14.9,0.0,0,1,1.5,0.7,0.1,-1.5,-0.7,Match Report,2021-01-17,15:00 (06:00),Ligue 1,Matchweek 20,Sun,Away,L,0.0,1.0,Strasbourg,2,1,1,50.0,0,1.5,0.5,0,0,0,0,1.0,2.0,50.0,12.0,3.0,0.0,24.6,11.0,18.2,27.5,16.0,0.0,0.0,0.0,7.0,Match Report,2021-01-17,15:00 (06:00),Ligue 1,Matchweek 20,Sun,Away,L,0.0,1.0,Strasbourg,430.0,527.0,81.6,7049.0,2513.0,199.0,220.0,90.5,170.0,200.0,85.0,37.0,58.0,63.8,0,0.7,0.7,6.0,30.0,7.0,1.0,37.0,Match Report,2021-01-17,15:00 (06:00),Ligue 1,Matchweek 20,Sun,Away,L,0.0,1.0,Strasbourg,527.0,479.0,47.0,22.0,0.0,3.0,24,9.0,3.0,3.0,0.0,0.0,430.0,1.0,9.0,Match Report,2021-01-17,15:00 (06:00),Ligue 1,Matchweek 20,Sun,Away,L,0.0,1.0,Strasbourg,13.0,9.0,2.0,0.0,1.0,1.0,0.0,0.0,0.0,0.0,0.0,0.0,0.0,0.0,Match Report,2021-01-17,15:00 (06:00),Ligue 1,Matchweek 20,Sun,Away,L,0.0,1.0,Strasbourg,22.0,16,12.0,6.0,4.0,11.0,19.0,57.9,8.0,20.0,5.0,15.0,9,31,19.0,1.0,Match Report,2021-01-17,15:00 (06:00),Ligue 1,Matchweek 20,Sun,Away,L,0.0,1.0,Strasbourg,58.0,653.0,53.0,175.0,355.0,128.0,19.0,652.0,21.0,10.0,47.6,11.0,52.4,396.0,2213.0,1157.0,16.0,13.0,1.0,15.0,9.0,426.0,36.0,Match Report,2021-01-17,15:00 (06:00),Ligue 1,Matchweek 20,Sun,Away,L,0.0,1.0,Strasbourg,2,0,0,9,21,1,24,9,16,1.0,0.0,0,58.0,12.0,20.0,37.5,Match Report
2021-01-24,21:00 (12:00),Ligue 1,Matchweek 21,Sun,Home,L,0.0,5.0,Lyon,0,3,0,0.0,0.0,,16.1,0.0,0,0,0.2,0.2,0.08,-0.2,-0.2,Match Report,2021-01-24,21:00 (12:00),Ligue 1,Matchweek 21,Sun,Home,L,0.0,5.0,Lyon,11,5,7,54.5,0,2.7,-1.3,0,0,0,0,2.0,14.0,14.3,30.0,6.0,36.7,36.1,7.0,42.9,39.7,19.0,0.0,0.0,0.0,16.5,Match Report,2021-01-24,21:00 (12:00),Ligue 1,Matchweek 21,Sun,Home,L,0.0,5.0,Lyon,281.0,387.0,72.6,4643.0,1622.0,124.0,154.0,80.5,128.0,156.0,82.1,17.0,49.0,34.7,0,0.2,0.0,2.0,8.0,2.0,0.0,15.0,Match Report,2021-01-24,21:00 (12:00),Ligue 1,Matchweek 21,Sun,Home,L,0.0,5.0,Lyon,387.0,337.0,48.0,10.0,0.0,2.0,7,24.0,1.0,0.0,1.0,0.0,281.0,2.0,6.0,Match Report,2021-01-24,21:00 (12:00),Ligue 1,Matchweek 21,Sun,Home,L,0.0,5.0,Lyon,5.0,5.0,0.0,0.0,0.0,0.0,0.0,0.0,0.0,0.0,0.0,0.0,0.0,0.0,Match Report,2021-01-24,21:00 (12:00),Ligue 1,Matchweek 21,Sun,Home,L,0.0,5.0,Lyon,14.0,9,8.0,6.0,0.0,5.0,17.0,29.4,12.0,12.0,4.0,8.0,10,24,13.0,0.0,Match Report,2021-01-24,21:00 (12:00),Ligue 1,Matchweek 21,Sun,Home,L,0.0,5.0,Lyon,40.0,481.0,73.0,242.0,197.0,49.0,6.0,481.0,12.0,6.0,50.0,6.0,50.0,216.0,1254.0,719.0,15.0,10.0,3.0,11.0,2.0,280.0,15.0,Match Report,2021-01-24,21:00 (12:00),Ligue 1,Matchweek 21,Sun,Home,L,0.0,5.0,Lyon,3,0,0,13,9,2,7,10,9,0.0,0.0,1,47.0,9.0,14.0,39.1,Match Report
2021-01-31,13:00 (04:00),Ligue 1,Matchweek 22,Sun,Away,W,1.0,0.0,Nice,1,10,1,10.0,0.1,1.0,15.4,0.0,0,0,1.4,1.4,0.14,-0.4,-0.4,Match Report,2021-01-31,13:00 (04:00),Ligue 1,Matchweek 22,Sun,Away,W,1.0,0.0,Nice,2,0,2,100.0,1,0.3,0.3,0,0,0,0,1.0,4.0,25.0,16.0,2.0,25.0,34.6,5.0,0.0,26.4,9.0,0.0,0.0,0.0,7.5,Match Report,2021-01-31,13:00 (04:00),Ligue 1,Matchweek 22,Sun,Away,W,1.0,0.0,Nice,485.0,571.0,84.9,9058.0,3073.0,206.0,226.0,91.2,217.0,239.0,90.8,57.0,91.0,62.6,1,1.3,1.2,9.0,43.0,11.0,4.0,55.0,Match Report,2021-01-31,13:00 (04:00),Ligue 1,Matchweek 22,Sun,Away,W,1.0,0.0,Nice,571.0,517.0,54.0,12.0,0.0,9.0,39,26.0,10.0,3.0,6.0,0.0,485.0,0.0,10.0,Match Report,2021-01-31,13:00 (04:00),Ligue 1,Matchweek 22,Sun,Away,W,1.0,0.0,Nice,20.0,19.0,1.0,0.0,0.0,0.0,0.0,2.0,2.0,0.0,0.0,0.0,0.0,0.0,Match Report,2021-01-31,13:00 (04:00),Ligue 1,Matchweek 22,Sun,Away,W,1.0,0.0,Nice,22.0,12,5.0,13.0,4.0,7.0,12.0,58.3,5.0,12.0,3.0,9.0,13,35,11.0,0.0,Match Report,2021-01-31,13:00 (04:00),Ligue 1,Matchweek 22,Sun,Away,W,1.0,0.0,Nice,54.0,684.0,35.0,148.0,384.0,158.0,22.0,684.0,21.0,10.0,47.6,11.0,52.4,447.0,2391.0,1124.0,17.0,12.0,2.0,20.0,7.0,483.0,55.0,Match Report,2021-01-31,13:00 (04:00),Ligue 1,Matchweek 22,Sun,Away,W,1.0,0.0,Nice,2,0,0,11,10,0,39,13,12,0.0,0.0,0,47.0,11.0,12.0,47.8,Match Report
2021-02-03,21:00 (12:00),Ligue 1,Matchweek 23,Wed,Home,D,1.0,1.0,Nantes,1,14,7,50.0,0.07,0.14,14.7,0.0,0,0,1.5,1.5,0.11,-0.5,-0.5,Match Report,2021-02-03,21:00 (12:00),Ligue 1,Matchweek 23,Wed,Home,D,1.0,1.0,Nantes,6,1,5,83.3,0,0.5,-0.5,0,0,0,0,3.0,10.0,30.0,29.0,8.0,24.1,29.5,6.0,50.0,42.5,12.0,1.0,8.3,1.0,16.6,Match Report,2021-02-03,21:00 (12:00),Ligue 1,Matchweek 23,Wed,Home,D,1.0,1.0,Nantes,313.0,433.0,72.3,6174.0,2674.0,115.0,148.0,77.7,138.0,169.0,81.7,52.0,90.0,57.8,1,1.5,1.0,13.0,24.0,9.0,6.0,26.0,Match Report,2021-02-03,21:00 (12:00),Ligue 1,Matchweek 23,Wed,Home,D,1.0,1.0,Nantes,433.0,376.0,56.0,19.0,0.0,4.0,21,24.0,5.0,1.0,4.0,0.0,313.0,1.0,15.0,Match Report,2021-02-03,21:00 (12:00),Ligue 1,Matchweek 23,Wed,Home,D,1.0,1.0,Nantes,24.0,14.0,4.0,3.0,1.0,2.0,0.0,1.0,0.0,0.0,0.0,1.0,0.0,0.0,Match Report,2021-02-03,21:00 (12:00),Ligue 1,Matchweek 23,Wed,Home,D,1.0,1.0,Nantes,17.0,9,10.0,6.0,1.0,12.0,19.0,63.2,7.0,7.0,1.0,6.0,13,30,27.0,0.0,Match Report,2021-02-03,21:00 (12:00),Ligue 1,Matchweek 23,Wed,Home,D,1.0,1.0,Nantes,50.0,557.0,64.0,243.0,232.0,89.0,20.0,557.0,18.0,11.0,61.1,7.0,38.9,257.0,1187.0,648.0,14.0,10.0,1.0,21.0,4.0,311.0,26.0,Match Report,2021-02-03,21:00 (12:00),Ligue 1,Matchweek 23,Wed,Home,D,1.0,1.0,Nantes,3,0,0,15,18,1,21,13,9,0.0,0.0,0,53.0,27.0,22.0,55.1,Match Report
2021-02-07,15:00 (06:00),Ligue 1,Matchweek 24,Sun,Home,W,1.0,0.0,Metz,0,12,3,25.0,0.0,0.0,20.4,1.0,0,0,0.7,0.7,0.06,-0.7,-0.7,Match Report,2021-02-07,15:00 (06:00),Ligue 1,Matchweek 24,Sun,Home,W,1.0,0.0,Metz,0,0,0,,1,0.0,0.0,0,0,0,0,6.0,20.0,30.0,23.0,5.0,34.8,38.9,13.0,92.3,59.2,6.0,1.0,16.7,0.0,8.3,Match Report,2021-02-07,15:00 (06:00),Ligue 1,Matchweek 24,Sun,Home,W,1.0,0.0,Metz,365.0,492.0,74.2,6250.0,2614.0,176.0,208.0,84.6,133.0,171.0,77.8,39.0,78.0,50.0,0,0.5,0.4,7.0,18.0,2.0,0.0,21.0,Match Report,2021-02-07,15:00 (06:00),Ligue 1,Matchweek 24,Sun,Home,W,1.0,0.0,Metz,492.0,436.0,55.0,8.0,1.0,2.0,19,25.0,8.0,2.0,6.0,0.0,365.0,1.0,10.0,Match Report,2021-02-07,15:00 (06:00),Ligue 1,Matchweek 24,Sun,Home,W,1.0,0.0,Metz,15.0,6.0,5.0,0.0,1.0,2.0,1.0,0.0,0.0,0.0,0.0,0.0,0.0,0.0,Match Report,2021-02-07,15:00 (06:00),Ligue 1,Matchweek 24,Sun,Home,W,1.0,0.0,Metz,19.0,12,8.0,9.0,2.0,7.0,18.0,38.9,11.0,11.0,2.0,9.0,15,34,17.0,0.0,Match Report,2021-02-07,15:00 (06:00),Ligue 1,Matchweek 24,Sun,Home,W,1.0,0.0,Metz,49.0,616.0,60.0,199.0,311.0,113.0,14.0,616.0,22.0,12.0,54.5,10.0,45.5,272.0,1492.0,557.0,10.0,11.0,4.0,20.0,14.0,363.0,21.0,Match Report,2021-02-07,15:00 (06:00),Ligue 1,Matchweek 24,Sun,Home,W,1.0,0.0,Metz,2,0,0,8,9,1,19,15,12,0.0,0.0,0,55.0,21.0,9.0,70.0,Match Report
2021-02-11,18:45 (09:45),Coupe de France,Round of 64,Thu,Away,L,0.0,1.0,Sochaux,0,21,6,28.6,0.0,0.0,,,0,0,,,,,,Match Report,2021-02-11,18:45 (09:45),Coupe de France,Round of 64,Thu,Away,L,0.0,1.0,Sochaux,1,1,0,0.0,0,,,0,0,0,0,,,,,,,,,,,,,,,,Match Report,2021-02-11,18:45 (09:45),Coupe de France,Round of 64,Thu,Away,L,0.0,1.0,Sochaux,,,,,,,,,,,,,,,0,,,,,,,,Match Report,2021-02-11,18:45 (09:45),Coupe de France,Round of 64,Thu,Away,L,0.0,1.0,Sochaux,,,,,,,28,,,,,,,,,Match Report,2021-02-11,18:45 (09:45),Coupe de France,Round of 64,Thu,Away,L,0.0,1.0,Sochaux,,,,,,,,,,,,,,,Match Report,2021-02-11,18:45 (09:45),Coupe de France,Round of 64,Thu,Away,L,0.0,1.0,Sochaux,,13,,,,,,,,,,,19,0,,,Match Report,2021-02-11,18:45 (09:45),Coupe de France,Round of 64,Thu,Away,L,0.0,1.0,Sochaux,,,,,,,,,,,,,,,,,,,,,,,,Match Report,2021-02-11,18:45 (09:45),Coupe de France,Round of 64,Thu,Away,L,0.0,1.0,Sochaux,1,0,0,12,9,3,28,19,13,,,0,,,,,Match Report
2021-02-14,15:00 (06:00),Ligue 1,Matchweek 25,Sun,Away,W,2.0,0.0,Rennes,2,6,3,50.0,0.33,0.67,23.1,0.0,0,0,0.3,0.3,0.05,1.7,1.7,Match Report,2021-02-14,15:00 (06:00),Ligue 1,Matchweek 25,Sun,Away,W,2.0,0.0,Rennes,2,0,2,100.0,1,0.5,0.5,0,0,0,0,8.0,23.0,34.8,16.0,1.0,87.5,57.8,9.0,100.0,62.4,28.0,1.0,3.6,0.0,6.5,Match Report,2021-02-14,15:00 (06:00),Ligue 1,Matchweek 25,Sun,Away,W,2.0,0.0,Rennes,172.0,288.0,59.7,3121.0,1729.0,92.0,114.0,80.7,56.0,94.0,59.6,22.0,65.0,33.8,2,0.3,0.2,5.0,14.0,3.0,0.0,19.0,Match Report,2021-02-14,15:00 (06:00),Ligue 1,Matchweek 25,Sun,Away,W,2.0,0.0,Rennes,288.0,234.0,53.0,17.0,0.0,2.0,12,25.0,1.0,1.0,0.0,0.0,172.0,1.0,10.0,Match Report,2021-02-14,15:00 (06:00),Ligue 1,Matchweek 25,Sun,Away,W,2.0,0.0,Rennes,9.0,6.0,0.0,2.0,0.0,0.0,1.0,3.0,3.0,0.0,0.0,0.0,0.0,0.0,Match Report,2021-02-14,15:00 (06:00),Ligue 1,Matchweek 25,Sun,Away,W,2.0,0.0,Rennes,15.0,12,9.0,4.0,2.0,8.0,14.0,57.1,6.0,7.0,1.0,6.0,19,34,32.0,0.0,Match Report,2021-02-14,15:00 (06:00),Ligue 1,Matchweek 25,Sun,Away,W,2.0,0.0,Rennes,29.0,426.0,54.0,192.0,171.0,74.0,12.0,426.0,17.0,10.0,58.8,7.0,41.2,163.0,1084.0,567.0,15.0,8.0,8.0,21.0,10.0,170.0,19.0,Match Report,2021-02-14,15:00 (06:00),Ligue 1,Matchweek 25,Sun,Away,W,2.0,0.0,Rennes,2,0,0,16,17,1,12,19,12,0.0,0.0,0,65.0,18.0,27.0,40.0,Match Report
2021-02-20,13:00 (04:00),Ligue 1,Matchweek 26,Sat,Home,D,1.0,1.0,Reims,1,19,7,36.8,0.05,0.14,19.5,1.0,0,0,2.0,2.0,0.12,-1.0,-1.0,Match Report,2021-02-20,13:00 (04:00),Ligue 1,Matchweek 26,Sat,Home,D,1.0,1.0,Reims,2,1,1,50.0,0,0.2,-0.8,0,0,0,0,2.0,11.0,18.2,19.0,5.0,31.6,35.7,8.0,62.5,47.3,8.0,0.0,0.0,2.0,18.8,Match Report,2021-02-20,13:00 (04:00),Ligue 1,Matchweek 26,Sat,Home,D,1.0,1.0,Reims,326.0,455.0,71.6,5357.0,2159.0,150.0,189.0,79.4,131.0,162.0,80.9,27.0,63.0,42.9,0,0.6,0.7,10.0,19.0,6.0,2.0,32.0,Match Report,2021-02-20,13:00 (04:00),Ligue 1,Matchweek 26,Sat,Home,D,1.0,1.0,Reims,455.0,394.0,60.0,11.0,0.0,2.0,26,38.0,1.0,0.0,1.0,0.0,326.0,1.0,9.0,Match Report,2021-02-20,13:00 (04:00),Ligue 1,Matchweek 26,Sat,Home,D,1.0,1.0,Reims,28.0,18.0,1.0,2.0,4.0,1.0,2.0,1.0,0.0,0.0,0.0,1.0,0.0,0.0,Match Report,2021-02-20,13:00 (04:00),Ligue 1,Matchweek 26,Sat,Home,D,1.0,1.0,Reims,26.0,16,13.0,7.0,6.0,9.0,24.0,37.5,15.0,3.0,0.0,3.0,16,42,8.0,0.0,Match Report,2021-02-20,13:00 (04:00),Ligue 1,Matchweek 26,Sat,Home,D,1.0,1.0,Reims,49.0,578.0,40.0,174.0,260.0,149.0,26.0,578.0,18.0,8.0,44.4,10.0,55.6,355.0,1940.0,1002.0,21.0,15.0,3.0,18.0,15.0,323.0,32.0,Match Report,2021-02-20,13:00 (04:00),Ligue 1,Matchweek 26,Sat,Home,D,1.0,1.0,Reims,0,0,0,10,11,1,26,16,16,0.0,0.0,0,52.0,25.0,14.0,64.1,Match Report
2021-02-28,15:00 (06:00),Ligue 1,Matchweek 27,Sun,Away,L,1.0,2.0,Lorient,1,9,2,22.2,0.11,0.5,16.7,0.0,0,0,1.1,1.1,0.12,-0.1,-0.1,Match Report,2021-02-28,15:00 (06:00),Ligue 1,Matchweek 27,Sun,Away,L,1.0,2.0,Lorient,3,2,1,33.3,0,1.4,-0.6,0,0,0,0,4.0,14.0,28.6,17.0,2.0,35.3,37.2,11.0,72.7,53.4,13.0,0.0,0.0,1.0,16.0,Match Report,2021-02-28,15:00 (06:00),Ligue 1,Matchweek 27,Sun,Away,L,1.0,2.0,Lorient,324.0,424.0,76.4,5946.0,2424.0,154.0,167.0,92.2,119.0,153.0,77.8,45.0,79.0,57.0,1,0.9,0.6,5.0,23.0,6.0,2.0,32.0,Match Report,2021-02-28,15:00 (06:00),Ligue 1,Matchweek 27,Sun,Away,L,1.0,2.0,Lorient,424.0,371.0,52.0,12.0,0.0,7.0,15,23.0,3.0,3.0,0.0,0.0,324.0,1.0,6.0,Match Report,2021-02-28,15:00 (06:00),Ligue 1,Matchweek 27,Sun,Away,L,1.0,2.0,Lorient,16.0,6.0,4.0,2.0,1.0,3.0,0.0,2.0,0.0,1.0,0.0,0.0,1.0,0.0,Match Report,2021-02-28,15:00 (06:00),Ligue 1,Matchweek 27,Sun,Away,L,1.0,2.0,Lorient,19.0,11,12.0,6.0,1.0,12.0,21.0,57.1,9.0,12.0,3.0,9.0,8,27,17.0,0.0,Match Report,2021-02-28,15:00 (06:00),Ligue 1,Matchweek 27,Sun,Away,L,1.0,2.0,Lorient,44.0,540.0,50.0,191.0,278.0,78.0,16.0,540.0,20.0,13.0,65.0,7.0,35.0,243.0,1752.0,1003.0,20.0,13.0,3.0,19.0,16.0,323.0,31.0,Match Report,2021-02-28,15:00 (06:00),Ligue 1,Matchweek 27,Sun,Away,L,1.0,2.0,Lorient,3,0,0,15,12,1,15,8,11,0.0,0.0,0,57.0,18.0,13.0,58.1,Match Report
2021-03-03,19:00 (10:00),Ligue 1,Matchweek 28,Wed,Home,L,2.0,3.0,Lens,2,17,2,11.8,0.06,0.5,17.8,0.0,1,1,2.2,1.4,0.08,-0.2,-0.4,Match Report,2021-03-03,19:00 (10:00),Ligue 1,Matchweek 28,Wed,Home,L,2.0,3.0,Lens,5,3,2,60.0,0,2.5,-0.5,1,1,0,0,3.0,9.0,33.3,25.0,6.0,16.0,28.6,6.0,83.3,51.5,9.0,0.0,0.0,0.0,11.5,Match Report,2021-03-03,19:00 (10:00),Ligue 1,Matchweek 28,Wed,Home,L,2.0,3.0,Lens,475.0,599.0,79.3,9224.0,3231.0,164.0,197.0,83.2,243.0,272.0,89.3,59.0,96.0,61.5,1,1.3,1.7,15.0,39.0,14.0,9.0,47.0,Match Report,2021-03-03,19:00 (10:00),Ligue 1,Matchweek 28,Wed,Home,L,2.0,3.0,Lens,599.0,536.0,63.0,11.0,0.0,8.0,39,29.0,13.0,5.0,5.0,0.0,475.0,0.0,18.0,Match Report,2021-03-03,19:00 (10:00),Ligue 1,Matchweek 28,Wed,Home,L,2.0,3.0,Lens,32.0,20.0,5.0,2.0,3.0,1.0,1.0,3.0,2.0,1.0,0.0,0.0,0.0,0.0,Match Report,2021-03-03,19:00 (10:00),Ligue 1,Matchweek 28,Wed,Home,L,2.0,3.0,Lens,16.0,9,6.0,8.0,2.0,7.0,14.0,50.0,7.0,2.0,0.0,2.0,13,29,7.0,0.0,Match Report,2021-03-03,19:00 (10:00),Ligue 1,Matchweek 28,Wed,Home,L,2.0,3.0,Lens,65.0,715.0,45.0,179.0,346.0,191.0,29.0,714.0,14.0,8.0,57.1,6.0,42.9,334.0,1575.0,807.0,12.0,4.0,2.0,19.0,9.0,475.0,47.0,Match Report,2021-03-03,19:00 (10:00),Ligue 1,Matchweek 28,Wed,Home,L,2.0,3.0,Lens,3,0,0,13,9,0,39,13,9,0.0,1.0,0,51.0,23.0,22.0,51.1,Match Report
2021-03-13,13:00 (04:00),Ligue 1,Matchweek 29,Sat,Away,W,1.0,0.0,Angers,1,7,3,42.9,0.14,0.33,14.3,0.0,0,0,0.8,0.8,0.11,0.2,0.2,Match Report,2021-03-13,13:00 (04:00),Ligue 1,Matchweek 29,Sat,Away,W,1.0,0.0,Angers,1,0,1,100.0,1,0.0,0.0,0,0,0,0,2.0,12.0,16.7,23.0,8.0,34.8,39.7,4.0,100.0,63.5,15.0,0.0,0.0,0.0,10.0,Match Report,2021-03-13,13:00 (04:00),Ligue 1,Matchweek 29,Sat,Away,W,1.0,0.0,Angers,366.0,495.0,73.9,6429.0,2313.0,171.0,200.0,85.5,134.0,169.0,79.3,46.0,100.0,46.0,1,0.6,0.6,6.0,25.0,4.0,1.0,33.0,Match Report,2021-03-13,13:00 (04:00),Ligue 1,Matchweek 29,Sat,Away,W,1.0,0.0,Angers,495.0,451.0,41.0,10.0,0.0,6.0,14,23.0,3.0,2.0,1.0,0.0,366.0,3.0,6.0,Match Report,2021-03-13,13:00 (04:00),Ligue 1,Matchweek 29,Sat,Away,W,1.0,0.0,Angers,13.0,6.0,2.0,3.0,0.0,0.0,2.0,2.0,1.0,0.0,1.0,0.0,0.0,0.0,Match Report,2021-03-13,13:00 (04:00),Ligue 1,Matchweek 29,Sat,Away,W,1.0,0.0,Angers,31.0,19,20.0,10.0,1.0,20.0,31.0,64.5,11.0,9.0,2.0,7.0,18,49,25.0,0.0,Match Report,2021-03-13,13:00 (04:00),Ligue 1,Matchweek 29,Sat,Away,W,1.0,0.0,Angers,46.0,642.0,53.0,263.0,294.0,94.0,12.0,642.0,22.0,10.0,45.5,12.0,54.5,316.0,2019.0,976.0,10.0,9.0,1.0,21.0,10.0,362.0,33.0,Match Report,2021-03-13,13:00 (04:00),Ligue 1,Matchweek 29,Sat,Away,W,1.0,0.0,Angers,2,0,0,14,8,3,14,18,19,0.0,0.0,0,76.0,15.0,10.0,60.0,Match Report
2021-03-19,21:00 (13:00),Ligue 1,Matchweek 30,Fri,Home,L,0.0,4.0,Monaco,0,9,3,33.3,0.0,0.0,18.5,2.0,0,0,0.5,0.5,0.05,-0.5,-0.5,Match Report,2021-03-19,21:00 (13:00),Ligue 1,Matchweek 30,Fri,Home,L,0.0,4.0,Monaco,4,4,0,0.0,0,1.6,-2.4,1,0,0,1,4.0,16.0,25.0,30.0,9.0,33.3,35.0,7.0,85.7,47.1,17.0,0.0,0.0,0.0,7.7,Match Report,2021-03-19,21:00 (13:00),Ligue 1,Matchweek 30,Fri,Home,L,0.0,4.0,Monaco,315.0,431.0,73.1,5461.0,1933.0,143.0,175.0,81.7,112.0,144.0,77.8,39.0,68.0,57.4,0,0.3,0.5,6.0,16.0,10.0,7.0,22.0,Match Report,2021-03-19,21:00 (13:00),Ligue 1,Matchweek 30,Fri,Home,L,0.0,4.0,Monaco,431.0,385.0,45.0,10.0,0.0,6.0,19,21.0,2.0,0.0,2.0,0.0,315.0,1.0,7.0,Match Report,2021-03-19,21:00 (13:00),Ligue 1,Matchweek 30,Fri,Home,L,0.0,4.0,Monaco,16.0,15.0,0.0,0.0,0.0,1.0,0.0,0.0,0.0,0.0,0.0,0.0,0.0,0.0,Match Report,2021-03-19,21:00 (13:00),Ligue 1,Matchweek 30,Fri,Home,L,0.0,4.0,Monaco,12.0,8,9.0,3.0,0.0,7.0,20.0,35.0,13.0,10.0,4.0,6.0,14,26,15.0,1.0,Match Report,2021-03-19,21:00 (13:00),Ligue 1,Matchweek 30,Fri,Home,L,0.0,4.0,Monaco,41.0,556.0,76.0,220.0,232.0,109.0,12.0,556.0,32.0,16.0,50.0,16.0,50.0,342.0,1851.0,687.0,8.0,9.0,1.0,22.0,8.0,313.0,22.0,Match Report,2021-03-19,21:00 (13:00),Ligue 1,Matchweek 30,Fri,Home,L,0.0,4.0,Monaco,1,0,0,7,10,1,19,14,8,0.0,1.0,0,70.0,9.0,12.0,42.9,Match Report
2021-04-04,17:05 (08:05),Ligue 1,Matchweek 31,Sun,Away,W,2.0,0.0,Nîmes,2,15,5,33.3,0.13,0.4,16.1,0.0,0,0,1.7,1.7,0.11,0.3,0.3,Match Report,2021-04-04,17:05 (08:05),Ligue 1,Matchweek 31,Sun,Away,W,2.0,0.0,Nîmes,3,0,2,100.0,1,1.1,1.1,1,0,1,0,4.0,14.0,28.6,15.0,1.0,60.0,44.1,9.0,55.6,47.4,10.0,0.0,0.0,0.0,5.5,Match Report,2021-04-04,17:05 (08:05),Ligue 1,Matchweek 31,Sun,Away,W,2.0,0.0,Nîmes,313.0,422.0,74.2,5443.0,2127.0,158.0,178.0,88.8,97.0,122.0,79.5,43.0,85.0,50.6,2,1.4,1.2,13.0,19.0,9.0,4.0,23.0,Match Report,2021-04-04,17:05 (08:05),Ligue 1,Matchweek 31,Sun,Away,W,2.0,0.0,Nîmes,422.0,369.0,52.0,13.0,0.0,5.0,19,26.0,3.0,1.0,1.0,1.0,313.0,1.0,14.0,Match Report,2021-04-04,17:05 (08:05),Ligue 1,Matchweek 31,Sun,Away,W,2.0,0.0,Nîmes,27.0,18.0,5.0,0.0,2.0,2.0,0.0,4.0,4.0,0.0,0.0,0.0,0.0,0.0,Match Report,2021-04-04,17:05 (08:05),Ligue 1,Matchweek 31,Sun,Away,W,2.0,0.0,Nîmes,23.0,14,11.0,11.0,1.0,6.0,17.0,35.3,11.0,10.0,5.0,5.0,14,37,20.0,0.0,Match Report,2021-04-04,17:05 (08:05),Ligue 1,Matchweek 31,Sun,Away,W,2.0,0.0,Nîmes,47.0,567.0,59.0,179.0,257.0,138.0,21.0,567.0,21.0,9.0,42.9,12.0,57.1,258.0,1445.0,723.0,18.0,13.0,3.0,25.0,10.0,312.0,23.0,Match Report,2021-04-04,17:05 (08:05),Ligue 1,Matchweek 31,Sun,Away,W,2.0,0.0,Nîmes,2,0,0,19,12,1,19,14,14,0.0,1.0,0,61.0,19.0,16.0,54.3,Match Report
2021-04-11,15:00 (06:00),Ligue 1,Matchweek 32,Sun,Home,W,4.0,1.0,Bordeaux,4,15,4,26.7,0.13,0.5,19.1,2.0,2,2,3.3,1.9,0.13,0.7,0.1,Match Report,2021-04-11,15:00 (06:00),Ligue 1,Matchweek 32,Sun,Home,W,4.0,1.0,Bordeaux,2,1,1,100.0,0,1.1,0.1,1,1,0,0,6.0,16.0,37.5,13.0,3.0,69.2,43.0,7.0,100.0,66.3,15.0,1.0,6.7,0.0,3.0,Match Report,2021-04-11,15:00 (06:00),Ligue 1,Matchweek 32,Sun,Home,W,4.0,1.0,Bordeaux,249.0,339.0,73.5,4407.0,1643.0,117.0,132.0,88.6,89.0,118.0,75.4,28.0,62.0,45.2,1,0.5,0.2,7.0,11.0,2.0,1.0,21.0,Match Report,2021-04-11,15:00 (06:00),Ligue 1,Matchweek 32,Sun,Home,W,4.0,1.0,Bordeaux,339.0,291.0,48.0,14.0,0.0,3.0,13,20.0,5.0,1.0,3.0,1.0,249.0,0.0,8.0,Match Report,2021-04-11,15:00 (06:00),Ligue 1,Matchweek 32,Sun,Home,W,4.0,1.0,Bordeaux,27.0,15.0,4.0,1.0,3.0,4.0,0.0,6.0,2.0,1.0,0.0,2.0,1.0,0.0,Match Report,2021-04-11,15:00 (06:00),Ligue 1,Matchweek 32,Sun,Home,W,4.0,1.0,Bordeaux,24.0,16,12.0,9.0,3.0,8.0,14.0,57.1,6.0,5.0,0.0,5.0,13,37,19.0,0.0,Match Report,2021-04-11,15:00 (06:00),Ligue 1,Matchweek 32,Sun,Home,W,4.0,1.0,Bordeaux,37.0,452.0,37.0,164.0,230.0,69.0,14.0,450.0,14.0,9.0,64.3,5.0,35.7,267.0,1548.0,829.0,20.0,14.0,3.0,14.0,6.0,248.0,21.0,Match Report,2021-04-11,15:00 (06:00),Ligue 1,Matchweek 32,Sun,Home,W,4.0,1.0,Bordeaux,3,0,0,12,16,0,13,13,16,1.0,1.0,0,45.0,17.0,19.0,47.2,Match Report
2021-04-18,13:00 (04:00),Ligue 1,Matchweek 33,Sun,Away,L,2.0,3.0,Paris S-G,2,7,5,71.4,0.29,0.4,14.8,0.0,0,0,1.2,1.2,0.18,0.8,0.8,Match Report,2021-04-18,13:00 (04:00),Ligue 1,Matchweek 33,Sun,Away,L,2.0,3.0,Paris S-G,5,3,2,60.0,0,3.1,0.1,1,1,0,0,7.0,18.0,38.9,16.0,3.0,62.5,42.1,9.0,88.9,62.6,25.0,0.0,0.0,1.0,15.7,Match Report,2021-04-18,13:00 (04:00),Ligue 1,Matchweek 33,Sun,Away,L,2.0,3.0,Paris S-G,219.0,304.0,72.0,4153.0,1813.0,107.0,126.0,84.9,70.0,83.0,84.3,34.0,69.0,49.3,1,0.6,0.4,5.0,10.0,4.0,1.0,16.0,Match Report,2021-04-18,13:00 (04:00),Ligue 1,Matchweek 33,Sun,Away,L,2.0,3.0,Paris S-G,304.0,255.0,45.0,12.0,0.0,6.0,15,17.0,3.0,2.0,1.0,0.0,219.0,4.0,10.0,Match Report,2021-04-18,13:00 (04:00),Ligue 1,Matchweek 33,Sun,Away,L,2.0,3.0,Paris S-G,12.0,7.0,2.0,2.0,1.0,0.0,0.0,3.0,2.0,0.0,0.0,1.0,0.0,0.0,Match Report,2021-04-18,13:00 (04:00),Ligue 1,Matchweek 33,Sun,Away,L,2.0,3.0,Paris S-G,17.0,10,12.0,4.0,1.0,9.0,22.0,40.9,13.0,15.0,4.0,11.0,18,35,36.0,1.0,Match Report,2021-04-18,13:00 (04:00),Ligue 1,Matchweek 33,Sun,Away,L,2.0,3.0,Paris S-G,29.0,451.0,62.0,214.0,179.0,63.0,15.0,451.0,22.0,10.0,45.5,12.0,54.5,174.0,1202.0,507.0,10.0,10.0,4.0,18.0,6.0,216.0,16.0,Match Report,2021-04-18,13:00 (04:00),Ligue 1,Matchweek 33,Sun,Away,L,2.0,3.0,Paris S-G,1,0,0,15,12,4,15,18,10,0.0,1.0,0,45.0,11.0,9.0,55.0,Match Report
2021-04-24,13:00 (04:00),Ligue 1,Matchweek 34,Sat,Home,L,1.0,2.0,Brest,1,6,3,50.0,0.17,0.33,13.4,0.0,0,0,0.9,0.9,0.15,0.1,0.1,Match Report,2021-04-24,13:00 (04:00),Ligue 1,Matchweek 34,Sat,Home,L,1.0,2.0,Brest,7,2,5,71.4,0,3.3,1.3,0,0,0,0,3.0,11.0,27.3,10.0,2.0,40.0,35.7,9.0,77.8,55.8,12.0,1.0,8.3,0.0,8.3,Match Report,2021-04-24,13:00 (04:00),Ligue 1,Matchweek 34,Sat,Home,L,1.0,2.0,Brest,288.0,380.0,75.8,5299.0,2195.0,127.0,147.0,86.4,104.0,120.0,86.7,40.0,79.0,50.6,0,0.6,0.6,5.0,23.0,8.0,5.0,26.0,Match Report,2021-04-24,13:00 (04:00),Ligue 1,Matchweek 34,Sat,Home,L,1.0,2.0,Brest,380.0,320.0,59.0,11.0,0.0,4.0,19,33.0,3.0,1.0,2.0,0.0,288.0,1.0,11.0,Match Report,2021-04-24,13:00 (04:00),Ligue 1,Matchweek 34,Sat,Home,L,1.0,2.0,Brest,10.0,9.0,1.0,0.0,0.0,0.0,0.0,0.0,0.0,0.0,0.0,0.0,0.0,0.0,Match Report,2021-04-24,13:00 (04:00),Ligue 1,Matchweek 34,Sat,Home,L,1.0,2.0,Brest,16.0,10,6.0,6.0,4.0,5.0,13.0,38.5,8.0,11.0,2.0,9.0,15,31,19.0,0.0,Match Report,2021-04-24,13:00 (04:00),Ligue 1,Matchweek 34,Sat,Home,L,1.0,2.0,Brest,44.0,515.0,48.0,164.0,213.0,143.0,20.0,515.0,24.0,10.0,41.7,14.0,58.3,259.0,1575.0,773.0,16.0,14.0,1.0,32.0,10.0,288.0,26.0,Match Report,2021-04-24,13:00 (04:00),Ligue 1,Matchweek 34,Sat,Home,L,1.0,2.0,Brest,2,0,0,17,11,1,19,15,10,0.0,0.0,0,52.0,20.0,10.0,66.7,Match Report
2021-05-02,17:05 (08:05),Ligue 1,Matchweek 35,Sun,Away,W,2.0,1.0,Montpellier,2,19,7,36.8,0.11,0.29,17.0,1.0,0,0,2.6,2.6,0.14,-0.6,-0.6,Match Report,2021-05-02,17:05 (08:05),Ligue 1,Matchweek 35,Sun,Away,W,2.0,1.0,Montpellier,2,1,1,50.0,0,0.6,-0.4,0,0,0,0,7.0,13.0,53.8,22.0,8.0,45.5,35.5,5.0,60.0,47.4,18.0,0.0,0.0,3.0,18.7,Match Report,2021-05-02,17:05 (08:05),Ligue 1,Matchweek 35,Sun,Away,W,2.0,1.0,Montpellier,406.0,500.0,81.2,7603.0,2999.0,170.0,194.0,87.6,176.0,198.0,88.9,52.0,85.0,61.2,2,1.8,1.6,12.0,27.0,6.0,0.0,33.0,Match Report,2021-05-02,17:05 (08:05),Ligue 1,Matchweek 35,Sun,Away,W,2.0,1.0,Montpellier,500.0,438.0,62.0,15.0,0.0,7.0,19,33.0,7.0,3.0,4.0,0.0,406.0,0.0,8.0,Match Report,2021-05-02,17:05 (08:05),Ligue 1,Matchweek 35,Sun,Away,W,2.0,1.0,Montpellier,30.0,17.0,4.0,3.0,2.0,4.0,0.0,4.0,3.0,0.0,1.0,0.0,0.0,0.0,Match Report,2021-05-02,17:05 (08:05),Ligue 1,Matchweek 35,Sun,Away,W,2.0,1.0,Montpellier,8.0,4,5.0,3.0,0.0,1.0,11.0,9.1,10.0,10.0,6.0,4.0,15,23,20.0,0.0,Match Report,2021-05-02,17:05 (08:05),Ligue 1,Matchweek 35,Sun,Away,W,2.0,1.0,Montpellier,55.0,617.0,52.0,177.0,323.0,124.0,26.0,617.0,22.0,11.0,50.0,11.0,50.0,413.0,1972.0,995.0,22.0,10.0,6.0,15.0,14.0,405.0,33.0,Match Report,2021-05-02,17:05 (08:05),Ligue 1,Matchweek 35,Sun,Away,W,2.0,1.0,Montpellier,1,0,0,12,15,0,19,15,4,0.0,0.0,0,43.0,23.0,16.0,59.0,Match Report
2021-05-09,13:00 (04:00),Ligue 1,Matchweek 36,Sun,Home,W,1.0,0.0,Marseille,1,18,5,27.8,0.06,0.2,18.7,1.0,0,0,1.4,1.4,0.08,-0.4,-0.4,Match Report,2021-05-09,13:00 (04:00),Ligue 1,Matchweek 36,Sun,Home,W,1.0,0.0,Marseille,4,0,4,100.0,1,1.0,1.0,0,0,0,0,7.0,23.0,30.4,25.0,3.0,68.0,48.5,8.0,75.0,54.1,18.0,2.0,11.1,2.0,19.8,Match Report,2021-05-09,13:00 (04:00),Ligue 1,Matchweek 36,Sun,Home,W,1.0,0.0,Marseille,262.0,355.0,73.8,5004.0,2196.0,107.0,125.0,85.6,107.0,128.0,83.6,39.0,85.0,45.9,1,1.3,0.3,16.0,16.0,2.0,0.0,17.0,Match Report,2021-05-09,13:00 (04:00),Ligue 1,Matchweek 36,Sun,Home,W,1.0,0.0,Marseille,355.0,300.0,53.0,14.0,0.0,3.0,17,20.0,10.0,5.0,1.0,0.0,262.0,2.0,2.0,Match Report,2021-05-09,13:00 (04:00),Ligue 1,Matchweek 36,Sun,Home,W,1.0,0.0,Marseille,34.0,18.0,7.0,4.0,2.0,2.0,1.0,2.0,1.0,0.0,1.0,0.0,0.0,0.0,Match Report,2021-05-09,13:00 (04:00),Ligue 1,Matchweek 36,Sun,Home,W,1.0,0.0,Marseille,15.0,8,7.0,8.0,0.0,8.0,25.0,32.0,17.0,13.0,3.0,10.0,9,24,20.0,0.0,Match Report,2021-05-09,13:00 (04:00),Ligue 1,Matchweek 36,Sun,Home,W,1.0,0.0,Marseille,45.0,476.0,67.0,185.0,203.0,100.0,14.0,476.0,24.0,14.0,58.3,10.0,41.7,255.0,1420.0,666.0,13.0,13.0,6.0,15.0,9.0,262.0,17.0,Match Report,2021-05-09,13:00 (04:00),Ligue 1,Matchweek 36,Sun,Home,W,1.0,0.0,Marseille,1,0,0,22,12,2,17,9,8,0.0,0.0,0,56.0,7.0,14.0,33.3,Match Report
2021-05-16,21:00 (12:00),Ligue 1,Matchweek 37,Sun,Away,D,0.0,0.0,Lille,0,8,1,12.5,0.0,0.0,19.3,0.0,0,0,0.4,0.4,0.04,-0.4,-0.4,Match Report,2021-05-16,21:00 (12:00),Ligue 1,Matchweek 37,Sun,Away,D,0.0,0.0,Lille,3,0,3,100.0,1,0.3,0.3,0,0,0,0,8.0,21.0,38.1,18.0,6.0,50.0,36.1,13.0,92.3,62.4,12.0,1.0,8.3,1.0,17.0,Match Report,2021-05-16,21:00 (12:00),Ligue 1,Matchweek 37,Sun,Away,D,0.0,0.0,Lille,340.0,446.0,76.2,6362.0,2550.0,138.0,164.0,84.1,145.0,169.0,85.8,46.0,83.0,55.4,0,0.2,0.3,5.0,14.0,4.0,1.0,19.0,Match Report,2021-05-16,21:00 (12:00),Ligue 1,Matchweek 37,Sun,Away,D,0.0,0.0,Lille,446.0,393.0,52.0,11.0,0.0,8.0,19,21.0,6.0,3.0,3.0,0.0,340.0,1.0,9.0,Match Report,2021-05-16,21:00 (12:00),Ligue 1,Matchweek 37,Sun,Away,D,0.0,0.0,Lille,11.0,10.0,1.0,0.0,0.0,0.0,0.0,0.0,0.0,0.0,0.0,0.0,0.0,0.0,Match Report,2021-05-16,21:00 (12:00),Ligue 1,Matchweek 37,Sun,Away,D,0.0,0.0,Lille,20.0,11,12.0,6.0,2.0,9.0,18.0,50.0,9.0,14.0,5.0,9.0,8,28,26.0,0.0,Match Report,2021-05-16,21:00 (12:00),Ligue 1,Matchweek 37,Sun,Away,D,0.0,0.0,Lille,41.0,578.0,68.0,258.0,241.0,85.0,13.0,578.0,18.0,8.0,44.4,10.0,55.6,236.0,1300.0,606.0,16.0,5.0,2.0,24.0,10.0,338.0,18.0,Match Report,2021-05-16,21:00 (12:00),Ligue 1,Matchweek 37,Sun,Away,D,0.0,0.0,Lille,2,0,0,14,11,1,19,8,11,0.0,0.0,0,50.0,13.0,18.0,41.9,Match Report
2021-05-23,21:00 (12:00),Ligue 1,Matchweek 38,Sun,Home,L,0.0,1.0,Dijon,0,19,5,26.3,0.0,0.0,18.7,0.0,0,0,1.3,1.3,0.07,-1.3,-1.3,Match Report,2021-05-23,21:00 (12:00),Ligue 1,Matchweek 38,Sun,Home,L,0.0,1.0,Dijon,2,1,1,50.0,0,0.5,-0.5,1,0,0,1,4.0,12.0,33.3,30.0,4.0,26.7,27.9,9.0,44.4,39.0,9.0,0.0,0.0,0.0,15.0,Match Report,2021-05-23,21:00 (12:00),Ligue 1,Matchweek 38,Sun,Home,L,0.0,1.0,Dijon,557.0,672.0,82.9,10454.0,3168.0,249.0,272.0,91.5,213.0,243.0,87.7,82.0,123.0,66.7,0,1.1,1.2,13.0,42.0,15.0,10.0,51.0,Match Report,2021-05-23,21:00 (12:00),Ligue 1,Matchweek 38,Sun,Home,L,0.0,1.0,Dijon,672.0,611.0,60.0,10.0,1.0,14.0,25,30.0,9.0,3.0,1.0,0.0,557.0,1.0,11.0,Match Report,2021-05-23,21:00 (12:00),Ligue 1,Matchweek 38,Sun,Home,L,0.0,1.0,Dijon,31.0,22.0,4.0,1.0,3.0,0.0,1.0,0.0,0.0,0.0,0.0,0.0,0.0,0.0,Match Report,2021-05-23,21:00 (12:00),Ligue 1,Matchweek 38,Sun,Home,L,0.0,1.0,Dijon,15.0,9,8.0,5.0,2.0,3.0,15.0,20.0,12.0,9.0,1.0,8.0,10,25,18.0,0.0,Match Report,2021-05-23,21:00 (12:00),Ligue 1,Matchweek 38,Sun,Home,L,0.0,1.0,Dijon,65.0,787.0,60.0,230.0,377.0,185.0,32.0,787.0,34.0,18.0,52.9,16.0,47.1,527.0,2218.0,1071.0,16.0,15.0,5.0,10.0,13.0,555.0,49.0,Match Report,2021-05-23,21:00 (12:00),Ligue 1,Matchweek 38,Sun,Home,L,0.0,1.0,Dijon,1,0,0,13,10,1,25,10,9,0.0,1.0,0,59.0,14.0,16.0,46.7,Match Report
,,,,,,--,,,,40,453,146,32.2,0.08,0.23,18.2,17.0,6,9,,,0.1,40.0,34.0,,,,,,,,--,,,,133,55,79,63.2,12,42.5,-9.5,9,6,1,2,149.0,452.0,33.0,855.0,185.0,32.7,34.3,276.0,62.3,48.4,513.0,21.0,4.1,20.0,13.3,,,,,,,,--,,,,13609.0,17666.0,77.0,244243.0,93333.0,6072.0,7028.0,86.4,5531.0,6605.0,83.7,1579.0,2986.0,52.9,28,,,330.0,934.0,228.0,87.0,1229.0,,,,,,,,--,,,,17666.0,15586.0,2031.0,523.0,12.0,174.0,807,949.0,191.0,82.0,83.0,3.0,13609.0,49.0,338.0,,,,,,,,--,,,,769.0,492.0,107.0,60.0,47.0,49.0,14.0,66.0,40.0,6.0,7.0,9.0,4.0,0.0,,,,,,,,--,,,,716.0,441,394.0,253.0,69.0,326.0,700.0,46.6,374.0,374.0,88.0,286.0,490,1187,665.0,10.0,,,,,,,,--,,,,,22250.0,2127.0,7691.0,10314.0,4484.0,676.0,22241.0,802.0,432.0,53.9,370.0,46.1,12165.0,67743.0,33862.0,615.0,437.0,130.0,715.0,363.0,13519.0,1218.0,,,,,,,,--,,,,77,2,0,541,499,52,807,490,441,5.0,9.0,2,2119.0,611.0,624.0,49.5,
